Футболист;Команда;Index;Минут на поле;Позиция;Голы;Передачи голевые;Голевые моменты;Голевые моменты удачные;Голевые моменты удачные. %;Голевые моменты создал;Фолы;Фолы на игроке;Голевые ошибки;Грубые ошибки;Желтые карточки;Красные карточки;Офсайды;Удары;Удары в створ;xG (ожидаемые голы);Передачи;Передачи точные. %;Передачи ключевые;Передачи ключевые точные. %;Навесы;Навесы точные. %;Передачи прогрессивные;Передачи прогрессивные точные. %;Передачи длинные;Передачи длинные точные. %;Передачи сверхдлинные;Передачи сверхдлинные точные. %;Передачи вперед в финальную треть;Передачи вперед в финальную треть точные. %;Передачи в штрафную;Передачи в штрафную точные. %;Потери;Потери мяча на своей половине;Обработки мяча неудачные;Овладевания мячом;Овладевания мячом на половине поля соперника;Ведения мяча;Единоборства;Единоборства удачные. %;Единоборства в обороне;Единоборства в обороне удачные. %;Единоборства в атаке;Единоборства в атаке удачные. %;Единоборства вверху;Единоборства вверху удачные. %;Обводки;Обводки удачные. %;Обводки в финальной трети поля;Обводки в финальной трети поля удачные. %;Отборы;Отборы удачные. %;Перехваты;Подборы;Матчей сыграно;Появление в стартовом составе;Был заменен;Вышел на замену;ТТД;ТТД удачные;ТТД удачные. %;Удары точные. %;Удары мимо;Удары перехваченные;Удары в штангу / перекладину;xA (ожидаемые передачи);xGPS (xG на удар);xGPG (xG на гол);xGC (конверсия xG);xGT (xG при игроке на поле);xGOPP (xG соперника при игроке на поле);NxG (чистый xG. разница xGT - xGOPP);xGD (оборонительный xG);xGDPS (оборонительный xG на удар);Передачи точные;Передачи ключевые точные;Навесы точные;Передачи прогрессивные точные;Передачи длинные точные;Передачи сверхдлинные точные;Передачи вперед в финальную треть точные;Передачи в штрафную точные;Единоборства удачные;Единоборства в обороне удачные;Единоборства в атаке удачные;Единоборства вверху удачные;Обводки удачные;Обводки в финальной трети поля удачные;Отборы удачные
Руслан Аюкин;КамАЗ Набережные Челны;233;100;ЗЛ;-;-;-;-;-;-;-;2.00;-;-;-;-;-;1.00;-;0.24;42.00;71 %;-;-;2.00;0 %;9.00;78 %;2.00;50 %;1.00;0 %;6.00;50 %;7.00;57 %;5.00;-;-;3.00;-;2.00;6.00;100 %;5.00;100 %;1.00;100 %;1.00;100 %;-;-;-;-;-;-;6.00;9.00;1;1.00;-;-;66.00;53.00;80 %;0 %;-;1.00;-;0.07;0.24;-;0.00;0.95;1.60;-0.65;-;-;30.00;-;-;7.00;1.00;-;3.00;4.00;6.00;5.00;1.00;1.00;-;-;-
Денис Фомин;Черноморец;239;100;З ПЦ;-;-;-;-;-;-;1.00;1.00;-;-;-;-;-;1.00;-;0.10;58.00;90 %;-;-;-;-;19.00;79 %;3.00;67 %;-;-;8.00;75 %;-;-;5.00;-;-;9.00;1.00;1.00;14.00;79 %;11.00;73 %;3.00;100 %;6.00;67 %;-;-;-;-;3.00;67 %;15.00;5.00;1;1.00;-;-;95.00;85.00;89 %;0 %;1.00;-;-;-;0.10;-;0.00;1.60;0.95;0.65;0.29;0.14;52.00;-;-;15.00;2.00;-;6.00;-;11.00;8.00;3.00;4.00;-;-;2.00
Александр Гаглоев;КамАЗ Набережные Челны;225;100;АП Л;-;-;-;-;-;1.00;2.00;2.00;-;-;1.00;-;1.00;2.00;1.00;0.08;26.00;54 %;-;-;6.00;50 %;5.00;80 %;-;-;-;-;4.00;75 %;14.00;57 %;10.00;1.00;1.00;2.00;1.00;1.00;18.00;22 %;8.00;25 %;10.00;20 %;1.00;0 %;3.00;33 %;2.00;50 %;2.00;0 %;6.00;4.00;1;1.00;-;-;59.00;31.00;53 %;50 %;-;1.00;-;0.54;0.04;-;0.00;0.95;1.60;-0.65;-;-;14.00;-;3.00;4.00;-;-;3.00;8.00;4.00;2.00;2.00;-;1.00;1.00;-
Виктор Гараев;Черноморец;239;100;З П;-;-;1.00;-;0 %;1.00;1.00;1.00;-;-;-;-;-;1.00;-;0.07;64.00;75 %;1.00;100 %;5.00;40 %;19.00;58 %;3.00;67 %;-;-;8.00;75 %;9.00;67 %;12.00;5.00;1.00;6.00;1.00;5.00;8.00;63 %;6.00;67 %;2.00;50 %;-;-;-;-;-;-;2.00;50 %;8.00;9.00;1;1.00;-;-;97.00;76.00;78 %;0 %;1.00;-;-;0.40;0.07;-;0.00;1.60;0.95;0.65;0.17;0.17;48.00;1.00;2.00;11.00;2.00;-;6.00;6.00;5.00;4.00;1.00;-;-;-;1.00
Алексей Гречкин;Черноморец;191;100;З ЛЦ;-;-;-;-;-;-;1.00;-;-;-;1.00;-;-;-;-;-;60.00;93 %;-;-;-;-;9.00;67 %;6.00;33 %;-;-;4.00;50 %;-;-;3.00;2.00;-;4.00;-;3.00;16.00;38 %;13.00;31 %;3.00;67 %;8.00;50 %;1.00;100 %;-;-;3.00;0 %;3.00;6.00;1;1.00;-;-;88.00;74.00;84 %;-;-;-;-;-;-;-;-;1.60;0.95;0.65;-;-;56.00;-;-;6.00;2.00;-;2.00;-;6.00;4.00;2.00;4.00;1.00;-;-
Иван Маклаков;Черноморец;216;100;ЗЛ;-;-;-;-;-;1.00;1.00;-;-;-;-;-;-;-;-;-;61.00;89 %;1.00;0 %;2.00;50 %;8.00;38 %;1.00;0 %;-;-;4.00;50 %;3.00;33 %;6.00;-;-;3.00;1.00;3.00;12.00;50 %;7.00;29 %;5.00;80 %;4.00;0 %;3.00;67 %;1.00;0 %;1.00;100 %;2.00;3.00;1;1.00;-;-;81.00;68.00;84 %;-;-;-;-;0.23;-;-;-;1.60;0.95;0.65;-;-;54.00;-;1.00;3.00;-;-;2.00;1.00;6.00;2.00;4.00;-;2.00;-;1.00
Валентин Пальцев;КамАЗ Набережные Челны;214;100;З ПЦ;-;-;1.00;-;0 %;-;1.00;1.00;-;1.00;-;-;1.00;2.00;1.00;0.35;36.00;83 %;-;-;-;-;9.00;78 %;3.00;0 %;2.00;0 %;6.00;50 %;-;-;5.00;2.00;1.00;10.00;-;-;12.00;75 %;10.00;70 %;2.00;100 %;5.00;100 %;-;-;-;-;1.00;0 %;5.00;8.00;1;1.00;-;-;65.00;54.00;83 %;50 %;-;1.00;-;-;0.17;-;0.00;0.95;1.60;-0.65;-;-;30.00;-;-;7.00;-;-;3.00;-;9.00;7.00;2.00;5.00;-;-;-
Савелий Ратников;КамАЗ Набережные Челны;209;100;З ЛЦ;-;-;-;-;-;-;1.00;-;-;1.00;-;-;-;-;-;-;18.00;72 %;-;-;-;-;4.00;0 %;2.00;0 %;1.00;0 %;2.00;0 %;-;-;5.00;2.00;-;7.00;1.00;1.00;11.00;82 %;10.00;80 %;1.00;100 %;1.00;0 %;-;-;-;-;2.00;100 %;7.00;4.00;1;1.00;-;-;42.00;35.00;83 %;-;-;-;-;-;-;-;-;0.95;1.60;-0.65;0.25;0.25;13.00;-;-;-;-;-;-;-;9.00;8.00;1.00;-;-;-;2.00
Даниил Родин;КамАЗ Набережные Челны;175;100;ЗП Ц;-;-;-;-;-;-;2.00;1.00;-;1.00;-;-;-;1.00;1.00;0.05;33.00;73 %;-;-;-;-;4.00;50 %;2.00;50 %;-;-;1.00;100 %;1.00;0 %;8.00;2.00;-;11.00;4.00;2.00;17.00;41 %;10.00;50 %;7.00;29 %;3.00;33 %;2.00;0 %;1.00;0 %;5.00;40 %;6.00;10.00;1;1.00;-;-;69.00;50.00;72 %;100 %;-;-;-;-;0.05;-;0.00;0.95;1.60;-0.65;-;-;24.00;-;-;2.00;1.00;-;1.00;-;7.00;5.00;2.00;1.00;-;-;2.00
Шамиль Саадуев;Черноморец;207;100;П ПЦ;-;-;-;-;-;2.00;2.00;3.00;-;1.00;-;-;-;2.00;-;0.14;36.00;75 %;2.00;100 %;3.00;33 %;8.00;88 %;-;-;-;-;1.00;0 %;7.00;57 %;11.00;2.00;-;2.00;-;5.00;22.00;41 %;3.00;33 %;19.00;42 %;2.00;50 %;6.00;67 %;4.00;50 %;-;-;4.00;6.00;1;1.00;-;-;75.00;51.00;68 %;0 %;1.00;1.00;-;0.66;0.07;-;0.00;1.60;0.95;0.65;-;-;27.00;2.00;1.00;7.00;-;-;-;4.00;9.00;1.00;8.00;1.00;4.00;2.00;-
Василий Алейников;Шинник;202;98;АП П;-;-;-;-;-;1.00;4.00;2.00;1.00;1.00;-;-;-;-;-;-;21.00;81 %;1.00;100 %;-;-;4.00;75 %;2.00;50 %;-;-;1.00;0 %;4.00;75 %;3.00;2.00;1.00;4.00;3.00;-;12.00;58 %;3.00;33 %;9.00;67 %;4.00;75 %;2.00;50 %;-;-;1.00;0 %;4.00;2.00;1;1.00;-;-;40.00;30.00;75 %;-;-;-;-;0.08;-;-;-;1.35;2.31;-0.96;0.08;0.08;17.00;1.00;-;3.00;1.00;-;-;3.00;7.00;1.00;6.00;3.00;1.00;-;-
Муталип Алибеков;Динамо Махачкала;203;98;З Ц;-;-;1.00;-;0 %;-;-;-;-;-;-;-;-;2.00;1.00;0.34;41.00;83 %;-;-;-;-;8.00;50 %;4.00;50 %;-;-;4.00;50 %;-;-;4.00;-;-;5.00;1.00;1.00;5.00;40 %;4.00;50 %;1.00;0 %;3.00;67 %;-;-;-;-;-;-;5.00;8.00;1;1.00;-;-;62.00;51.00;82 %;50 %;1.00;-;-;-;0.17;-;0.00;2.31;1.35;0.96;-;-;34.00;-;-;4.00;2.00;-;2.00;-;2.00;2.00;-;2.00;-;-;-
Никита Котин;Шинник;189;98;З ЛЦ;-;-;-;-;-;-;-;1.00;1.00;1.00;-;-;-;-;-;-;22.00;64 %;-;-;-;-;6.00;17 %;2.00;0 %;-;-;4.00;0 %;1.00;0 %;5.00;3.00;2.00;5.00;1.00;-;9.00;67 %;9.00;67 %;-;-;5.00;80 %;-;-;-;-;4.00;50 %;15.00;4.00;1;1.00;-;-;53.00;40.00;75 %;-;-;-;-;-;-;-;-;1.35;2.31;-0.96;0.29;0.14;14.00;-;-;1.00;-;-;-;-;6.00;6.00;-;4.00;-;-;2.00
Владимир Ковачевич;Динамо Махачкала;225;98;З ПЦ;-;-;-;-;-;-;-;2.00;-;-;-;-;-;-;-;-;52.00;85 %;-;-;1.00;100 %;18.00;83 %;1.00;100 %;-;-;9.00;89 %;3.00;67 %;2.00;1.00;-;15.00;3.00;3.00;17.00;65 %;14.00;71 %;3.00;33 %;10.00;70 %;-;-;-;-;2.00;0 %;13.00;6.00;1;1.00;-;-;91.00;77.00;85 %;-;-;-;-;-;-;-;-;2.31;1.35;0.96;-;-;44.00;-;1.00;15.00;1.00;-;8.00;2.00;11.00;10.00;1.00;7.00;-;-;-
Эгаш Касинтура;Динамо Махачкала;229;98;АП ЛЦ;-;1.00;-;-;-;4.00;1.00;5.00;-;-;-;-;-;-;-;-;34.00;82 %;2.00;100 %;2.00;50 %;6.00;50 %;2.00;50 %;1.00;0 %;4.00;50 %;5.00;60 %;11.00;2.00;2.00;-;-;6.00;33.00;42 %;3.00;0 %;30.00;47 %;7.00;14 %;13.00;62 %;10.00;70 %;-;-;1.00;8.00;1;1.00;-;-;84.00;57.00;68 %;-;-;-;-;1.29;-;-;-;2.31;1.35;0.96;-;-;28.00;2.00;1.00;3.00;1.00;-;2.00;3.00;14.00;-;14.00;1.00;8.00;7.00;-
Дмитрий Шадринцев;Шинник;199;98;ЗЛ;-;-;-;-;-;-;1.00;1.00;-;1.00;1.00;-;-;-;-;-;28.00;68 %;-;-;1.00;100 %;8.00;50 %;2.00;0 %;-;-;3.00;0 %;3.00;100 %;6.00;3.00;-;3.00;-;-;13.00;46 %;9.00;67 %;4.00;0 %;1.00;100 %;4.00;0 %;1.00;0 %;4.00;50 %;8.00;5.00;1;1.00;-;-;54.00;38.00;70 %;-;-;-;-;-;-;-;-;1.35;2.31;-0.96;-;-;19.00;-;1.00;4.00;-;-;-;3.00;6.00;6.00;-;1.00;-;-;2.00
Идар Шумахов;Динамо Махачкала;196;98;З ЛЦ;-;-;-;-;-;-;1.00;1.00;-;1.00;-;-;1.00;1.00;-;0.13;60.00;90 %;-;-;-;-;13.00;62 %;4.00;75 %;2.00;50 %;8.00;63 %;1.00;0 %;4.00;-;-;8.00;-;-;8.00;50 %;6.00;50 %;2.00;50 %;4.00;75 %;-;-;-;-;-;-;6.00;9.00;1;1.00;-;-;84.00;73.00;87 %;0 %;-;1.00;-;-;0.13;-;0.00;2.31;1.35;0.96;0.47;0.47;54.00;-;-;8.00;3.00;1.00;5.00;-;4.00;3.00;1.00;3.00;-;-;-
Эдуард Валиахметов;Шинник;171;98;З П;-;-;-;-;-;-;1.00;-;-;3.00;-;-;-;-;-;-;40.00;75 %;-;-;1.00;0 %;9.00;22 %;3.00;0 %;1.00;0 %;6.00;33 %;2.00;0 %;7.00;1.00;-;5.00;1.00;1.00;20.00;40 %;15.00;40 %;5.00;40 %;6.00;67 %;2.00;0 %;-;-;5.00;40 %;8.00;5.00;1;1.00;-;-;76.00;54.00;71 %;-;-;-;-;-;-;-;-;1.35;2.31;-0.96;0.18;0.06;30.00;-;-;2.00;-;-;2.00;-;8.00;6.00;2.00;4.00;-;-;2.00
Залимхан Юсупов;Динамо Махачкала;236;98;ЗП ПЦ;-;-;1.00;-;0 %;1.00;2.00;2.00;-;-;1.00;-;-;1.00;1.00;0.13;57.00;70 %;1.00;100 %;4.00;50 %;17.00;53 %;3.00;100 %;-;-;8.00;50 %;12.00;42 %;6.00;2.00;-;3.00;1.00;-;12.00;75 %;8.00;63 %;4.00;100 %;2.00;50 %;-;-;-;-;3.00;100 %;6.00;8.00;1;1.00;-;-;84.00;64.00;76 %;100 %;-;-;-;0.45;0.13;-;0.00;2.31;1.35;0.96;0.08;0.08;40.00;1.00;2.00;9.00;3.00;-;4.00;5.00;9.00;5.00;4.00;1.00;-;-;3.00
Дмитрий Гузь;Шинник;244;98;З ПЦ;-;-;-;-;-;-;3.00;1.00;-;-;1.00;-;-;-;-;-;33.00;88 %;-;-;-;-;7.00;86 %;4.00;75 %;1.00;0 %;4.00;75 %;-;-;2.00;1.00;-;9.00;-;1.00;13.00;85 %;11.00;91 %;2.00;50 %;10.00;90 %;-;-;-;-;2.00;50 %;12.00;5.00;1;1.00;-;-;65.00;59.00;91 %;-;-;-;-;-;-;-;-;1.35;2.31;-0.96;0.13;0.13;29.00;-;-;6.00;3.00;-;3.00;-;11.00;10.00;1.00;9.00;-;-;1.00
Вячеслав Бардыбахин;Енисей Красноярск;188;97;ЗЛ;-;-;-;-;-;-;1.00;-;1.00;2.00;-;-;-;1.00;-;0.04;43.00;81 %;-;-;1.00;0 %;5.00;80 %;1.00;0 %;-;-;4.00;50 %;1.00;0 %;6.00;2.00;1.00;7.00;2.00;-;15.00;40 %;8.00;38 %;7.00;43 %;5.00;60 %;-;-;-;-;4.00;25 %;7.00;9.00;1;1.00;-;-;77.00;57.00;74 %;0 %;1.00;-;-;0.28;0.04;-;0.00;1.50;1.81;-0.31;-;-;35.00;-;-;4.00;-;-;2.00;-;6.00;3.00;3.00;3.00;-;-;1.00
Дмитрий Бегун;СКА-Хабаровск;200;97;ЗЛ;-;-;-;-;-;1.00;1.00;2.00;1.00;1.00;-;-;-;1.00;-;0.10;48.00;75 %;1.00;100 %;1.00;100 %;7.00;43 %;2.00;50 %;1.00;0 %;4.00;50 %;2.00;50 %;8.00;2.00;-;7.00;1.00;3.00;22.00;64 %;10.00;70 %;12.00;58 %;7.00;71 %;7.00;43 %;3.00;33 %;2.00;50 %;5.00;5.00;1;1.00;-;-;84.00;63.00;75 %;0 %;1.00;-;-;0.10;0.10;-;0.00;1.81;1.50;0.31;-;-;36.00;1.00;1.00;3.00;1.00;-;2.00;1.00;14.00;7.00;7.00;5.00;3.00;1.00;1.00
Владимир Хозин;Енисей Красноярск;203;97;З ПЦ;-;-;1.00;-;0 %;-;1.00;1.00;-;1.00;-;-;-;1.00;-;0.17;39.00;74 %;-;-;-;-;12.00;67 %;5.00;0 %;2.00;0 %;8.00;25 %;1.00;0 %;8.00;2.00;-;13.00;2.00;-;17.00;71 %;14.00;71 %;3.00;67 %;8.00;75 %;1.00;100 %;-;-;3.00;67 %;6.00;8.00;1;1.00;-;-;71.00;55.00;77 %;0 %;1.00;-;-;-;0.17;-;0.00;1.50;1.81;-0.31;0.31;0.31;29.00;-;-;8.00;-;-;2.00;-;12.00;10.00;2.00;6.00;1.00;-;2.00
Валерий Кичин;Енисей Красноярск;217;97;З ЛЦ;-;-;-;-;-;1.00;1.00;-;-;-;-;-;-;1.00;-;0.01;33.00;88 %;-;-;-;-;9.00;67 %;4.00;100 %;1.00;100 %;4.00;75 %;-;-;4.00;2.00;-;8.00;3.00;1.00;14.00;57 %;12.00;58 %;2.00;50 %;7.00;57 %;-;-;-;-;3.00;33 %;9.00;5.00;1;1.00;-;-;63.00;52.00;83 %;0 %;1.00;-;-;0.19;0.01;-;0.00;1.50;1.81;-0.31;-;-;29.00;-;-;6.00;4.00;1.00;3.00;-;8.00;7.00;1.00;4.00;-;-;1.00
Олег Кожемякин;СКА-Хабаровск;207;97;З ПЦ;-;-;1.00;-;0 %;-;2.00;2.00;-;1.00;-;-;-;1.00;1.00;0.10;45.00;82 %;-;-;-;-;9.00;67 %;4.00;50 %;-;-;3.00;67 %;-;-;2.00;-;-;4.00;1.00;1.00;16.00;75 %;12.00;75 %;4.00;75 %;8.00;63 %;2.00;100 %;-;-;1.00;0 %;7.00;8.00;1;1.00;-;-;78.00;66.00;85 %;100 %;-;-;-;0.02;0.10;-;0.00;1.81;1.50;0.31;0.08;0.08;37.00;-;-;6.00;2.00;-;2.00;-;12.00;9.00;3.00;5.00;2.00;-;-
Олег Ланин;Енисей Красноярск;194;97;ЗП Ц;-;-;-;-;-;-;2.00;1.00;1.00;1.00;-;-;-;-;-;-;40.00;75 %;-;-;2.00;0 %;10.00;30 %;4.00;25 %;-;-;6.00;33 %;4.00;25 %;7.00;1.00;-;7.00;-;2.00;6.00;83 %;4.00;75 %;2.00;100 %;1.00;100 %;1.00;100 %;-;-;3.00;67 %;4.00;13.00;1;1.00;-;-;66.00;55.00;83 %;-;-;-;-;0.17;-;-;-;1.50;1.81;-0.31;-;-;30.00;-;-;3.00;1.00;-;2.00;1.00;5.00;3.00;2.00;1.00;1.00;-;2.00
Николай Марков;Енисей Красноярск;227;97;З П;1.00;-;2.00;1.00;50 %;-;-;-;-;1.00;-;-;-;2.00;1.00;0.14;32.00;75 %;-;-;1.00;0 %;6.00;67 %;1.00;0 %;-;-;4.00;100 %;2.00;50 %;3.00;1.00;-;6.00;2.00;-;9.00;33 %;8.00;38 %;1.00;0 %;3.00;0 %;-;-;-;-;2.00;50 %;4.00;2.00;1;1.00;-;-;49.00;34.00;69 %;50 %;-;1.00;-;-;0.07;0.14;7.14;1.50;1.81;-0.31;0.09;0.09;24.00;-;-;4.00;-;-;4.00;1.00;3.00;3.00;-;-;-;-;1.00
Андрей Никитин;СКА-Хабаровск;217;97;АП Л;-;-;1.00;-;0 %;1.00;1.00;2.00;-;-;1.00;-;-;4.00;2.00;0.43;18.00;89 %;-;-;1.00;0 %;2.00;100 %;-;-;-;-;2.00;100 %;2.00;50 %;9.00;3.00;1.00;-;-;6.00;14.00;50 %;1.00;0 %;13.00;54 %;3.00;0 %;6.00;83 %;4.00;100 %;-;-;1.00;3.00;1;1.00;-;-;47.00;35.00;74 %;50 %;2.00;-;-;-;0.11;-;0.00;1.81;1.50;0.31;-;-;16.00;-;-;2.00;-;-;2.00;1.00;7.00;-;7.00;-;5.00;4.00;-
Николай Покидышев;СКА-Хабаровск;196;97;З П;-;-;-;-;-;-;1.00;1.00;-;1.00;-;-;-;-;-;-;59.00;71 %;1.00;0 %;2.00;0 %;18.00;50 %;4.00;50 %;2.00;50 %;9.00;56 %;4.00;0 %;11.00;3.00;-;8.00;3.00;2.00;11.00;82 %;10.00;90 %;1.00;0 %;4.00;100 %;-;-;-;-;3.00;100 %;10.00;7.00;1;1.00;-;-;90.00;71.00;79 %;-;-;-;-;0.31;-;-;-;1.81;1.50;0.31;-;-;42.00;-;-;9.00;2.00;1.00;5.00;-;9.00;9.00;-;4.00;-;-;3.00
Никита Раздорских;Енисей Красноярск;229;97;П П;-;1.00;-;-;-;3.00;2.00;2.00;-;-;1.00;-;-;1.00;-;0.04;29.00;72 %;1.00;100 %;1.00;100 %;11.00;73 %;-;-;-;-;9.00;67 %;2.00;100 %;5.00;2.00;-;2.00;-;-;16.00;31 %;9.00;11 %;7.00;57 %;4.00;25 %;2.00;100 %;2.00;100 %;7.00;14 %;6.00;5.00;1;1.00;-;-;57.00;37.00;65 %;0 %;-;1.00;-;0.26;0.04;-;0.00;1.50;1.81;-0.31;0.02;0.02;21.00;1.00;1.00;8.00;-;-;6.00;2.00;5.00;1.00;4.00;1.00;2.00;2.00;1.00
Артем Симонян;СКА-Хабаровск;223;97;П ПЦ;-;1.00;-;-;-;-;1.00;3.00;-;-;-;-;-;-;-;-;36.00;72 %;2.00;50 %;-;-;5.00;40 %;-;-;-;-;4.00;75 %;5.00;60 %;7.00;1.00;1.00;2.00;1.00;2.00;10.00;70 %;4.00;75 %;6.00;67 %;5.00;60 %;2.00;100 %;2.00;100 %;2.00;100 %;3.00;5.00;1;1.00;-;-;57.00;43.00;75 %;-;-;-;-;0.32;-;-;-;1.81;1.50;0.31;-;-;26.00;1.00;-;2.00;-;-;3.00;3.00;7.00;3.00;4.00;3.00;2.00;2.00;2.00
Нури Абдоков;Кубань Краснодар;184;96;АП Ц;-;-;1.00;-;0 %;1.00;1.00;-;-;-;-;-;-;1.00;1.00;0.31;22.00;73 %;1.00;0 %;-;-;1.00;0 %;-;-;-;-;-;-;1.00;0 %;8.00;-;-;2.00;-;-;13.00;31 %;6.00;33 %;7.00;29 %;4.00;25 %;1.00;0 %;1.00;0 %;5.00;40 %;1.00;1.00;1;1.00;-;-;38.00;23.00;61 %;100 %;-;-;-;-;0.31;-;0.00;1.9;1.77;-0.68;-;-;16.00;-;-;-;-;-;-;-;4.00;2.00;2.00;1.00;-;-;2.00
Неманья Анджелкович;ФК Акрон Тольятти;190;96;З ПЦ;-;-;-;-;-;1.00;1.00;3.00;1.00;1.00;-;-;-;-;-;-;42.00;90 %;-;-;-;-;12.00;75 %;4.00;50 %;-;-;3.00;33 %;-;-;3.00;1.00;-;9.00;-;-;13.00;62 %;10.00;60 %;3.00;67 %;8.00;50 %;-;-;-;-;-;-;8.00;6.00;1;1.00;-;-;70.00;61.00;87 %;-;-;-;-;-;-;-;-;0.57;1.79;-1.22;0.12;0.12;38.00;-;-;9.00;2.00;-;1.00;-;8.00;6.00;2.00;4.00;-;-;-
Алан Багаев;Алания Владикавказ;231;96;З ЛЦ;-;-;1.00;-;0 %;1.00;1.00;1.00;-;1.00;-;-;-;1.00;-;0.22;39.00;82 %;-;-;1.00;0 %;10.00;50 %;2.00;0 %;1.00;0 %;7.00;43 %;2.00;50 %;7.00;4.00;-;14.00;3.00;1.00;18.00;83 %;15.00;80 %;3.00;100 %;6.00;100 %;2.00;100 %;1.00;100 %;3.00;100 %;11.00;12.00;1;1.00;-;-;86.00;75.00;87 %;0 %;-;-;1.00;0.22;0.22;-;0.00;1.77;1.9;0.68;0.31;0.31;32.00;-;-;5.00;-;-;3.00;1.00;15.00;12.00;3.00;6.00;2.00;1.00;3.00
Азат Байрыев;Кубань Краснодар;180;96;З ЛЦ;-;-;-;-;-;-;1.00;-;-;3.00;-;-;1.00;-;-;-;55.00;87 %;-;-;-;-;7.00;71 %;-;-;-;-;2.00;50 %;1.00;0 %;7.00;3.00;-;5.00;1.00;1.00;8.00;50 %;3.00;100 %;5.00;20 %;5.00;40 %;-;-;-;-;-;-;9.00;5.00;1;1.00;-;-;78.00;67.00;86 %;-;-;-;-;-;-;-;-;1.9;1.77;-0.68;0.44;0.15;48.00;-;-;5.00;-;-;1.00;-;4.00;3.00;1.00;2.00;-;-;-
Руслан Байтуков;Тюмень;192;96;З ПЦ;-;-;-;-;-;-;2.00;-;-;-;-;-;-;-;-;-;61.00;84 %;-;-;-;-;15.00;53 %;6.00;50 %;1.00;100 %;9.00;56 %;5.00;60 %;6.00;3.00;1.00;5.00;1.00;2.00;15.00;20 %;10.00;0 %;5.00;60 %;7.00;29 %;-;-;-;-;1.00;0 %;3.00;11.00;1;1.00;-;-;93.00;70.00;75 %;-;-;-;-;-;-;-;-;1.79;0.57;1.22;0.17;0.06;51.00;-;-;8.00;3.00;1.00;5.00;3.00;3.00;-;3.00;2.00;-;-;-
Александр Бем;Тюмень;238;96;З П;-;-;-;-;-;1.00;1.00;-;-;-;1.00;-;-;-;-;-;52.00;87 %;1.00;100 %;3.00;67 %;7.00;57 %;1.00;100 %;-;-;3.00;67 %;6.00;50 %;6.00;3.00;1.00;10.00;6.00;2.00;11.00;45 %;6.00;50 %;5.00;40 %;4.00;50 %;-;-;-;-;2.00;100 %;9.00;6.00;1;1.00;-;-;81.00;67.00;83 %;-;-;-;-;0.37;-;-;-;1.79;0.57;1.22;0.08;0.08;45.00;1.00;2.00;4.00;1.00;-;2.00;3.00;5.00;3.00;2.00;2.00;-;-;2.00
Иван Чудин;ФК Акрон Тольятти;195;96;ЗП ПЦ;-;-;-;-;-;-;2.00;1.00;1.00;1.00;-;-;-;-;-;-;43.00;91 %;-;-;-;-;6.00;67 %;1.00;100 %;-;-;1.00;100 %;-;-;5.00;1.00;-;5.00;1.00;2.00;17.00;59 %;7.00;43 %;10.00;70 %;5.00;60 %;4.00;75 %;-;-;2.00;50 %;3.00;10.00;1;1.00;-;-;75.00;64.00;85 %;-;-;-;-;-;-;-;-;0.57;1.79;-1.22;0.47;0.16;39.00;-;-;4.00;1.00;-;1.00;-;10.00;3.00;7.00;3.00;3.00;-;1.00
Егор Данилкин;ФК Акрон Тольятти;227;96;З ЛЦ;-;-;-;-;-;-;1.00;2.00;-;-;-;-;-;-;-;-;63.00;92 %;-;-;-;-;8.00;88 %;4.00;50 %;2.00;50 %;1.00;100 %;1.00;100 %;2.00;1.00;-;10.00;1.00;-;9.00;89 %;8.00;88 %;1.00;100 %;3.00;100 %;-;-;-;-;2.00;50 %;5.00;10.00;1;1.00;-;-;87.00;81.00;93 %;-;-;-;-;-;-;-;-;0.57;1.79;-1.22;0.14;0.14;58.00;-;-;7.00;2.00;1.00;1.00;1.00;8.00;7.00;1.00;3.00;-;-;1.00
Николай Гиоргобиани;Алания Владикавказ;207;96;АП Л;-;-;2.00;-;0 %;1.00;1.00;4.00;-;-;1.00;-;-;2.00;1.00;0.43;31.00;58 %;2.00;50 %;1.00;0 %;8.00;63 %;-;-;-;-;3.00;67 %;3.00;33 %;13.00;-;2.00;2.00;1.00;2.00;18.00;39 %;5.00;20 %;13.00;46 %;5.00;40 %;2.00;100 %;-;-;5.00;20 %;2.00;3.00;1;1.00;-;-;60.00;33.00;55 %;50 %;1.00;-;-;0.45;0.21;-;0.00;1.77;1.9;0.68;-;-;18.00;1.00;-;5.00;-;-;2.00;1.00;7.00;1.00;6.00;2.00;2.00;-;1.00
Азамат Гурфов;Кубань Краснодар;195;96;АП Ц;-;-;1.00;-;0 %;-;2.00;-;-;-;-;-;-;1.00;1.00;0.09;55.00;78 %;2.00;0 %;1.00;100 %;12.00;67 %;3.00;33 %;-;-;6.00;50 %;6.00;67 %;9.00;3.00;-;1.00;-;6.00;17.00;41 %;3.00;33 %;14.00;43 %;6.00;67 %;3.00;33 %;2.00;0 %;2.00;0 %;-;9.00;1;1.00;-;-;90.00;68.00;76 %;100 %;-;-;-;0.37;0.09;-;0.00;1.9;1.77;-0.68;-;-;43.00;-;1.00;8.00;1.00;-;3.00;4.00;7.00;1.00;6.00;4.00;1.00;-;-
Вадим Конюхов;ФК Акрон Тольятти;211;96;ЗЛ;-;-;-;-;-;-;-;2.00;-;-;-;-;1.00;-;-;-;47.00;74 %;-;-;5.00;20 %;6.00;33 %;6.00;67 %;3.00;67 %;6.00;33 %;3.00;33 %;14.00;6.00;3.00;6.00;2.00;3.00;11.00;64 %;7.00;71 %;4.00;50 %;3.00;33 %;1.00;100 %;-;-;1.00;100 %;1.00;4.00;1;1.00;-;-;70.00;51.00;73 %;-;-;-;-;-;-;-;-;0.57;1.79;-1.22;0.16;0.16;35.00;-;1.00;2.00;4.00;2.00;2.00;1.00;7.00;5.00;2.00;1.00;1.00;-;1.00
Гаррик Левин;Кубань Краснодар;181;96;АП П;-;-;1.00;-;0 %;-;-;-;-;-;-;-;-;3.00;2.00;0.43;18.00;67 %;-;-;2.00;50 %;3.00;33 %;-;-;-;-;-;-;2.00;0 %;6.00;1.00;1.00;2.00;1.00;1.00;15.00;40 %;7.00;71 %;8.00;13 %;6.00;33 %;-;-;-;-;3.00;100 %;1.00;5.00;1;1.00;-;-;44.00;27.00;61 %;67 %;1.00;-;-;0.15;0.14;-;0.00;1.9;1.77;-0.68;-;-;12.00;-;1.00;1.00;-;-;-;-;6.00;5.00;1.00;2.00;-;-;3.00
Гиорги Махатадзе;Кубань Краснодар;217;96;ЗП ПЦ;-;-;-;-;-;2.00;1.00;2.00;-;1.00;-;-;-;1.00;-;0.03;85.00;87 %;1.00;100 %;1.00;100 %;23.00;78 %;10.00;70 %;3.00;33 %;14.00;64 %;7.00;43 %;9.00;2.00;-;6.00;2.00;3.00;19.00;63 %;6.00;17 %;13.00;85 %;3.00;33 %;7.00;71 %;2.00;50 %;3.00;33 %;6.00;7.00;1;1.00;-;-;121.00;102.00;84 %;0 %;-;1.00;-;0.31;0.03;-;0.00;1.9;1.77;-0.68;-;-;74.00;1.00;1.00;18.00;7.00;1.00;9.00;3.00;12.00;1.00;11.00;1.00;5.00;1.00;1.00
Никита Печенкин;Тюмень;240;96;З ЛЦ;-;-;-;-;-;-;1.00;-;-;-;1.00;-;-;-;-;-;44.00;89 %;-;-;-;-;7.00;71 %;1.00;0 %;1.00;0 %;4.00;75 %;-;-;3.00;1.00;-;11.00;-;2.00;21.00;62 %;15.00;73 %;6.00;33 %;13.00;77 %;-;-;-;-;4.00;50 %;4.00;6.00;1;1.00;-;-;78.00;65.00;83 %;-;-;-;-;0.60;-;-;-;1.79;0.57;1.22;0.05;0.03;39.00;-;-;5.00;-;-;3.00;-;13.00;11.00;2.00;10.00;-;-;2.00
Константин Плиев;Алания Владикавказ;193;96;З ПЦ;-;-;-;-;-;-;-;-;-;1.00;-;-;-;-;-;-;39.00;95 %;-;-;-;-;8.00;88 %;6.00;67 %;1.00;0 %;1.00;0 %;-;-;3.00;2.00;-;5.00;-;-;6.00;67 %;4.00;50 %;2.00;100 %;2.00;50 %;1.00;100 %;-;-;1.00;100 %;6.00;5.00;1;1.00;-;-;57.00;53.00;93 %;-;-;-;-;-;-;-;-;1.77;1.9;0.68;0.07;0.04;37.00;-;-;7.00;4.00;-;-;-;4.00;2.00;2.00;1.00;1.00;-;1.00
Денис Самойлов;Тюмень;216;96;ЗП ПЦ;-;-;-;-;-;-;4.00;1.00;-;-;-;-;-;1.00;-;0.09;55.00;89 %;-;-;-;-;8.00;88 %;2.00;50 %;-;-;4.00;75 %;1.00;100 %;5.00;1.00;1.00;6.00;4.00;5.00;14.00;43 %;10.00;40 %;4.00;50 %;4.00;25 %;1.00;100 %;-;-;6.00;50 %;3.00;18.00;1;1.00;-;-;98.00;82.00;84 %;0 %;1.00;-;-;-;0.09;-;0.00;1.79;0.57;1.22;-;-;49.00;-;-;7.00;1.00;-;3.00;1.00;6.00;4.00;2.00;1.00;1.00;-;3.00
Константин Савичев;ФК Акрон Тольятти;214;96;З П;-;-;1.00;-;0 %;1.00;1.00;1.00;-;1.00;-;-;-;1.00;1.00;0.75;39.00;95 %;1.00;100 %;1.00;0 %;2.00;100 %;1.00;100 %;-;-;2.00;100 %;3.00;67 %;3.00;1.00;-;9.00;1.00;2.00;13.00;46 %;11.00;55 %;2.00;0 %;3.00;67 %;-;-;-;-;3.00;67 %;8.00;4.00;1;1.00;-;-;68.00;59.00;87 %;100 %;-;-;-;-;0.75;-;0.00;0.57;1.79;-1.22;0.03;0.03;37.00;1.00;-;2.00;1.00;-;2.00;2.00;6.00;6.00;-;2.00;-;-;2.00
Давид Шавлохов;Алания Владикавказ;232;96;ЗЛ;-;-;1.00;-;0 %;-;1.00;2.00;-;-;-;-;-;2.00;1.00;0.13;39.00;67 %;-;-;2.00;0 %;10.00;50 %;5.00;40 %;1.00;100 %;9.00;67 %;2.00;0 %;8.00;3.00;-;6.00;2.00;2.00;17.00;76 %;12.00;75 %;5.00;80 %;6.00;83 %;3.00;100 %;1.00;100 %;2.00;50 %;5.00;8.00;1;1.00;-;-;73.00;55.00;75 %;50 %;1.00;-;-;0.18;0.07;-;0.00;1.77;1.9;0.68;0.07;0.04;26.00;-;-;5.00;2.00;1.00;6.00;-;13.00;9.00;4.00;5.00;3.00;1.00;1.00
Виталий Шитов;Тюмень;209;96;АП П;-;-;-;-;-;-;3.00;4.00;-;-;1.00;-;-;1.00;-;0.15;34.00;62 %;1.00;0 %;2.00;0 %;4.00;25 %;3.00;67 %;-;-;2.00;50 %;9.00;44 %;14.00;5.00;-;6.00;3.00;1.00;20.00;35 %;9.00;33 %;11.00;36 %;6.00;33 %;4.00;50 %;1.00;100 %;4.00;50 %;3.00;7.00;1;1.00;-;-;67.00;40.00;60 %;0 %;-;1.00;-;0.42;0.15;-;0.00;1.79;0.57;1.22;0.03;0.03;21.00;-;-;1.00;2.00;-;1.00;4.00;7.00;3.00;4.00;2.00;2.00;1.00;2.00
Антон Синяк;Тюмень;271;96;ЗЛ;1.00;1.00;1.00;1.00;100 %;2.00;-;-;-;-;-;-;-;1.00;1.00;0.15;47.00;87 %;-;-;6.00;50 %;2.00;100 %;1.00;100 %;-;-;2.00;100 %;8.00;75 %;5.00;-;1.00;6.00;2.00;1.00;14.00;57 %;9.00;56 %;5.00;60 %;5.00;60 %;2.00;50 %;2.00;50 %;2.00;100 %;2.00;8.00;1;1.00;-;-;74.00;61.00;82 %;100 %;-;-;-;0.44;0.15;0.15;6.67;1.79;0.57;1.22;-;-;41.00;-;3.00;2.00;1.00;-;2.00;6.00;8.00;5.00;3.00;3.00;1.00;1.00;2.00
Сослан Таказов;Кубань Краснодар;197;96;З ПЦ;-;-;-;-;-;-;2.00;1.00;-;-;1.00;-;-;1.00;-;0.06;57.00;89 %;-;-;-;-;13.00;77 %;3.00;67 %;1.00;0 %;5.00;60 %;1.00;100 %;3.00;1.00;-;10.00;2.00;-;16.00;38 %;13.00;38 %;3.00;33 %;7.00;57 %;-;-;-;-;6.00;0 %;10.00;19.00;1;1.00;-;-;105.00;88.00;84 %;0 %;-;1.00;-;-;0.06;-;0.00;1.9;1.77;-0.68;0.11;0.06;51.00;-;-;10.00;2.00;-;3.00;1.00;6.00;5.00;1.00;4.00;-;-;-
Иван Темников;Кубань Краснодар;205;96;З П;-;-;-;-;-;1.00;3.00;-;-;-;-;-;-;2.00;-;0.03;66.00;70 %;2.00;50 %;7.00;0 %;13.00;31 %;4.00;25 %;-;-;5.00;60 %;7.00;29 %;10.00;4.00;-;5.00;1.00;2.00;6.00;50 %;3.00;67 %;3.00;33 %;-;-;-;-;-;-;3.00;67 %;4.00;11.00;1;1.00;-;-;91.00;66.00;73 %;0 %;2.00;-;-;0.71;0.01;-;0.00;1.9;1.77;-0.68;-;-;46.00;1.00;-;4.00;1.00;-;3.00;2.00;3.00;2.00;1.00;-;-;-;2.00
Ибрагим Цаллагов;Алания Владикавказ;235;96;ЗП ЛЦ;-;-;-;-;-;-;-;-;-;-;-;-;-;3.00;-;0.03;35.00;86 %;-;-;-;-;13.00;85 %;2.00;50 %;1.00;0 %;9.00;78 %;2.00;100 %;3.00;1.00;-;9.00;5.00;-;13.00;62 %;11.00;64 %;2.00;50 %;5.00;20 %;-;-;-;-;5.00;100 %;5.00;8.00;1;1.00;-;-;64.00;51.00;80 %;0 %;3.00;-;-;-;0.01;-;0.00;1.77;1.9;0.68;-;-;30.00;-;-;11.00;1.00;-;7.00;2.00;8.00;7.00;1.00;1.00;-;-;5.00
Ислам Жилов;Кубань Краснодар;181;96;ЗЛ;-;-;-;-;-;-;1.00;1.00;1.00;3.00;-;-;-;-;-;-;42.00;93 %;-;-;-;-;6.00;83 %;1.00;0 %;1.00;0 %;4.00;75 %;1.00;100 %;3.00;1.00;1.00;3.00;1.00;6.00;11.00;45 %;6.00;33 %;5.00;60 %;2.00;50 %;4.00;75 %;1.00;0 %;1.00;0 %;3.00;2.00;1;1.00;-;-;65.00;55.00;85 %;-;-;-;-;-;-;-;-;1.9;1.77;-0.68;0.38;0.19;39.00;-;-;5.00;-;-;3.00;1.00;5.00;2.00;3.00;1.00;3.00;-;-
Андрей Анисимов;ФК Волгарь;204;95;ЗП Ц;-;-;-;-;-;-;1.00;2.00;-;-;-;-;-;-;-;-;39.00;82 %;-;-;1.00;100 %;10.00;60 %;2.00;100 %;1.00;100 %;6.00;83 %;3.00;67 %;3.00;-;1.00;5.00;1.00;-;12.00;58 %;8.00;63 %;4.00;50 %;2.00;50 %;1.00;0 %;-;-;3.00;67 %;6.00;6.00;1;1.00;-;-;64.00;51.00;80 %;-;-;-;-;0.05;-;-;-;0.40;0.57;-0.17;0.10;0.05;32.00;-;1.00;6.00;2.00;1.00;5.00;2.00;7.00;5.00;2.00;1.00;-;-;2.00
Артур Гилязетдинов;ФК Волгарь;225;95;З П;-;-;-;-;-;-;3.00;2.00;-;1.00;-;-;-;-;-;-;49.00;82 %;-;-;1.00;0 %;10.00;90 %;2.00;50 %;1.00;0 %;7.00;71 %;4.00;100 %;8.00;3.00;1.00;6.00;1.00;2.00;20.00;55 %;7.00;57 %;13.00;54 %;4.00;75 %;4.00;75 %;3.00;67 %;4.00;75 %;6.00;10.00;1;1.00;-;-;88.00;69.00;78 %;-;-;-;-;-;-;-;-;0.40;0.57;-0.17;0.22;0.11;40.00;-;-;9.00;1.00;-;5.00;4.00;11.00;4.00;7.00;3.00;3.00;2.00;3.00
Петар Голубович;Химки;239;95;З ПЦ;-;-;-;-;-;-;-;2.00;-;-;-;-;-;2.00;1.00;0.02;79.00;80 %;-;-;2.00;0 %;20.00;65 %;6.00;67 %;-;-;10.00;70 %;5.00;20 %;9.00;2.00;-;13.00;4.00;2.00;13.00;77 %;10.00;90 %;3.00;33 %;5.00;80 %;1.00;0 %;1.00;0 %;3.00;100 %;13.00;8.00;1;1.00;-;-;118.00;98.00;83 %;50 %;-;1.00;-;-;0.01;-;0.00;0.57;0.40;0.17;0.16;0.05;63.00;-;-;13.00;4.00;-;7.00;1.00;10.00;9.00;1.00;4.00;-;-;3.00
Иван Хомуха;ФК Волгарь;207;95;З ПЦ;-;-;-;-;-;-;-;-;-;-;-;-;-;-;-;-;38.00;84 %;-;-;-;-;8.00;63 %;2.00;0 %;-;-;3.00;33 %;-;-;5.00;2.00;1.00;12.00;2.00;2.00;11.00;64 %;7.00;57 %;4.00;75 %;7.00;71 %;-;-;-;-;-;-;13.00;8.00;1;1.00;-;-;74.00;63.00;85 %;-;-;-;-;-;-;-;-;0.40;0.57;-0.17;0.01;0.01;32.00;-;-;5.00;-;-;1.00;-;7.00;4.00;3.00;5.00;-;-;-
Хетаг Хосонов;Химки;171;95;ЗП ЛЦ;-;-;-;-;-;-;2.00;1.00;-;-;-;-;-;-;-;-;47.00;62 %;1.00;0 %;3.00;0 %;13.00;38 %;2.00;100 %;-;-;6.00;33 %;8.00;25 %;15.00;3.00;-;6.00;1.00;1.00;17.00;29 %;7.00;43 %;10.00;20 %;4.00;0 %;2.00;100 %;1.00;100 %;3.00;67 %;3.00;5.00;1;1.00;-;-;73.00;43.00;59 %;-;-;-;-;0.01;-;-;-;0.57;0.40;0.17;-;-;29.00;-;-;5.00;2.00;-;2.00;2.00;5.00;3.00;2.00;-;2.00;1.00;2.00
Данил Кленкин;ФК Волгарь;196;95;П ПЦ;-;-;-;-;-;1.00;1.00;1.00;-;-;-;-;1.00;-;-;-;29.00;86 %;1.00;100 %;1.00;0 %;6.00;67 %;2.00;100 %;-;-;4.00;75 %;1.00;100 %;7.00;2.00;1.00;1.00;1.00;1.00;16.00;38 %;3.00;0 %;13.00;46 %;6.00;50 %;2.00;100 %;-;-;-;-;5.00;5.00;1;1.00;-;-;58.00;43.00;74 %;-;-;-;-;0.02;-;-;-;0.40;0.57;-0.17;-;-;25.00;1.00;-;4.00;2.00;-;3.00;1.00;6.00;-;6.00;3.00;2.00;-;-
Равиль Нетфуллин;Химки;179;95;ЗП ПЦ;-;-;-;-;-;-;2.00;-;-;-;-;-;-;2.00;-;0.05;49.00;78 %;-;-;2.00;50 %;10.00;40 %;1.00;0 %;-;-;6.00;50 %;3.00;33 %;8.00;2.00;2.00;2.00;1.00;2.00;12.00;42 %;6.00;33 %;6.00;50 %;4.00;25 %;1.00;100 %;1.00;100 %;3.00;67 %;2.00;3.00;1;1.00;-;-;72.00;50.00;69 %;0 %;-;2.00;-;0.09;0.03;-;0.00;0.57;0.40;0.17;-;-;38.00;-;1.00;4.00;-;-;3.00;1.00;5.00;2.00;3.00;1.00;1.00;1.00;2.00
Павел Шакуро;ФК Волгарь;225;95;ЗЛ;-;-;-;-;-;1.00;2.00;1.00;-;-;-;-;-;-;-;-;52.00;79 %;1.00;0 %;4.00;50 %;12.00;58 %;4.00;25 %;2.00;0 %;8.00;50 %;7.00;57 %;9.00;1.00;1.00;5.00;1.00;4.00;13.00;62 %;7.00;57 %;6.00;67 %;2.00;100 %;2.00;50 %;1.00;0 %;1.00;0 %;5.00;8.00;1;1.00;-;-;84.00;67.00;80 %;-;-;-;-;0.11;-;-;-;0.40;0.57;-0.17;0.03;0.03;41.00;-;2.00;7.00;1.00;-;4.00;4.00;8.00;4.00;4.00;2.00;1.00;-;-
Денис Ткачук;ФК Волгарь;221;95;АП П;-;-;-;-;-;1.00;3.00;3.00;-;-;1.00;-;1.00;3.00;-;0.08;34.00;62 %;3.00;33 %;5.00;20 %;7.00;71 %;3.00;67 %;-;-;7.00;57 %;12.00;33 %;10.00;2.00;3.00;2.00;1.00;2.00;25.00;48 %;7.00;29 %;18.00;56 %;11.00;36 %;4.00;75 %;3.00;67 %;2.00;0 %;3.00;4.00;1;1.00;-;-;74.00;42.00;57 %;0 %;2.00;1.00;-;0.14;0.03;-;0.00;0.40;0.57;-0.17;-;-;21.00;1.00;1.00;5.00;2.00;-;4.00;4.00;12.00;2.00;10.00;4.00;3.00;2.00;-
Сергей Варатынов;Химки;203;95;З ЛЦ;-;-;-;-;-;-;1.00;1.00;-;2.00;-;-;-;-;-;-;74.00;92 %;-;-;-;-;22.00;82 %;6.00;67 %;1.00;100 %;4.00;50 %;2.00;50 %;3.00;-;-;9.00;-;1.00;21.00;67 %;19.00;68 %;2.00;50 %;10.00;70 %;1.00;100 %;-;-;7.00;71 %;5.00;12.00;1;1.00;-;-;113.00;100.00;89 %;-;-;-;-;0.01;-;-;-;0.57;0.40;0.17;0.16;0.08;68.00;-;-;18.00;4.00;1.00;2.00;1.00;14.00;13.00;1.00;7.00;1.00;-;5.00
Захар Волков;Химки;207;95;З Ц;-;-;-;-;-;-;2.00;1.00;-;1.00;-;-;-;-;-;-;58.00;91 %;-;-;-;-;12.00;92 %;1.00;100 %;-;-;3.00;100 %;-;-;1.00;1.00;-;13.00;1.00;2.00;24.00;63 %;18.00;56 %;6.00;83 %;10.00;80 %;2.00;100 %;1.00;100 %;4.00;25 %;15.00;13.00;1;1.00;-;-;113.00;99.00;88 %;-;-;-;-;-;-;-;-;0.57;0.40;0.17;0.03;0.03;53.00;-;-;11.00;1.00;-;3.00;-;15.00;10.00;5.00;8.00;2.00;1.00;1.00
Илья Зуев;ФК Волгарь;242;95;З ЛЦ;-;-;1.00;-;0 %;-;-;-;-;-;-;-;1.00;1.00;-;0.11;42.00;86 %;-;-;-;-;16.00;69 %;5.00;60 %;1.00;100 %;6.00;83 %;-;-;4.00;2.00;-;14.00;-;-;7.00;86 %;5.00;100 %;2.00;50 %;4.00;100 %;1.00;0 %;-;-;-;-;15.00;11.00;1;1.00;-;-;76.00;68.00;89 %;0 %;1.00;-;-;-;0.11;-;0.00;0.40;0.57;-0.17;-;-;36.00;-;-;11.00;3.00;1.00;5.00;-;6.00;5.00;1.00;4.00;-;-;-
Астемир Абазов;Сокол Саратов;218;94;З ЛЦ;-;-;-;-;-;-;-;2.00;-;1.00;-;-;-;1.00;-;0.14;55.00;87 %;-;-;-;-;11.00;64 %;6.00;67 %;2.00;0 %;7.00;86 %;-;-;3.00;1.00;-;12.00;2.00;4.00;18.00;78 %;10.00;90 %;8.00;63 %;8.00;88 %;2.00;50 %;1.00;100 %;2.00;50 %;8.00;7.00;1;1.00;-;-;93.00;81.00;87 %;0 %;1.00;-;-;-;0.14;-;0.00;0.66;0.90;-0.24;0.36;0.18;48.00;-;-;7.00;4.00;-;6.00;-;14.00;9.00;5.00;7.00;1.00;1.00;1.00
Кирилл Большаков;Арсенал Тула;246;94;З ЛЦ;-;-;-;-;-;1.00;-;1.00;-;-;-;-;-;-;-;-;47.00;87 %;1.00;100 %;-;-;17.00;76 %;7.00;71 %;1.00;100 %;6.00;83 %;-;-;2.00;-;-;10.00;2.00;5.00;10.00;90 %;9.00;89 %;1.00;100 %;6.00;83 %;-;-;-;-;-;-;5.00;7.00;1;1.00;-;-;74.00;67.00;91 %;-;-;-;-;-;-;-;-;2.3;0.42;1.61;-;-;41.00;1.00;-;13.00;5.00;1.00;5.00;-;9.00;8.00;1.00;5.00;-;-;-
Сергей Бородин;Торпедо Москва;195;94;З ЛЦ;-;-;-;-;-;-;2.00;-;-;1.00;-;-;-;-;-;-;35.00;63 %;-;-;-;-;12.00;25 %;7.00;57 %;1.00;100 %;5.00;40 %;-;-;5.00;2.00;-;11.00;1.00;-;27.00;78 %;25.00;76 %;2.00;100 %;11.00;82 %;-;-;-;-;8.00;88 %;8.00;12.00;1;1.00;-;-;82.00;63.00;77 %;-;-;-;-;-;-;-;-;0.42;2.3;-1.61;0.64;0.16;22.00;-;-;3.00;4.00;1.00;2.00;-;21.00;19.00;2.00;9.00;-;-;7.00
Марио Чурич;Торпедо Москва;171;94;ЗП ЛЦ;-;-;-;-;-;-;2.00;2.00;-;1.00;1.00;-;-;-;-;-;20.00;75 %;-;-;-;-;6.00;67 %;1.00;100 %;1.00;100 %;4.00;75 %;4.00;25 %;3.00;2.00;1.00;1.00;-;2.00;15.00;33 %;10.00;40 %;5.00;20 %;2.00;50 %;4.00;25 %;1.00;0 %;4.00;50 %;4.00;2.00;1;1.00;-;-;44.00;28.00;64 %;-;-;-;-;-;-;-;-;0.42;2.3;-1.61;0.05;0.03;15.00;-;-;4.00;1.00;1.00;3.00;1.00;5.00;4.00;1.00;1.00;1.00;-;2.00
Иван Енин;Торпедо Москва;193;94;З ПЦ;-;-;-;-;-;-;-;-;-;1.00;-;-;-;-;-;-;37.00;81 %;-;-;-;-;8.00;63 %;4.00;75 %;-;-;5.00;60 %;-;-;1.00;1.00;-;3.00;-;-;13.00;69 %;12.00;67 %;1.00;100 %;5.00;60 %;-;-;-;-;2.00;50 %;7.00;9.00;1;1.00;-;-;67.00;56.00;84 %;-;-;-;-;-;-;-;-;0.42;2.3;-1.61;0.42;0.21;30.00;-;-;5.00;3.00;-;3.00;-;9.00;8.00;1.00;3.00;-;-;1.00
Андрей Евдокимов;Сокол Саратов;221;94;З ПЦ;-;-;-;-;-;-;-;2.00;1.00;2.00;-;-;-;-;-;-;74.00;88 %;-;-;-;-;17.00;65 %;8.00;50 %;-;-;5.00;40 %;-;-;6.00;2.00;-;27.00;3.00;1.00;27.00;81 %;23.00;83 %;4.00;75 %;17.00;76 %;1.00;0 %;-;-;-;-;21.00;7.00;1;1.00;-;-;131.00;117.00;89 %;-;-;-;-;0.02;-;-;-;0.66;0.90;-0.24;0.56;0.28;65.00;-;-;11.00;4.00;-;2.00;-;22.00;19.00;3.00;13.00;-;-;-
Данила Ежков;Сокол Саратов;190;94;АП Ц;-;-;-;-;-;-;4.00;-;-;-;-;-;1.00;-;-;-;23.00;65 %;-;-;1.00;0 %;5.00;40 %;-;-;-;-;3.00;33 %;1.00;0 %;15.00;1.00;-;-;-;1.00;32.00;22 %;6.00;33 %;26.00;19 %;13.00;15 %;5.00;40 %;2.00;50 %;1.00;0 %;-;3.00;1;1.00;-;-;59.00;26.00;44 %;-;-;-;-;0.04;-;-;-;0.66;0.90;-0.24;-;-;15.00;-;-;2.00;-;-;1.00;-;7.00;2.00;5.00;2.00;2.00;1.00;-
Ишхан Гелоян;Арсенал Тула;261;94;АП Л;1.00;-;3.00;1.00;33 %;1.00;-;2.00;-;-;-;-;-;4.00;3.00;0.77;23.00;87 %;1.00;100 %;1.00;100 %;6.00;83 %;1.00;100 %;-;-;4.00;75 %;1.00;100 %;6.00;-;-;2.00;1.00;4.00;21.00;43 %;1.00;100 %;20.00;40 %;8.00;25 %;5.00;60 %;2.00;50 %;1.00;100 %;5.00;1.00;1;1.00;-;-;58.00;42.00;72 %;75 %;1.00;-;-;0.47;0.19;0.77;1.30;2.3;0.42;1.61;-;-;20.00;1.00;1.00;5.00;1.00;-;3.00;1.00;9.00;1.00;8.00;2.00;3.00;1.00;1.00
Ян Гудков;Сокол Саратов;222;94;ЗЛ;-;-;-;-;-;-;1.00;4.00;-;-;-;-;-;1.00;1.00;0.03;39.00;69 %;-;-;3.00;33 %;8.00;50 %;4.00;0 %;1.00;0 %;5.00;40 %;6.00;33 %;10.00;2.00;-;12.00;-;2.00;27.00;81 %;18.00;78 %;9.00;89 %;7.00;100 %;3.00;67 %;3.00;67 %;4.00;75 %;10.00;4.00;1;1.00;-;-;84.00;67.00;80 %;100 %;-;-;-;0.06;0.03;-;0.00;0.66;0.90;-0.24;0.02;0.02;27.00;-;1.00;4.00;-;-;2.00;2.00;22.00;14.00;8.00;7.00;2.00;2.00;3.00
Валерий Каптилов;Ленинградец;208;94;З ЛЦ;-;-;-;-;-;-;1.00;-;-;-;-;-;-;-;-;-;38.00;68 %;-;-;2.00;50 %;12.00;42 %;5.00;20 %;-;-;9.00;33 %;4.00;25 %;5.00;-;-;13.00;3.00;6.00;20.00;65 %;18.00;72 %;2.00;0 %;9.00;56 %;-;-;-;-;6.00;67 %;6.00;8.00;1;1.00;-;-;79.00;60.00;76 %;-;-;-;-;-;-;-;-;0.90;0.66;0.24;0.07;0.02;26.00;-;1.00;5.00;1.00;-;3.00;1.00;13.00;13.00;-;5.00;-;-;4.00
Максим Кайнов;Арсенал Тула;236;94;ЗП Ц;-;-;1.00;-;0 %;1.00;1.00;2.00;-;-;-;-;-;3.00;1.00;0.11;31.00;87 %;-;-;1.00;0 %;5.00;60 %;1.00;100 %;-;-;1.00;100 %;2.00;0 %;3.00;-;1.00;8.00;2.00;2.00;19.00;68 %;13.00;62 %;6.00;83 %;13.00;77 %;1.00;100 %;1.00;100 %;1.00;0 %;4.00;6.00;1;1.00;-;-;66.00;53.00;80 %;33 %;1.00;1.00;-;-;0.04;-;0.00;2.3;0.42;1.61;0.16;0.08;27.00;-;-;3.00;1.00;-;1.00;-;13.00;8.00;5.00;10.00;1.00;1.00;-
Руслан Казаков;Ленинградец;206;94;ЗП ЛЦ;-;-;-;-;-;-;2.00;2.00;-;-;-;-;-;-;-;-;37.00;68 %;-;-;2.00;50 %;7.00;86 %;1.00;100 %;-;-;5.00;80 %;4.00;75 %;5.00;1.00;-;3.00;-;1.00;15.00;60 %;7.00;57 %;8.00;63 %;8.00;50 %;1.00;100 %;1.00;100 %;2.00;50 %;4.00;4.00;1;1.00;-;-;61.00;43.00;70 %;-;-;-;-;0.32;-;-;-;0.90;0.66;0.24;0.02;0.02;25.00;-;1.00;6.00;1.00;-;4.00;3.00;9.00;4.00;5.00;4.00;1.00;1.00;1.00
Андрей Хитяев;Ленинградец;238;94;ЗП Л;-;1.00;-;-;-;1.00;2.00;-;-;-;1.00;-;-;1.00;-;0.01;53.00;58 %;1.00;100 %;9.00;33 %;9.00;44 %;2.00;50 %;-;-;6.00;33 %;11.00;27 %;10.00;1.00;1.00;5.00;3.00;4.00;12.00;50 %;9.00;44 %;3.00;67 %;2.00;50 %;1.00;100 %;-;-;4.00;25 %;7.00;5.00;1;1.00;-;-;83.00;53.00;64 %;0 %;-;1.00;-;0.56;0.01;-;0.00;0.90;0.66;0.24;-;-;31.00;1.00;3.00;4.00;1.00;-;2.00;3.00;6.00;4.00;2.00;1.00;1.00;-;1.00
Александр Коротков;Арсенал Тула;246;94;З П;-;-;-;-;-;1.00;-;-;-;-;-;-;-;1.00;-;0.01;53.00;81 %;1.00;100 %;4.00;50 %;10.00;50 %;2.00;50 %;-;-;7.00;71 %;8.00;63 %;7.00;1.00;2.00;7.00;3.00;2.00;21.00;67 %;11.00;73 %;10.00;60 %;9.00;89 %;1.00;0 %;-;-;2.00;100 %;3.00;10.00;1;1.00;-;-;92.00;72.00;78 %;0 %;-;1.00;-;0.24;0.01;-;0.00;2.3;0.42;1.61;0.03;0.03;43.00;1.00;2.00;5.00;1.00;-;5.00;5.00;14.00;8.00;6.00;8.00;-;-;2.00
Сергей Костин;Ленинградец;226;94;З Ц;-;-;-;-;-;-;1.00;2.00;-;-;-;-;-;-;-;-;44.00;77 %;-;-;-;-;10.00;50 %;6.00;50 %;-;-;7.00;43 %;-;-;3.00;-;-;7.00;-;2.00;18.00;78 %;15.00;80 %;3.00;67 %;8.00;88 %;-;-;-;-;2.00;50 %;7.00;3.00;1;1.00;-;-;74.00;60.00;81 %;-;-;-;-;-;-;-;-;0.90;0.66;0.24;0.09;0.09;34.00;-;-;5.00;3.00;-;3.00;-;14.00;12.00;2.00;7.00;-;-;1.00
Владислав Левин;Арсенал Тула;216;94;П ПЦ;-;-;1.00;-;0 %;1.00;-;5.00;-;-;-;-;-;1.00;-;0.17;61.00;82 %;-;-;2.00;0 %;14.00;79 %;5.00;60 %;-;-;9.00;78 %;7.00;57 %;6.00;1.00;-;7.00;3.00;2.00;11.00;55 %;3.00;67 %;8.00;50 %;4.00;75 %;3.00;67 %;3.00;67 %;1.00;100 %;3.00;20.00;1;1.00;-;-;98.00;81.00;83 %;0 %;1.00;-;-;0.09;0.17;-;0.00;2.3;0.42;1.61;0.01;0.01;50.00;-;-;11.00;3.00;-;7.00;4.00;6.00;2.00;4.00;3.00;2.00;2.00;1.00
Ираклий Манелов;Торпедо Москва;239;94;П Л;1.00;-;1.00;1.00;100 %;2.00;3.00;2.00;-;-;-;-;-;2.00;1.00;0.16;18.00;78 %;1.00;100 %;-;-;1.00;100 %;-;-;-;-;-;-;1.00;100 %;10.00;1.00;2.00;2.00;1.00;-;25.00;24 %;9.00;33 %;16.00;19 %;10.00;20 %;4.00;25 %;1.00;0 %;3.00;33 %;2.00;7.00;1;1.00;-;-;56.00;30.00;54 %;50 %;-;1.00;-;0.26;0.08;0.16;6.25;0.42;2.3;-1.61;-;-;14.00;1.00;-;1.00;-;-;-;1.00;6.00;3.00;3.00;2.00;1.00;-;1.00
Владислав Микушин;Ленинградец;215;94;З ПЦ;-;-;-;-;-;-;-;2.00;-;-;-;-;-;-;-;-;35.00;77 %;-;-;1.00;0 %;12.00;58 %;2.00;50 %;-;-;10.00;50 %;2.00;0 %;7.00;2.00;1.00;12.00;2.00;2.00;17.00;59 %;10.00;70 %;7.00;43 %;11.00;45 %;1.00;100 %;-;-;1.00;100 %;13.00;8.00;1;1.00;-;-;77.00;61.00;79 %;-;-;-;-;-;-;-;-;0.90;0.66;0.24;0.35;0.07;27.00;-;-;7.00;1.00;-;5.00;-;10.00;7.00;3.00;5.00;1.00;-;1.00
Артём Молодцов;Сокол Саратов;208;94;З П;-;-;-;-;-;-;2.00;1.00;-;-;1.00;-;-;-;-;-;68.00;82 %;-;-;-;-;14.00;71 %;9.00;67 %;-;-;12.00;67 %;3.00;67 %;5.00;-;-;1.00;-;2.00;10.00;60 %;4.00;50 %;6.00;67 %;4.00;75 %;-;-;-;-;2.00;100 %;8.00;5.00;1;1.00;-;-;93.00;77.00;83 %;-;-;-;-;-;-;-;-;0.66;0.90;-0.24;-;-;56.00;-;-;10.00;6.00;-;8.00;2.00;6.00;2.00;4.00;3.00;-;-;2.00
Владимир Москвичёв;Торпедо Москва;207;94;ЗП ПЦ;-;-;-;-;-;-;6.00;-;-;-;-;-;-;1.00;-;0.01;21.00;76 %;-;-;1.00;0 %;6.00;100 %;1.00;100 %;-;-;3.00;100 %;-;-;6.00;3.00;1.00;4.00;1.00;-;22.00;55 %;14.00;50 %;8.00;63 %;7.00;29 %;-;-;-;-;6.00;67 %;8.00;7.00;1;1.00;-;-;60.00;43.00;72 %;0 %;-;1.00;-;-;0.01;-;0.00;0.42;2.3;-1.61;0.22;0.07;16.00;-;-;6.00;1.00;-;3.00;-;12.00;7.00;5.00;2.00;-;-;4.00
Сергей Николаев;Ленинградец;222;94;ЗП П;-;-;-;-;-;-;-;-;-;-;-;-;-;2.00;1.00;0.03;49.00;78 %;-;-;3.00;0 %;15.00;67 %;6.00;83 %;1.00;100 %;10.00;90 %;5.00;80 %;3.00;-;-;9.00;5.00;2.00;11.00;55 %;7.00;43 %;4.00;75 %;3.00;100 %;-;-;-;-;3.00;33 %;9.00;10.00;1;1.00;-;-;84.00;67.00;80 %;50 %;1.00;-;-;-;0.01;-;0.00;0.90;0.66;0.24;0.11;0.11;38.00;-;-;10.00;5.00;1.00;9.00;4.00;6.00;3.00;3.00;3.00;-;-;1.00
Джонатан Теофилис Окоронкво;Арсенал Тула;188;94;Ф Ц;-;-;2.00;-;0 %;-;-;2.00;-;-;-;-;2.00;4.00;2.00;0.86;20.00;60 %;-;-;1.00;0 %;4.00;50 %;-;-;-;-;2.00;0 %;1.00;0 %;16.00;3.00;2.00;-;-;3.00;36.00;25 %;4.00;25 %;32.00;25 %;11.00;18 %;4.00;0 %;2.00;0 %;1.00;100 %;-;3.00;1;1.00;-;-;68.00;29.00;43 %;50 %;2.00;-;-;0.05;0.21;-;0.00;2.3;0.42;1.61;-;-;12.00;-;-;2.00;-;-;-;-;9.00;1.00;8.00;2.00;-;-;1.00
Алексей Померко;Арсенал Тула;199;94;З ПЦ;-;-;-;-;-;-;1.00;1.00;-;1.00;-;-;-;-;-;-;54.00;93 %;-;-;-;-;12.00;83 %;4.00;50 %;1.00;100 %;7.00;100 %;-;-;3.00;1.00;-;8.00;3.00;1.00;10.00;50 %;7.00;57 %;3.00;33 %;2.00;0 %;-;-;-;-;3.00;67 %;11.00;12.00;1;1.00;-;-;88.00;79.00;90 %;-;-;-;-;-;-;-;-;2.3;0.42;1.61;-;-;50.00;-;-;10.00;2.00;1.00;7.00;-;5.00;4.00;1.00;-;-;-;2.00
Никита Розманов;Ленинградец;212;94;АП ПЦ;-;-;-;-;-;-;4.00;-;-;-;-;-;-;3.00;1.00;0.09;20.00;80 %;-;-;-;-;4.00;100 %;1.00;100 %;-;-;1.00;100 %;1.00;100 %;9.00;-;4.00;4.00;1.00;3.00;27.00;30 %;11.00;36 %;16.00;25 %;4.00;0 %;2.00;0 %;-;-;5.00;60 %;1.00;9.00;1;1.00;-;-;67.00;38.00;57 %;33 %;1.00;1.00;-;-;0.03;-;0.00;0.90;0.66;0.24;-;-;16.00;-;-;4.00;1.00;-;1.00;1.00;8.00;4.00;4.00;-;-;-;3.00
Евгений Шляков;Торпедо Москва;176;94;З П;-;-;-;-;-;-;1.00;-;1.00;2.00;-;-;-;1.00;-;0.02;43.00;65 %;-;-;2.00;50 %;11.00;27 %;4.00;25 %;-;-;5.00;20 %;4.00;25 %;10.00;4.00;1.00;9.00;1.00;2.00;22.00;68 %;19.00;68 %;3.00;67 %;7.00;100 %;1.00;0 %;1.00;0 %;6.00;67 %;5.00;8.00;1;1.00;-;-;83.00;59.00;71 %;0 %;1.00;-;-;-;0.02;-;0.00;0.42;2.3;-1.61;-;-;28.00;-;1.00;3.00;1.00;-;1.00;1.00;15.00;13.00;2.00;7.00;-;-;4.00
Жозе Ерды Рейна Санчез;Торпедо Москва;189;94;Ф ЛЦ;-;-;-;-;-;-;2.00;3.00;-;-;-;-;-;1.00;1.00;0.03;22.00;55 %;1.00;0 %;2.00;0 %;9.00;44 %;3.00;67 %;1.00;100 %;4.00;75 %;7.00;29 %;10.00;3.00;-;-;-;4.00;19.00;42 %;5.00;20 %;14.00;50 %;1.00;0 %;4.00;50 %;3.00;67 %;-;-;2.00;3.00;1;1.00;-;-;51.00;30.00;59 %;100 %;-;-;-;0.14;0.03;-;0.00;0.42;2.3;-1.61;0.01;0.01;12.00;-;-;4.00;2.00;1.00;3.00;2.00;8.00;1.00;7.00;-;2.00;2.00;-
Алексей Герасимов;Нефтехимик Нижнекамск;194;93;З Ц;-;-;-;-;-;-;1.00;-;1.00;1.00;-;-;-;-;-;-;55.00;95 %;1.00;0 %;-;-;4.00;75 %;5.00;60 %;1.00;100 %;3.00;33 %;-;-;3.00;-;-;8.00;1.00;3.00;9.00;78 %;6.00;83 %;3.00;67 %;4.00;50 %;-;-;-;-;2.00;100 %;5.00;6.00;1;1.00;-;-;78.00;73.00;94 %;-;-;-;-;-;-;-;-;0.11;1.33;-1.22;-;-;52.00;-;-;3.00;3.00;1.00;1.00;-;7.00;5.00;2.00;2.00;-;-;2.00
Астемир Гордюшенко;Родина Москва;251;93;П Л;1.00;1.00;1.00;1.00;100 %;2.00;-;1.00;-;-;-;-;-;3.00;2.00;0.14;40.00;70 %;1.00;100 %;1.00;100 %;9.00;33 %;3.00;100 %;1.00;100 %;4.00;75 %;7.00;43 %;10.00;4.00;-;1.00;-;1.00;14.00;36 %;2.00;0 %;12.00;42 %;2.00;0 %;4.00;50 %;3.00;33 %;2.00;0 %;2.00;8.00;1;1.00;-;-;68.00;46.00;68 %;67 %;-;1.00;-;0.70;0.05;0.14;7.14;1.33;0.11;1.22;-;-;28.00;1.00;1.00;3.00;3.00;1.00;3.00;3.00;5.00;-;5.00;-;2.00;1.00;-
Александр Кахидзе;Нефтехимик Нижнекамск;234;93;ЗП П;-;-;-;-;-;-;-;-;-;-;-;-;-;-;-;-;39.00;82 %;-;-;1.00;0 %;7.00;57 %;6.00;67 %;1.00;100 %;5.00;60 %;2.00;50 %;5.00;-;-;3.00;1.00;2.00;9.00;67 %;5.00;80 %;4.00;50 %;4.00;75 %;3.00;67 %;1.00;0 %;2.00;50 %;3.00;6.00;1;1.00;-;-;59.00;49.00;83 %;-;-;-;-;-;-;-;-;0.11;1.33;-1.22;-;-;32.00;-;-;4.00;4.00;1.00;3.00;1.00;6.00;4.00;2.00;3.00;2.00;-;1.00
Александр Клещенко;Родина Москва;251;93;З ЛЦ;-;-;-;-;-;1.00;1.00;2.00;-;-;-;-;-;1.00;-;0.07;64.00;92 %;1.00;100 %;-;-;11.00;73 %;3.00;33 %;1.00;0 %;2.00;50 %;3.00;67 %;2.00;-;-;7.00;-;3.00;13.00;85 %;10.00;90 %;3.00;67 %;7.00;71 %;1.00;100 %;-;-;3.00;100 %;4.00;11.00;1;1.00;-;-;96.00;88.00;92 %;0 %;1.00;-;-;0.09;0.07;-;0.00;1.33;0.11;1.22;-;-;59.00;1.00;-;8.00;1.00;-;1.00;2.00;11.00;9.00;2.00;5.00;1.00;-;3.00
Давид Кокоев;Нефтехимик Нижнекамск;170;93;ЗП ПЦ;-;-;-;-;-;-;-;2.00;-;-;-;-;-;2.00;-;0.09;43.00;77 %;-;-;3.00;33 %;11.00;82 %;-;-;-;-;2.00;100 %;7.00;43 %;8.00;1.00;-;6.00;2.00;1.00;9.00;44 %;6.00;50 %;3.00;33 %;-;-;1.00;100 %;-;-;3.00;33 %;7.00;7.00;1;1.00;-;-;69.00;52.00;75 %;0 %;1.00;1.00;-;-;0.04;-;0.00;0.11;1.33;-1.22;0.01;0.01;33.00;-;1.00;9.00;-;-;2.00;3.00;4.00;3.00;1.00;-;1.00;-;1.00
Митджа Кризан;Родина Москва;244;93;З ПЦ;-;-;-;-;-;-;1.00;-;-;-;-;-;-;-;-;-;82.00;87 %;-;-;-;-;26.00;58 %;6.00;67 %;-;-;17.00;59 %;2.00;0 %;9.00;2.00;-;11.00;-;4.00;16.00;81 %;11.00;82 %;5.00;80 %;7.00;71 %;2.00;50 %;-;-;3.00;100 %;12.00;6.00;1;1.00;-;-;120.00;106.00;88 %;-;-;-;-;-;-;-;-;1.33;0.11;1.22;0.04;0.04;71.00;-;-;15.00;4.00;-;10.00;-;13.00;9.00;4.00;5.00;1.00;-;3.00
Александр Ломакин;Енисей Красноярск;220;93;АП Ц;1.00;1.00;1.00;1.00;100 %;1.00;1.00;1.00;1.00;1.00;1.00;-;-;2.00;1.00;0.14;38.00;66 %;1.00;100 %;4.00;25 %;9.00;78 %;3.00;33 %;-;-;3.00;67 %;11.00;36 %;2.00;-;1.00;2.00;1.00;2.00;13.00;23 %;7.00;14 %;6.00;33 %;4.00;25 %;1.00;0 %;-;-;4.00;0 %;3.00;3.00;1;1.00;1.00;-;62.00;37.00;60 %;50 %;-;1.00;-;0.66;0.07;0.14;7.14;1.46;1.61;-0.15;-;-;25.00;1.00;1.00;7.00;1.00;-;2.00;4.00;3.00;1.00;2.00;1.00;-;-;-
Уэсли Ната Вачхолз;Родина Москва;238;93;ЗП ЛЦ;-;-;-;-;-;-;1.00;1.00;-;-;-;-;-;1.00;-;0.02;48.00;85 %;-;-;-;-;7.00;29 %;2.00;50 %;-;-;2.00;50 %;2.00;0 %;4.00;1.00;-;5.00;1.00;5.00;11.00;64 %;8.00;50 %;3.00;100 %;-;-;2.00;100 %;-;-;5.00;40 %;8.00;3.00;1;1.00;-;-;76.00;64.00;84 %;0 %;-;1.00;-;-;0.02;-;0.00;1.33;0.11;1.22;-;-;41.00;-;-;2.00;1.00;-;1.00;-;7.00;4.00;3.00;-;2.00;-;2.00
Данила Сагуткин;Нефтехимик Нижнекамск;186;93;З ПЦ;-;-;-;-;-;-;2.00;-;1.00;2.00;1.00;-;-;-;-;-;59.00;90 %;-;-;-;-;11.00;91 %;3.00;67 %;-;-;5.00;80 %;2.00;0 %;2.00;2.00;-;5.00;2.00;3.00;7.00;71 %;6.00;67 %;1.00;100 %;3.00;100 %;-;-;-;-;1.00;0 %;4.00;8.00;1;1.00;-;-;82.00;74.00;90 %;-;-;-;-;-;-;-;-;0.11;1.33;-1.22;-;-;53.00;-;-;10.00;2.00;-;4.00;-;5.00;4.00;1.00;3.00;-;-;-
Максим Савельев;Енисей Красноярск;259;93;Ф ПЦ;1.00;1.00;2.00;1.00;50 %;1.00;4.00;2.00;-;-;-;-;-;4.00;2.00;0.39;20.00;80 %;1.00;100 %;-;-;3.00;33 %;-;-;-;-;3.00;33 %;1.00;0 %;14.00;1.00;-;-;-;-;28.00;29 %;4.00;0 %;24.00;33 %;15.00;27 %;1.00;100 %;1.00;100 %;1.00;0 %;1.00;4.00;1;1.00;1.00;-;57.00;31.00;54 %;50 %;2.00;-;-;0.50;0.10;0.39;2.56;1.46;1.61;-0.15;-;-;16.00;1.00;-;1.00;-;-;1.00;-;8.00;-;8.00;4.00;1.00;1.00;-
Артём Воропаев;Родина Москва;230;93;ЗЛ;-;-;-;-;-;-;-;1.00;-;-;-;-;-;1.00;-;0.01;45.00;78 %;-;-;2.00;0 %;7.00;71 %;1.00;0 %;-;-;2.00;100 %;3.00;33 %;4.00;3.00;2.00;4.00;2.00;-;10.00;60 %;9.00;67 %;1.00;0 %;4.00;50 %;-;-;-;-;5.00;80 %;8.00;3.00;1;1.00;-;-;69.00;52.00;75 %;0 %;-;1.00;-;0.05;0.01;-;0.00;1.33;0.11;1.22;-;-;35.00;-;-;5.00;-;-;2.00;1.00;6.00;6.00;-;2.00;-;-;4.00
Богдан Зорин;Нефтехимик Нижнекамск;186;93;З ЛЦ;-;-;-;-;-;-;4.00;-;-;-;1.00;-;-;-;-;-;56.00;80 %;-;-;-;-;15.00;53 %;4.00;25 %;1.00;0 %;12.00;50 %;-;-;4.00;-;-;8.00;3.00;-;19.00;58 %;15.00;47 %;4.00;100 %;9.00;56 %;2.00;100 %;-;-;4.00;50 %;12.00;10.00;1;1.00;-;-;97.00;78.00;80 %;-;-;-;-;-;-;-;-;0.11;1.33;-1.22;-;-;45.00;-;-;8.00;1.00;-;6.00;-;11.00;7.00;4.00;5.00;2.00;-;2.00
Никита Глушков;Динамо Махачкала;227;91;АП Ц;-;-;1.00;-;0 %;-;1.00;-;-;-;-;-;-;1.00;1.00;0.32;31.00;84 %;1.00;0 %;2.00;0 %;7.00;86 %;1.00;100 %;-;-;2.00;100 %;3.00;0 %;5.00;-;-;4.00;-;-;15.00;27 %;8.00;25 %;7.00;29 %;2.00;0 %;3.00;0 %;-;-;6.00;33 %;5.00;8.00;1;1.00;1.00;-;61.00;45.00;74 %;100 %;-;-;-;0.32;0.32;-;0.00;1.98;1.35;0.63;-;-;26.00;-;-;6.00;1.00;-;2.00;-;4.00;2.00;2.00;-;-;-;2.00
Павел Горелов;КамАЗ Набережные Челны;207;91;П ЛЦ;-;-;-;-;-;-;3.00;-;-;1.00;1.00;-;-;2.00;1.00;0.19;22.00;73 %;-;-;1.00;0 %;7.00;100 %;-;-;-;-;2.00;100 %;-;-;6.00;1.00;2.00;2.00;-;-;14.00;43 %;10.00;30 %;4.00;75 %;1.00;0 %;3.00;67 %;1.00;100 %;6.00;17 %;2.00;4.00;1;1.00;1.00;-;46.00;29.00;63 %;50 %;-;1.00;-;0.31;0.10;-;0.00;0.65;1.60;-0.95;-;-;16.00;-;-;7.00;-;-;2.00;-;6.00;3.00;3.00;-;2.00;1.00;1.00
Артём Котик;Нефтехимик Нижнекамск;154;88;Ф Ц;-;-;-;-;-;-;1.00;1.00;-;-;-;-;1.00;1.00;-;0.04;20.00;70 %;-;-;1.00;0 %;3.00;67 %;-;-;-;-;1.00;0 %;3.00;67 %;10.00;3.00;-;-;-;1.00;16.00;19 %;2.00;0 %;14.00;21 %;10.00;10 %;1.00;100 %;-;-;-;-;-;2.00;1;1.00;1.00;-;40.00;20.00;50 %;0 %;1.00;-;-;0.07;0.04;-;0.00;0.11;1.33;-1.22;-;-;14.00;-;-;2.00;-;-;-;2.00;3.00;-;3.00;1.00;1.00;-;-
Дмитрий Самойлов;Шинник;239;88;АП Л;1.00;-;3.00;1.00;33 %;-;2.00;3.00;-;-;-;-;-;2.00;1.00;0.30;23.00;65 %;1.00;100 %;3.00;33 %;5.00;60 %;1.00;0 %;-;-;2.00;100 %;5.00;40 %;11.00;-;1.00;1.00;-;2.00;18.00;39 %;7.00;29 %;11.00;45 %;6.00;17 %;3.00;67 %;-;-;1.00;100 %;7.00;4.00;1;1.00;1.00;-;57.00;36.00;63 %;50 %;1.00;-;-;0.97;0.15;0.30;3.33;1.35;1.53;-0.18;0.16;0.16;15.00;1.00;1.00;3.00;-;-;2.00;2.00;7.00;2.00;5.00;1.00;2.00;-;1.00
Олег Дмитриев;Родина Москва;203;86;ЗП ПЦ;-;-;-;-;-;-;1.00;-;-;-;-;-;-;1.00;1.00;0.04;54.00;91 %;-;-;-;-;11.00;91 %;3.00;67 %;1.00;0 %;8.00;88 %;2.00;50 %;6.00;3.00;1.00;4.00;3.00;-;12.00;33 %;6.00;50 %;6.00;17 %;-;-;-;-;-;-;1.00;100 %;1.00;7.00;1;1.00;1.00;-;76.00;62.00;82 %;100 %;-;-;-;0.08;0.04;-;0.00;1.33;0.11;1.22;-;-;49.00;-;-;10.00;2.00;-;7.00;1.00;4.00;3.00;1.00;-;-;-;1.00
Максим Бачинский;Ленинградец;234;84;Ф Ц;1.00;-;2.00;1.00;50 %;1.00;2.00;-;-;-;-;-;-;2.00;2.00;0.53;9.00;56 %;-;-;-;-;2.00;0 %;-;-;-;-;2.00;50 %;-;-;22.00;3.00;1.00;2.00;1.00;-;30.00;10 %;3.00;0 %;27.00;11 %;19.00;11 %;1.00;100 %;1.00;100 %;-;-;2.00;1.00;1;1.00;1.00;-;45.00;13.00;29 %;100 %;-;-;-;-;0.27;0.53;1.89;0.90;0.63;0.27;-;-;5.00;-;-;-;-;-;1.00;-;3.00;-;3.00;2.00;1.00;1.00;-
Виталий Горулев;Ленинградец;198;84;ЗП ПЦ;-;-;-;-;-;-;1.00;1.00;-;-;-;-;-;1.00;-;0.07;42.00;74 %;-;-;-;-;12.00;58 %;1.00;100 %;-;-;7.00;43 %;3.00;67 %;10.00;4.00;1.00;6.00;3.00;-;15.00;53 %;10.00;50 %;5.00;60 %;1.00;0 %;-;-;-;-;6.00;67 %;7.00;11.00;1;1.00;1.00;-;77.00;57.00;74 %;0 %;-;1.00;-;0.06;0.07;-;0.00;0.90;0.63;0.27;0.03;0.03;31.00;-;-;7.00;1.00;-;3.00;2.00;8.00;5.00;3.00;-;-;-;4.00
Абдуллахи Самину Квари;Динамо Махачкала;244;83;ЗП ЛЦ;1.00;-;2.00;1.00;50 %;-;2.00;2.00;-;-;-;-;-;3.00;2.00;0.40;49.00;80 %;1.00;0 %;1.00;0 %;11.00;45 %;3.00;67 %;-;-;5.00;60 %;2.00;0 %;11.00;2.00;-;6.00;4.00;3.00;21.00;52 %;11.00;45 %;10.00;60 %;9.00;44 %;5.00;80 %;1.00;100 %;4.00;50 %;7.00;3.00;1;1.00;1.00;-;87.00;66.00;76 %;67 %;-;1.00;-;-;0.13;0.40;2.50;1.53;1.32;0.21;-;-;39.00;-;-;5.00;2.00;-;3.00;-;11.00;5.00;6.00;4.00;4.00;1.00;2.00
Сослан Кагермазов;Динамо Махачкала;200;83;ЗП П;-;-;-;-;-;-;-;1.00;1.00;2.00;1.00;-;-;1.00;-;0.16;35.00;71 %;1.00;0 %;1.00;0 %;14.00;64 %;3.00;67 %;1.00;100 %;11.00;73 %;6.00;50 %;5.00;1.00;-;3.00;2.00;-;6.00;83 %;6.00;83 %;-;-;1.00;0 %;-;-;-;-;5.00;100 %;3.00;5.00;1;1.00;1.00;-;50.00;38.00;76 %;0 %;1.00;-;-;0.21;0.16;-;0.00;1.53;1.32;0.21;0.22;0.22;25.00;-;-;9.00;2.00;1.00;8.00;3.00;5.00;5.00;-;-;-;-;5.00
Максим Храмцов;Динамо Махачкала;223;83;ЗП Л;-;-;-;-;-;1.00;1.00;1.00;-;1.00;-;-;1.00;2.00;-;0.16;47.00;72 %;1.00;100 %;6.00;17 %;5.00;40 %;2.00;50 %;-;-;1.00;0 %;8.00;50 %;4.00;2.00;-;2.00;-;1.00;10.00;70 %;4.00;50 %;6.00;83 %;6.00;67 %;1.00;100 %;1.00;100 %;-;-;2.00;5.00;1;1.00;1.00;-;67.00;49.00;73 %;0 %;2.00;-;-;0.69;0.08;-;0.00;1.53;1.32;0.21;0.47;0.47;34.00;1.00;1.00;2.00;1.00;-;-;4.00;7.00;2.00;5.00;4.00;1.00;1.00;-
Ислам Машуков;Алания Владикавказ;248;83;Ф Ц;1.00;-;2.00;1.00;50 %;2.00;-;-;-;-;-;-;1.00;3.00;2.00;0.45;12.00;75 %;1.00;100 %;-;-;5.00;80 %;-;-;-;-;2.00;100 %;1.00;100 %;6.00;1.00;-;1.00;-;1.00;9.00;56 %;-;-;9.00;56 %;5.00;60 %;2.00;100 %;2.00;100 %;-;-;2.00;-;1;1.00;1.00;-;27.00;19.00;70 %;67 %;-;1.00;-;0.15;0.15;0.45;2.22;1.15;1.1;0.14;-;-;9.00;1.00;-;4.00;-;-;2.00;1.00;5.00;-;5.00;3.00;2.00;2.00;-
Заур Тарба;Алания Владикавказ;206;83;ЗП ПЦ;-;-;-;-;-;1.00;1.00;2.00;-;1.00;-;-;-;2.00;-;0.05;26.00;69 %;2.00;50 %;-;-;9.00;44 %;1.00;0 %;-;-;1.00;0 %;2.00;50 %;5.00;-;-;3.00;2.00;1.00;11.00;55 %;8.00;38 %;3.00;100 %;2.00;50 %;2.00;100 %;1.00;100 %;4.00;25 %;3.00;9.00;1;1.00;1.00;-;53.00;38.00;72 %;0 %;2.00;-;-;0.29;0.03;-;0.00;1.15;1.1;0.14;0.12;0.06;18.00;1.00;-;4.00;-;-;-;1.00;6.00;3.00;3.00;1.00;2.00;1.00;1.00
Данил Полубояринов;ФК Волгарь;178;81;АП Л;-;-;-;-;-;-;1.00;-;-;-;-;-;-;-;-;-;16.00;69 %;1.00;0 %;1.00;0 %;5.00;20 %;1.00;0 %;-;-;1.00;100 %;2.00;0 %;8.00;2.00;-;2.00;2.00;-;17.00;41 %;5.00;80 %;12.00;25 %;6.00;33 %;4.00;0 %;2.00;0 %;2.00;50 %;2.00;2.00;1;1.00;1.00;-;37.00;22.00;59 %;-;-;-;-;-;-;-;-;0.34;0.44;-0.10;0.04;0.04;11.00;-;-;1.00;-;-;1.00;-;7.00;4.00;3.00;2.00;-;-;1.00
Владислав Руденко;Черноморец;189;81;Ф Ц;-;-;1.00;-;0 %;-;1.00;2.00;-;-;-;-;1.00;2.00;1.00;0.48;12.00;75 %;1.00;0 %;-;-;1.00;100 %;-;-;-;-;1.00;100 %;1.00;100 %;5.00;-;1.00;1.00;1.00;1.00;13.00;31 %;1.00;0 %;12.00;33 %;3.00;33 %;3.00;67 %;3.00;67 %;-;-;1.00;1.00;1;1.00;1.00;-;31.00;17.00;55 %;50 %;-;1.00;-;0.17;0.24;-;0.00;1.25;0.62;0.63;-;-;9.00;-;-;1.00;-;-;1.00;1.00;4.00;-;4.00;1.00;2.00;2.00;-
Александр Канаплин;Енисей Красноярск;237;80;Ф ЛЦ;1.00;-;2.00;1.00;50 %;1.00;-;-;-;-;1.00;-;-;4.00;3.00;0.67;24.00;92 %;-;-;1.00;0 %;5.00;60 %;3.00;100 %;-;-;-;-;-;-;9.00;1.00;1.00;2.00;2.00;2.00;18.00;22 %;4.00;75 %;14.00;7 %;5.00;0 %;3.00;33 %;3.00;33 %;3.00;67 %;3.00;3.00;1;1.00;1.00;-;54.00;36.00;67 %;75 %;-;1.00;-;-;0.17;0.67;1.49;1.35;1.26;0.09;-;-;22.00;-;-;3.00;3.00;-;-;-;4.00;3.00;1.00;-;1.00;1.00;2.00
Илья Сериков;Сокол Саратов;199;78;ЗП ЛЦ;-;-;-;-;-;-;1.00;2.00;-;-;1.00;-;-;-;-;-;36.00;83 %;-;-;-;-;6.00;50 %;-;-;-;-;-;-;1.00;0 %;6.00;2.00;1.00;1.00;-;3.00;11.00;64 %;7.00;86 %;4.00;25 %;5.00;80 %;-;-;-;-;-;-;2.00;5.00;1;1.00;1.00;-;58.00;47.00;81 %;-;-;-;-;-;-;-;-;0.49;0.90;-0.41;0.02;0.01;30.00;-;-;3.00;-;-;-;-;7.00;6.00;1.00;4.00;-;-;-
Ильнур Бадртдинов;КамАЗ Набережные Челны;185;77;АП П;-;-;-;-;-;-;-;1.00;-;-;-;-;-;1.00;1.00;0.07;7.00;86 %;-;-;1.00;0 %;-;-;-;-;-;-;-;-;1.00;0 %;5.00;1.00;-;2.00;1.00;-;13.00;31 %;2.00;50 %;11.00;27 %;5.00;20 %;1.00;0 %;-;-;1.00;100 %;2.00;2.00;1;1.00;1.00;-;25.00;15.00;60 %;100 %;-;-;-;-;0.07;-;0.00;0.62;1.25;-0.63;0.02;0.02;6.00;-;-;-;-;-;-;-;4.00;1.00;3.00;1.00;-;-;1.00
Артём Самсонов;Шинник;171;77;ЗП ПЦ;-;-;-;-;-;-;1.00;-;-;-;-;-;-;-;-;-;16.00;63 %;-;-;1.00;0 %;4.00;50 %;1.00;0 %;-;-;2.00;50 %;2.00;50 %;3.00;2.00;1.00;2.00;-;-;14.00;43 %;9.00;33 %;5.00;60 %;3.00;67 %;2.00;50 %;2.00;50 %;5.00;40 %;1.00;1.00;1;1.00;1.00;-;34.00;19.00;56 %;-;-;-;-;-;-;-;-;0.85;1.53;-0.68;0.15;0.15;10.00;-;-;2.00;-;-;1.00;1.00;6.00;3.00;3.00;2.00;1.00;1.00;2.00
Владислав Сиротов;Ленинградец;212;77;АП ЛЦ;-;-;-;-;-;-;3.00;3.00;-;-;-;-;-;1.00;-;0.24;22.00;50 %;-;-;2.00;0 %;2.00;50 %;-;-;-;-;2.00;50 %;5.00;20 %;16.00;2.00;1.00;3.00;1.00;2.00;23.00;35 %;10.00;40 %;13.00;31 %;6.00;17 %;4.00;25 %;2.00;0 %;1.00;100 %;1.00;4.00;1;1.00;1.00;-;54.00;26.00;48 %;0 %;-;1.00;-;-;0.24;-;0.00;0.90;0.49;0.41;0.04;0.04;11.00;-;-;1.00;-;-;1.00;1.00;8.00;4.00;4.00;1.00;1.00;-;1.00
Дамир Таликин;КамАЗ Набережные Челны;214;77;П ПЦ;-;-;-;-;-;1.00;-;2.00;-;-;-;-;-;1.00;-;0.02;29.00;79 %;2.00;50 %;2.00;50 %;9.00;67 %;3.00;67 %;1.00;0 %;9.00;67 %;6.00;50 %;4.00;-;-;5.00;1.00;4.00;6.00;50 %;3.00;100 %;3.00;0 %;1.00;100 %;1.00;0 %;-;-;1.00;100 %;6.00;8.00;1;1.00;1.00;-;54.00;44.00;81 %;0 %;1.00;-;-;0.24;0.02;-;0.00;0.62;1.25;-0.63;-;-;23.00;1.00;1.00;6.00;2.00;-;6.00;3.00;3.00;3.00;-;1.00;-;-;1.00
Иван Тимошенко;Родина Москва;231;76;Ф ЛЦ;1.00;1.00;2.00;1.00;50 %;1.00;-;2.00;-;-;-;-;-;1.00;1.00;0.63;16.00;56 %;1.00;100 %;-;-;3.00;67 %;-;-;-;-;-;-;2.00;100 %;9.00;1.00;1.00;1.00;-;-;14.00;50 %;7.00;57 %;7.00;43 %;6.00;50 %;1.00;0 %;1.00;0 %;3.00;67 %;1.00;3.00;1;1.00;1.00;-;36.00;21.00;58 %;100 %;-;-;-;0.43;0.63;0.63;1.59;1.33;0.11;1.22;-;-;9.00;1.00;-;2.00;-;-;-;2.00;7.00;4.00;3.00;3.00;-;-;2.00
Максим Турищев;Родина Москва;224;76;Ф ПЦ;1.00;-;2.00;1.00;50 %;-;1.00;-;-;-;-;-;1.00;2.00;2.00;0.46;16.00;56 %;-;-;-;-;2.00;50 %;-;-;-;-;2.00;50 %;2.00;0 %;6.00;1.00;-;-;-;1.00;15.00;53 %;4.00;25 %;11.00;64 %;5.00;40 %;2.00;100 %;1.00;100 %;1.00;100 %;-;2.00;1;1.00;1.00;-;36.00;22.00;61 %;100 %;-;-;-;0.06;0.23;0.46;2.17;1.33;0.11;1.22;0.03;0.03;9.00;-;-;1.00;-;-;1.00;-;8.00;1.00;7.00;2.00;2.00;1.00;1.00
Георгий Юдинцев;Родина Москва;227;76;З П;-;-;-;-;-;1.00;1.00;1.00;-;-;-;-;-;-;-;-;59.00;78 %;2.00;50 %;1.00;0 %;10.00;60 %;5.00;60 %;1.00;100 %;6.00;83 %;3.00;33 %;11.00;4.00;-;7.00;2.00;3.00;16.00;50 %;12.00;50 %;4.00;50 %;3.00;100 %;2.00;50 %;1.00;100 %;5.00;40 %;7.00;7.00;1;1.00;1.00;-;92.00;71.00;77 %;-;-;-;-;-;-;-;-;1.33;0.11;1.22;-;-;46.00;1.00;-;6.00;3.00;1.00;5.00;1.00;8.00;6.00;2.00;3.00;1.00;1.00;2.00
Егор Иванов;Енисей Красноярск;214;74;П Л;-;-;-;-;-;1.00;-;3.00;-;-;1.00;-;-;-;-;-;47.00;85 %;1.00;100 %;-;-;10.00;90 %;3.00;100 %;-;-;7.00;86 %;9.00;67 %;4.00;-;1.00;4.00;1.00;1.00;8.00;38 %;6.00;33 %;2.00;50 %;2.00;0 %;-;-;-;-;4.00;50 %;4.00;5.00;1;1.00;1.00;-;66.00;53.00;80 %;-;-;-;-;0.08;-;-;-;0.68;1.26;-0.58;-;-;40.00;1.00;-;9.00;3.00;-;6.00;6.00;3.00;2.00;1.00;-;-;-;2.00
Владлен Бабаев;Сокол Саратов;178;73;ЗП ПЦ;-;-;-;-;-;-;1.00;2.00;-;-;-;-;-;1.00;-;0.04;29.00;66 %;-;-;2.00;0 %;5.00;40 %;2.00;50 %;-;-;2.00;100 %;4.00;50 %;8.00;3.00;1.00;4.00;2.00;2.00;10.00;50 %;3.00;33 %;7.00;57 %;4.00;50 %;3.00;67 %;-;-;-;-;7.00;2.00;1;1.00;1.00;-;52.00;35.00;67 %;0 %;1.00;-;-;0.13;0.04;-;0.00;0.49;0.90;-0.41;-;-;19.00;-;-;2.00;1.00;-;2.00;2.00;5.00;1.00;4.00;2.00;2.00;-;-
Давид Хубаев;ФК Акрон Тольятти;224;73;ЗП ЛЦ;-;-;1.00;-;0 %;-;2.00;3.00;-;1.00;-;-;-;4.00;1.00;0.21;34.00;82 %;-;-;-;-;12.00;75 %;1.00;100 %;-;-;6.00;67 %;-;-;6.00;3.00;-;1.00;1.00;-;10.00;70 %;5.00;60 %;5.00;80 %;4.00;50 %;2.00;100 %;1.00;100 %;1.00;0 %;4.00;2.00;1;1.00;1.00;-;55.00;43.00;78 %;25 %;2.00;1.00;-;0.04;0.05;-;0.00;0.50;1.35;-0.85;-;-;28.00;-;-;9.00;1.00;-;4.00;-;7.00;3.00;4.00;2.00;2.00;1.00;-
Ражаб Магомедов;Динамо Махачкала;183;73;Ф ПЦ;-;-;-;-;-;-;1.00;1.00;-;-;1.00;-;-;1.00;1.00;0.15;20.00;70 %;-;-;2.00;50 %;4.00;75 %;1.00;100 %;-;-;2.00;100 %;4.00;75 %;5.00;1.00;-;1.00;-;2.00;6.00;50 %;1.00;100 %;5.00;40 %;3.00;33 %;2.00;50 %;1.00;0 %;1.00;100 %;-;4.00;1;1.00;1.00;-;33.00;24.00;73 %;100 %;-;-;-;0.29;0.15;-;0.00;1.53;0.63;0.90;-;-;14.00;-;1.00;3.00;1.00;-;2.00;3.00;3.00;1.00;2.00;1.00;1.00;-;1.00
Андрес Фабиан Понсе Нуньес;ФК Акрон Тольятти;241;73;Ф Ц;1.00;-;1.00;1.00;100 %;2.00;-;1.00;-;-;-;-;1.00;1.00;1.00;0.02;18.00;50 %;2.00;50 %;1.00;100 %;2.00;0 %;1.00;100 %;-;-;1.00;0 %;2.00;50 %;8.00;2.00;1.00;-;-;1.00;19.00;53 %;4.00;0 %;15.00;67 %;11.00;45 %;1.00;100 %;-;-;-;-;3.00;5.00;1;1.00;1.00;-;48.00;29.00;60 %;100 %;-;-;-;0.12;0.02;0.02;50.00;0.50;1.35;-0.85;0.15;0.15;9.00;1.00;1.00;-;1.00;-;-;1.00;10.00;-;10.00;5.00;1.00;-;-
Томас Рукас;СКА-Хабаровск;224;73;З ЛЦ;-;-;1.00;1.00;100 %;1.00;1.00;-;-;1.00;1.00;-;-;-;-;-;38.00;87 %;-;-;-;-;5.00;80 %;3.00;33 %;-;-;-;-;-;-;2.00;1.00;-;13.00;2.00;-;16.00;63 %;15.00;60 %;1.00;100 %;11.00;73 %;-;-;-;-;-;-;9.00;7.00;1;1.00;1.00;-;71.00;60.00;85 %;-;-;-;-;-;-;-;-;1.26;0.68;0.58;0.03;0.03;33.00;-;-;4.00;1.00;-;-;-;10.00;9.00;1.00;8.00;-;-;-
Андрей Савинов;СКА-Хабаровск;196;73;П ЛЦ;-;-;-;-;-;-;-;-;1.00;1.00;-;-;-;-;-;-;36.00;81 %;-;-;-;-;9.00;56 %;-;-;-;-;4.00;75 %;1.00;0 %;5.00;1.00;-;3.00;-;5.00;7.00;71 %;4.00;50 %;3.00;100 %;-;-;2.00;100 %;-;-;3.00;33 %;5.00;2.00;1;1.00;1.00;-;55.00;46.00;84 %;-;-;-;-;-;-;-;-;1.26;0.68;0.58;-;-;29.00;-;-;5.00;-;-;3.00;-;5.00;2.00;3.00;-;2.00;-;1.00
Дмитрий Югалдин;Сокол Саратов;219;73;АП Л;-;-;-;-;-;-;1.00;-;-;-;-;-;-;3.00;2.00;0.24;24.00;75 %;-;-;-;-;8.00;63 %;1.00;0 %;-;-;5.00;60 %;-;-;10.00;6.00;-;-;-;2.00;16.00;56 %;7.00;29 %;9.00;78 %;3.00;33 %;4.00;100 %;1.00;100 %;1.00;100 %;6.00;4.00;1;1.00;1.00;-;56.00;42.00;75 %;67 %;-;1.00;-;-;0.08;-;0.00;0.49;0.90;-0.41;0.02;0.02;18.00;-;-;5.00;-;-;3.00;-;9.00;2.00;7.00;1.00;4.00;1.00;1.00
Роман Юзепчук;Торпедо Москва;179;73;ЗЛ;-;-;-;-;-;-;1.00;-;-;1.00;-;-;-;-;-;-;30.00;67 %;-;-;1.00;0 %;6.00;33 %;5.00;20 %;1.00;0 %;6.00;33 %;3.00;33 %;5.00;2.00;-;3.00;-;1.00;13.00;62 %;10.00;60 %;3.00;67 %;3.00;33 %;1.00;0 %;1.00;0 %;4.00;75 %;1.00;3.00;1;1.00;1.00;-;48.00;33.00;69 %;-;-;-;-;-;-;-;-;0.42;1.43;-1.01;-;-;20.00;-;-;2.00;1.00;-;2.00;1.00;8.00;6.00;2.00;1.00;-;-;3.00
Олег Исаенко;Химки;219;72;ЗП П;-;-;-;-;-;1.00;1.00;2.00;-;-;-;-;-;1.00;-;0.04;33.00;73 %;1.00;100 %;3.00;67 %;9.00;44 %;1.00;0 %;1.00;0 %;6.00;50 %;3.00;67 %;6.00;3.00;1.00;2.00;-;1.00;18.00;44 %;11.00;45 %;7.00;43 %;4.00;25 %;1.00;100 %;1.00;100 %;5.00;80 %;3.00;9.00;1;1.00;1.00;-;68.00;47.00;69 %;0 %;-;1.00;-;0.21;0.04;-;0.00;0.41;0.34;0.07;-;-;24.00;1.00;2.00;4.00;-;-;3.00;2.00;8.00;5.00;3.00;1.00;1.00;1.00;4.00
Анатолий Макаров;Арсенал Тула;202;72;П ЛЦ;-;1.00;-;-;-;1.00;1.00;2.00;1.00;1.00;1.00;-;-;-;-;-;29.00;76 %;1.00;100 %;1.00;100 %;8.00;63 %;1.00;0 %;-;-;4.00;75 %;1.00;100 %;2.00;-;-;-;-;-;18.00;44 %;11.00;36 %;7.00;57 %;7.00;29 %;2.00;100 %;-;-;2.00;100 %;2.00;7.00;1;1.00;1.00;-;56.00;39.00;70 %;-;-;-;-;0.10;-;-;-;1.43;0.42;1.1;0.02;0.02;22.00;1.00;1.00;5.00;-;-;3.00;1.00;8.00;4.00;4.00;2.00;2.00;-;2.00
Сергей Терехов;Химки;206;72;ЗП Л;-;-;1.00;-;0 %;-;1.00;2.00;-;-;-;-;-;1.00;-;0.18;51.00;92 %;-;-;-;-;9.00;100 %;1.00;100 %;-;-;5.00;100 %;1.00;100 %;3.00;1.00;1.00;3.00;1.00;2.00;13.00;62 %;9.00;56 %;4.00;75 %;4.00;75 %;1.00;0 %;-;-;5.00;60 %;1.00;8.00;1;1.00;1.00;-;77.00;66.00;86 %;0 %;1.00;-;-;0.06;0.18;-;0.00;0.41;0.34;0.07;-;-;47.00;-;-;9.00;1.00;-;5.00;1.00;8.00;5.00;3.00;3.00;-;-;3.00
Сергей Ткачёв;Арсенал Тула;214;72;АП П;-;-;2.00;-;0 %;2.00;1.00;1.00;-;-;-;-;-;2.00;-;0.09;38.00;61 %;1.00;100 %;3.00;0 %;3.00;33 %;-;-;-;-;3.00;33 %;9.00;33 %;14.00;1.00;1.00;1.00;1.00;-;19.00;42 %;4.00;25 %;15.00;47 %;2.00;50 %;7.00;57 %;5.00;60 %;2.00;50 %;3.00;9.00;1;1.00;1.00;-;72.00;43.00;60 %;0 %;2.00;-;-;0.86;0.04;-;0.00;1.43;0.42;1.1;-;-;23.00;1.00;-;1.00;-;-;1.00;3.00;8.00;1.00;7.00;1.00;4.00;3.00;1.00
Роман Денисов;Нефтехимик Нижнекамск;158;71;ЗП ЛЦ;-;-;-;-;-;-;-;1.00;1.00;1.00;-;-;-;-;-;-;37.00;78 %;-;-;-;-;8.00;50 %;-;-;-;-;7.00;71 %;1.00;0 %;5.00;-;-;8.00;5.00;1.00;14.00;43 %;8.00;38 %;6.00;50 %;2.00;50 %;-;-;-;-;4.00;25 %;7.00;7.00;1;1.00;1.00;-;66.00;50.00;76 %;-;-;-;-;-;-;-;-;0.11;1.33;-1.22;-;-;29.00;-;-;4.00;-;-;5.00;-;6.00;3.00;3.00;1.00;-;-;1.00
Султан Джамилов;Нефтехимик Нижнекамск;175;71;АП ПЦ;-;-;-;-;-;-;3.00;-;-;-;-;-;-;-;-;-;23.00;70 %;-;-;-;-;5.00;20 %;1.00;0 %;1.00;0 %;3.00;0 %;1.00;0 %;9.00;1.00;1.00;2.00;-;-;13.00;23 %;3.00;0 %;10.00;30 %;-;-;6.00;17 %;4.00;0 %;1.00;0 %;4.00;6.00;1;1.00;1.00;-;47.00;29.00;62 %;-;-;-;-;0.04;-;-;-;0.11;1.33;-1.22;0.02;0.02;16.00;-;-;1.00;-;-;-;-;3.00;-;3.00;-;1.00;-;-
Павел Котов;Нефтехимик Нижнекамск;172;71;ЗП Л;-;-;-;-;-;-;-;-;-;-;-;-;-;-;-;-;40.00;63 %;1.00;0 %;7.00;43 %;14.00;64 %;2.00;100 %;-;-;8.00;63 %;8.00;13 %;12.00;3.00;1.00;5.00;2.00;2.00;11.00;45 %;4.00;50 %;7.00;43 %;4.00;25 %;1.00;0 %;1.00;0 %;1.00;100 %;6.00;6.00;1;1.00;1.00;-;67.00;45.00;67 %;-;-;-;-;-;-;-;-;0.11;1.33;-1.22;-;-;25.00;-;3.00;9.00;2.00;-;5.00;1.00;5.00;2.00;3.00;1.00;-;-;1.00
Георгий Гонгадзе;Торпедо Москва;178;70;Ф ПЦ;-;-;1.00;-;0 %;-;-;-;-;-;-;-;1.00;2.00;-;0.14;14.00;64 %;-;-;-;-;3.00;67 %;1.00;100 %;-;-;3.00;33 %;-;-;7.00;3.00;-;1.00;-;-;18.00;44 %;4.00;25 %;14.00;50 %;14.00;50 %;-;-;-;-;1.00;100 %;-;6.00;1;1.00;1.00;-;40.00;23.00;57 %;0 %;1.00;1.00;-;-;0.07;-;0.00;0.42;1.42;-1.00;-;-;9.00;-;-;2.00;1.00;-;1.00;-;8.00;1.00;7.00;7.00;-;-;1.00
Дмитрий Полоз;Торпедо Москва;171;70;П П;-;-;-;-;-;-;1.00;-;-;-;-;-;-;1.00;-;0.06;23.00;70 %;-;-;-;-;4.00;50 %;2.00;50 %;-;-;2.00;0 %;2.00;50 %;6.00;-;1.00;1.00;-;1.00;6.00;33 %;4.00;50 %;2.00;0 %;3.00;0 %;-;-;-;-;2.00;50 %;2.00;3.00;1;1.00;1.00;-;37.00;24.00;65 %;0 %;-;1.00;-;0.04;0.06;-;0.00;0.42;1.42;-1.00;-;-;16.00;-;-;2.00;1.00;-;-;1.00;2.00;2.00;-;-;-;-;1.00
Даниил Гурченко;Черноморец;204;68;АП П;-;-;2.00;-;0 %;1.00;2.00;-;-;-;-;-;-;2.00;2.00;0.26;26.00;73 %;-;-;1.00;0 %;7.00;71 %;1.00;0 %;-;-;2.00;100 %;5.00;40 %;5.00;1.00;2.00;1.00;1.00;2.00;11.00;36 %;5.00;20 %;6.00;50 %;2.00;0 %;3.00;100 %;-;-;2.00;50 %;3.00;4.00;1;1.00;1.00;-;50.00;34.00;68 %;100 %;-;-;-;0.19;0.13;-;0.00;0.92;0.62;0.30;-;-;19.00;-;-;5.00;-;-;2.00;2.00;4.00;1.00;3.00;-;3.00;-;1.00
Зикрулла Магомедов;Черноморец;217;68;ЗП Ц;-;-;-;-;-;-;-;2.00;-;-;-;-;-;-;-;-;40.00;93 %;-;-;-;-;11.00;73 %;2.00;100 %;-;-;4.00;100 %;-;-;4.00;1.00;1.00;2.00;-;1.00;13.00;54 %;9.00;56 %;4.00;50 %;2.00;50 %;-;-;-;-;3.00;67 %;4.00;2.00;1;1.00;1.00;-;61.00;51.00;84 %;-;-;-;-;-;-;-;-;0.92;0.62;0.30;-;-;37.00;-;-;8.00;2.00;-;4.00;-;7.00;5.00;2.00;1.00;-;-;2.00
Оливье Кенфак;Кубань Краснодар;190;67;АП Л;-;-;1.00;-;0 %;-;3.00;1.00;-;-;-;-;-;1.00;1.00;0.09;20.00;85 %;-;-;1.00;100 %;2.00;50 %;-;-;-;-;1.00;0 %;1.00;100 %;10.00;3.00;-;3.00;1.00;2.00;16.00;31 %;5.00;40 %;11.00;27 %;2.00;100 %;5.00;20 %;4.00;25 %;2.00;50 %;3.00;2.00;1;1.00;1.00;-;44.00;30.00;68 %;100 %;-;-;-;0.03;0.09;-;0.00;0.91;1.11;-0.20;-;-;17.00;-;1.00;1.00;-;-;-;1.00;5.00;2.00;3.00;2.00;1.00;1.00;1.00
Валерий Почивалин;КамАЗ Набережные Челны;200;67;З П;-;-;-;-;-;-;-;-;-;1.00;-;-;-;-;-;-;15.00;80 %;-;-;-;-;2.00;0 %;-;-;-;-;-;-;2.00;0 %;2.00;1.00;-;1.00;-;-;12.00;58 %;11.00;64 %;1.00;0 %;3.00;67 %;-;-;-;-;5.00;60 %;3.00;1.00;1;-;-;1.00;31.00;23.00;74 %;-;-;-;-;-;-;-;-;0.88;1.3;-0.15;-;-;12.00;-;-;-;-;-;-;-;7.00;7.00;-;2.00;-;-;3.00
Артемий Укомский;КамАЗ Набережные Челны;181;67;Ф Ц;-;-;-;-;-;-;1.00;3.00;-;-;-;-;1.00;-;-;-;16.00;69 %;1.00;0 %;-;-;2.00;50 %;-;-;-;-;3.00;100 %;2.00;50 %;9.00;3.00;1.00;-;-;1.00;17.00;82 %;1.00;0 %;16.00;88 %;9.00;89 %;4.00;100 %;-;-;-;-;-;1.00;1;-;-;1.00;37.00;28.00;76 %;-;-;-;-;0.02;-;-;-;0.88;1.3;-0.15;-;-;11.00;-;-;1.00;-;-;3.00;1.00;14.00;-;14.00;8.00;4.00;-;-
Эрбол Атабаев;ФК Волгарь;213;66;П ЛЦ;-;-;-;-;-;-;-;2.00;-;-;-;-;-;-;-;-;28.00;82 %;-;-;-;-;5.00;40 %;-;-;-;-;-;-;-;-;1.00;-;1.00;1.00;1.00;-;10.00;60 %;6.00;50 %;4.00;75 %;4.00;50 %;1.00;0 %;-;-;2.00;50 %;5.00;5.00;1;1.00;1.00;-;51.00;41.00;80 %;-;-;-;-;0.11;-;-;-;0.24;0.41;-0.17;0.01;0.01;23.00;-;-;2.00;-;-;-;-;6.00;3.00;3.00;2.00;-;-;1.00
Юрий Бавин;СКА-Хабаровск;216;66;ЗП Ц;1.00;-;1.00;1.00;100 %;-;3.00;-;-;-;1.00;-;-;2.00;2.00;0.32;24.00;92 %;-;-;-;-;8.00;75 %;2.00;50 %;1.00;100 %;7.00;71 %;2.00;0 %;3.00;1.00;1.00;4.00;2.00;-;5.00;40 %;2.00;0 %;3.00;67 %;1.00;100 %;1.00;100 %;-;-;1.00;0 %;6.00;6.00;1;1.00;1.00;-;44.00;38.00;86 %;100 %;-;-;-;-;0.16;0.32;3.12;1.26;0.67;0.59;-;-;22.00;-;-;6.00;1.00;1.00;5.00;-;2.00;-;2.00;1.00;1.00;-;-
Гоча Гогричиани;ФК Волгарь;187;66;Ф Ц;-;-;1.00;-;0 %;-;1.00;1.00;-;-;-;-;2.00;1.00;1.00;0.11;17.00;41 %;-;-;-;-;2.00;0 %;-;-;-;-;2.00;0 %;-;-;14.00;-;-;1.00;-;-;18.00;39 %;1.00;0 %;17.00;41 %;11.00;36 %;2.00;0 %;2.00;0 %;-;-;2.00;1.00;1;1.00;1.00;-;39.00;18.00;46 %;100 %;-;-;-;-;0.11;-;0.00;0.24;0.41;-0.17;-;-;7.00;-;-;-;-;-;-;-;7.00;-;7.00;4.00;-;-;-
Никита Касаткин;Тюмень;212;66;АП Л;-;-;-;-;-;-;1.00;2.00;-;-;-;-;1.00;3.00;-;0.47;20.00;70 %;-;-;1.00;0 %;5.00;60 %;-;-;-;-;2.00;0 %;3.00;67 %;10.00;2.00;-;-;-;1.00;14.00;29 %;4.00;0 %;10.00;40 %;3.00;0 %;2.00;50 %;-;-;2.00;0 %;2.00;3.00;1;1.00;1.00;-;43.00;24.00;56 %;0 %;-;3.00;-;-;0.16;-;0.00;0.86;0.47;0.39;-;-;14.00;-;-;3.00;-;-;-;2.00;4.00;-;4.00;-;1.00;-;-
Антон Кобялко;Тюмень;169;66;Ф Ц;-;-;-;-;-;-;2.00;1.00;-;-;-;-;1.00;-;-;-;6.00;83 %;-;-;-;-;-;-;-;-;-;-;-;-;-;-;8.00;-;1.00;-;-;-;9.00;33 %;-;-;9.00;33 %;4.00;50 %;-;-;-;-;-;-;1.00;-;1;1.00;1.00;-;17.00;9.00;53 %;-;-;-;-;-;-;-;-;0.86;0.47;0.39;-;-;5.00;-;-;-;-;-;-;-;3.00;-;3.00;2.00;-;-;-
Павел Шадрин;Тюмень;227;66;АП Ц;-;-;-;-;-;-;-;-;-;-;-;-;-;-;-;-;29.00;76 %;1.00;0 %;1.00;0 %;9.00;67 %;-;-;-;-;3.00;67 %;1.00;0 %;7.00;-;2.00;3.00;1.00;1.00;9.00;44 %;7.00;43 %;2.00;50 %;2.00;50 %;1.00;100 %;1.00;100 %;1.00;100 %;2.00;1.00;1;1.00;1.00;-;44.00;30.00;68 %;-;-;-;-;0.31;-;-;-;0.86;0.47;0.39;-;-;22.00;-;-;6.00;-;-;2.00;-;4.00;3.00;1.00;1.00;1.00;1.00;1.00
Алан Чочиев;Алания Владикавказ;239;65;АП Ц;-;1.00;-;-;-;2.00;1.00;1.00;-;-;-;-;-;1.00;-;0.03;38.00;82 %;1.00;100 %;4.00;25 %;7.00;86 %;2.00;100 %;1.00;100 %;1.00;100 %;5.00;60 %;3.00;-;-;5.00;1.00;1.00;12.00;50 %;6.00;67 %;6.00;33 %;1.00;0 %;3.00;67 %;2.00;50 %;2.00;100 %;2.00;4.00;1;1.00;1.00;-;59.00;45.00;76 %;0 %;1.00;-;-;0.35;0.03;-;0.00;1.11;0.91;0.20;-;-;31.00;1.00;1.00;6.00;2.00;1.00;1.00;3.00;6.00;4.00;2.00;-;2.00;1.00;2.00
Алан Хабалов;Алания Владикавказ;217;65;З П;-;-;1.00;-;0 %;-;1.00;-;-;2.00;-;-;-;-;-;-;26.00;85 %;-;-;1.00;100 %;3.00;67 %;-;-;-;-;1.00;100 %;3.00;67 %;6.00;1.00;1.00;6.00;1.00;3.00;11.00;55 %;6.00;67 %;5.00;40 %;1.00;0 %;1.00;100 %;1.00;100 %;5.00;80 %;3.00;1.00;1;1.00;1.00;-;45.00;35.00;78 %;-;-;-;-;-;-;-;-;1.11;0.91;0.20;-;-;22.00;-;1.00;2.00;-;-;1.00;2.00;6.00;4.00;2.00;-;1.00;1.00;4.00
Валерий Царукян;Алания Владикавказ;202;65;АП П;-;-;1.00;-;0 %;1.00;1.00;5.00;-;-;-;-;-;1.00;-;0.13;14.00;71 %;-;-;1.00;0 %;2.00;50 %;-;-;-;-;1.00;0 %;-;-;6.00;1.00;1.00;1.00;1.00;2.00;8.00;50 %;2.00;50 %;6.00;50 %;1.00;0 %;3.00;67 %;1.00;100 %;1.00;0 %;1.00;3.00;1;1.00;1.00;-;30.00;20.00;67 %;0 %;1.00;-;-;-;0.13;-;0.00;1.11;0.91;0.20;-;-;10.00;-;-;1.00;-;-;-;-;4.00;1.00;3.00;-;2.00;1.00;-
Игорь Соколов;Шинник;185;64;АП Ц;-;-;-;-;-;-;-;1.00;-;-;-;-;-;-;-;-;6.00;67 %;-;-;2.00;50 %;2.00;50 %;-;-;-;-;2.00;100 %;3.00;33 %;1.00;-;-;-;-;-;2.00;50 %;-;-;2.00;50 %;1.00;100 %;-;-;-;-;-;-;2.00;1.00;1;1.00;1.00;-;12.00;9.00;75 %;-;-;-;-;-;-;-;-;0.16;1.45;-1.29;-;-;4.00;-;1.00;1.00;-;-;2.00;1.00;1.00;-;1.00;1.00;-;-;-
Мухаммад Султонов;Родина Москва;196;64;П П;-;-;-;-;-;-;-;-;-;-;-;-;1.00;1.00;-;0.06;31.00;77 %;1.00;0 %;-;-;7.00;43 %;1.00;0 %;-;-;4.00;25 %;1.00;100 %;6.00;1.00;1.00;3.00;1.00;-;14.00;36 %;8.00;50 %;6.00;17 %;6.00;33 %;-;-;-;-;4.00;50 %;3.00;6.00;1;1.00;1.00;-;56.00;38.00;68 %;0 %;1.00;-;-;0.68;0.06;-;0.00;1.33;0.11;1.22;-;-;24.00;-;-;3.00;-;-;1.00;1.00;5.00;4.00;1.00;2.00;-;-;2.00
Руслан Апеков;ФК Акрон Тольятти;221;62;АП Л;-;-;-;-;-;-;-;2.00;-;-;-;-;-;3.00;2.00;0.22;14.00;79 %;-;-;1.00;0 %;1.00;100 %;-;-;-;-;-;-;1.00;0 %;4.00;2.00;1.00;1.00;-;3.00;10.00;70 %;3.00;100 %;7.00;57 %;2.00;100 %;3.00;67 %;2.00;100 %;2.00;100 %;2.00;4.00;1;1.00;1.00;-;37.00;29.00;78 %;67 %;-;1.00;-;0.03;0.07;-;0.00;0.42;0.86;-0.44;-;-;11.00;-;-;1.00;-;-;-;-;7.00;3.00;4.00;2.00;2.00;2.00;2.00
Кирилл Данилин;ФК Акрон Тольятти;178;62;АП П;-;-;1.00;-;0 %;-;1.00;-;-;-;-;-;-;-;-;-;16.00;69 %;-;-;1.00;0 %;2.00;50 %;1.00;100 %;-;-;1.00;0 %;3.00;33 %;5.00;2.00;3.00;2.00;-;1.00;7.00;43 %;5.00;60 %;2.00;0 %;1.00;0 %;1.00;0 %;-;-;2.00;50 %;3.00;1.00;1;1.00;1.00;-;32.00;20.00;63 %;-;-;-;-;0.04;-;-;-;0.42;0.86;-0.44;0.09;0.09;11.00;-;-;1.00;1.00;-;-;1.00;3.00;3.00;-;-;-;-;1.00
Марко Йосип Савара;СКА-Хабаровск;165;60;Ф Ц;-;-;1.00;-;0 %;-;-;-;-;-;-;-;1.00;-;-;-;5.00;100 %;-;-;-;-;-;-;-;-;-;-;-;-;-;-;9.00;2.00;2.00;1.00;1.00;-;13.00;8 %;2.00;0 %;11.00;9 %;6.00;17 %;1.00;0 %;-;-;1.00;0 %;1.00;1.00;1;-;-;1.00;22.00;8.00;36 %;-;-;-;-;-;-;-;-;1.68;0.95;0.73;-;-;5.00;-;-;-;-;-;-;-;1.00;-;1.00;1.00;-;-;-
Яо Жан Шарль Оливье;СКА-Хабаровск;214;60;АП П;-;-;-;-;-;1.00;-;-;-;-;-;-;1.00;2.00;-;0.74;7.00;57 %;-;-;-;-;2.00;0 %;1.00;0 %;1.00;0 %;2.00;0 %;-;-;7.00;1.00;-;-;-;4.00;17.00;59 %;6.00;50 %;11.00;64 %;5.00;60 %;5.00;80 %;2.00;50 %;1.00;100 %;1.00;-;1;-;-;1.00;31.00;19.00;61 %;0 %;1.00;-;1.00;-;0.37;-;0.00;1.68;0.95;0.73;-;-;4.00;-;-;-;-;-;-;-;10.00;3.00;7.00;3.00;4.00;1.00;1.00
Никита Козловский;Сокол Саратов;182;60;АП П;-;-;-;-;-;-;-;-;-;-;-;-;-;2.00;-;0.08;32.00;66 %;-;-;3.00;33 %;7.00;43 %;2.00;50 %;-;-;3.00;67 %;4.00;50 %;9.00;4.00;3.00;2.00;1.00;2.00;11.00;27 %;4.00;0 %;7.00;43 %;2.00;0 %;1.00;0 %;-;-;1.00;0 %;8.00;4.00;1;1.00;1.00;-;62.00;38.00;61 %;0 %;1.00;1.00;-;0.22;0.04;-;0.00;0.42;0.58;-0.16;0.03;0.03;21.00;-;1.00;3.00;1.00;-;2.00;2.00;3.00;-;3.00;-;-;-;-
Владислав Морозов;Сокол Саратов;168;60;Ф Ц;-;-;-;-;-;-;-;2.00;-;-;-;-;1.00;2.00;-;0.10;12.00;58 %;-;-;-;-;4.00;50 %;1.00;100 %;-;-;1.00;100 %;-;-;10.00;3.00;2.00;1.00;-;3.00;16.00;25 %;1.00;0 %;15.00;27 %;5.00;60 %;4.00;25 %;2.00;0 %;-;-;1.00;4.00;1;1.00;1.00;-;40.00;19.00;48 %;0 %;1.00;1.00;-;-;0.05;-;0.00;0.42;0.58;-0.16;-;-;7.00;-;-;2.00;1.00;-;1.00;-;4.00;-;4.00;3.00;1.00;-;-
Артём Попов;Арсенал Тула;204;58;ЗЛ;-;-;-;-;-;-;1.00;1.00;1.00;1.00;-;-;-;-;-;-;33.00;76 %;2.00;0 %;2.00;0 %;2.00;50 %;1.00;0 %;-;-;-;-;2.00;0 %;4.00;2.00;-;3.00;-;-;14.00;57 %;6.00;83 %;8.00;38 %;5.00;80 %;3.00;0 %;3.00;0 %;1.00;100 %;3.00;9.00;1;1.00;1.00;-;59.00;45.00;76 %;-;-;-;-;-;-;-;-;1.37;0.40;0.97;0.08;0.04;25.00;-;-;1.00;-;-;-;-;8.00;5.00;3.00;4.00;-;-;1.00
Игорь Дружинин;Тюмень;198;55;ЗП ЛЦ;-;-;-;-;-;-;-;-;-;1.00;-;-;-;1.00;-;0.15;30.00;87 %;-;-;-;-;6.00;83 %;-;-;-;-;1.00;0 %;-;-;2.00;1.00;-;1.00;1.00;-;4.00;50 %;2.00;50 %;2.00;50 %;3.00;67 %;-;-;-;-;-;-;-;5.00;1;1.00;1.00;-;40.00;33.00;83 %;0 %;-;1.00;-;0.16;0.15;-;0.00;0.86;0.39;0.47;-;-;26.00;-;-;5.00;-;-;-;-;2.00;1.00;1.00;2.00;-;-;-
Владимир Азаров;ФК Акрон Тольятти;202;54;АП Ц;-;-;-;-;-;-;-;-;-;-;-;-;-;-;-;-;19.00;63 %;2.00;0 %;-;-;5.00;60 %;-;-;-;-;2.00;100 %;3.00;33 %;8.00;2.00;1.00;3.00;1.00;1.00;11.00;73 %;3.00;67 %;8.00;75 %;5.00;40 %;-;-;-;-;1.00;100 %;1.00;3.00;1;1.00;1.00;-;37.00;26.00;70 %;-;-;-;-;-;-;-;-;0.39;0.86;-0.47;0.14;0.14;12.00;-;-;3.00;-;-;2.00;1.00;8.00;2.00;6.00;2.00;-;-;1.00
Антон Антонов;Черноморец;181;52;АП Л;-;-;1.00;-;0 %;-;-;-;-;-;-;-;-;1.00;-;0.31;15.00;73 %;-;-;-;-;3.00;67 %;1.00;100 %;-;-;3.00;67 %;3.00;67 %;8.00;1.00;-;1.00;-;-;6.00;17 %;-;-;6.00;17 %;3.00;0 %;-;-;-;-;-;-;2.00;2.00;1;-;-;1.00;26.00;16.00;62 %;0 %;1.00;-;-;-;0.31;-;0.00;0.91;0.35;0.56;-;-;11.00;-;-;2.00;1.00;-;2.00;2.00;1.00;-;1.00;-;-;-;-
Дмитрий Коробов;Черноморец;228;52;ЗП Ц;-;-;-;-;-;-;1.00;3.00;-;-;-;-;-;1.00;-;0.02;28.00;93 %;-;-;-;-;6.00;67 %;1.00;100 %;-;-;4.00;100 %;2.00;50 %;2.00;-;-;4.00;-;3.00;9.00;67 %;5.00;60 %;4.00;75 %;-;-;2.00;100 %;1.00;100 %;2.00;50 %;3.00;2.00;1;-;-;1.00;46.00;40.00;87 %;0 %;1.00;-;-;-;0.02;-;0.00;0.91;0.35;0.56;-;-;26.00;-;-;4.00;1.00;-;4.00;1.00;6.00;3.00;3.00;-;2.00;1.00;1.00
Игорь Андреев;Шинник;201;50;Ф Ц;-;-;-;-;-;-;1.00;-;-;-;-;-;-;2.00;-;0.50;14.00;86 %;-;-;-;-;3.00;67 %;-;-;-;-;1.00;100 %;1.00;100 %;7.00;1.00;3.00;-;-;-;11.00;45 %;1.00;0 %;10.00;50 %;6.00;17 %;-;-;-;-;-;-;1.00;1.00;1;-;-;1.00;32.00;19.00;59 %;0 %;1.00;1.00;-;0.30;0.25;-;0.00;1.27;1.4;0.23;-;-;12.00;-;-;2.00;-;-;1.00;1.00;5.00;-;5.00;1.00;-;-;-
Артём Малахов;Шинник;212;50;АП П;-;1.00;1.00;-;0 %;3.00;1.00;-;-;-;1.00;-;-;1.00;1.00;0.47;16.00;75 %;2.00;100 %;-;-;4.00;50 %;1.00;0 %;-;-;3.00;67 %;2.00;100 %;7.00;2.00;1.00;1.00;-;-;8.00;25 %;3.00;33 %;5.00;20 %;3.00;33 %;1.00;0 %;-;-;1.00;0 %;2.00;5.00;1;-;-;1.00;33.00;22.00;67 %;100 %;-;-;-;0.69;0.47;-;0.00;1.27;1.4;0.23;-;-;12.00;2.00;-;2.00;-;-;2.00;2.00;2.00;1.00;1.00;1.00;-;-;-
Валерий Чуперка;Кубань Краснодар;178;49;ЗП ЛЦ;-;-;-;-;-;-;1.00;2.00;-;1.00;-;-;-;-;-;-;26.00;77 %;-;-;1.00;0 %;8.00;75 %;2.00;50 %;-;-;2.00;50 %;-;-;5.00;2.00;1.00;4.00;1.00;-;9.00;56 %;4.00;50 %;5.00;60 %;1.00;0 %;2.00;100 %;1.00;100 %;3.00;33 %;3.00;4.00;1;-;-;1.00;43.00;32.00;74 %;-;-;-;-;-;-;-;-;0.97;0.90;0.07;0.06;0.03;20.00;-;-;6.00;1.00;-;1.00;-;5.00;2.00;3.00;-;2.00;1.00;1.00
Магомед Абакаров;Черноморец;178;48;П ЛЦ;-;-;-;-;-;-;1.00;-;-;-;1.00;-;-;-;-;-;23.00;78 %;-;-;1.00;0 %;2.00;100 %;-;-;-;-;2.00;100 %;1.00;0 %;4.00;-;1.00;2.00;-;2.00;5.00;0 %;-;-;5.00;0 %;-;-;1.00;0 %;1.00;0 %;-;-;2.00;5.00;1;1.00;1.00;-;38.00;27.00;71 %;-;-;-;-;0.25;-;-;-;0.69;0.60;0.09;-;-;18.00;-;-;2.00;-;-;2.00;-;-;-;-;-;-;-;-
Владислав Адаев;Черноморец;192;48;АП Л;-;-;-;-;-;-;1.00;-;-;-;-;-;-;1.00;-;0.02;13.00;77 %;-;-;1.00;0 %;-;-;-;-;-;-;-;-;2.00;50 %;4.00;-;-;2.00;1.00;-;8.00;38 %;1.00;100 %;7.00;29 %;2.00;0 %;1.00;100 %;-;-;-;-;-;2.00;1;1.00;1.00;-;24.00;15.00;63 %;0 %;-;1.00;-;-;0.02;-;0.00;0.69;0.60;0.09;-;-;10.00;-;-;-;-;-;-;1.00;3.00;1.00;2.00;-;1.00;-;-
Владислав Агалаков;Нефтехимик Нижнекамск;213;48;АП ЛЦ;-;-;-;-;-;1.00;-;2.00;-;-;-;-;-;-;-;-;25.00;76 %;-;-;-;-;7.00;57 %;-;-;-;-;2.00;50 %;2.00;0 %;7.00;1.00;2.00;-;-;1.00;16.00;44 %;1.00;0 %;15.00;47 %;2.00;100 %;6.00;67 %;4.00;50 %;1.00;0 %;1.00;7.00;1;-;-;1.00;52.00;35.00;67 %;-;-;-;-;-;-;-;-;-;0.03;-0.03;-;-;19.00;-;-;4.00;-;-;1.00;-;7.00;-;7.00;2.00;4.00;2.00;-
Артём Архипов;Химки;160;48;Ф Ц;-;-;-;-;-;-;-;-;-;-;-;-;-;-;-;-;7.00;71 %;-;-;-;-;1.00;0 %;-;-;-;-;-;-;-;-;4.00;2.00;1.00;-;-;-;5.00;20 %;1.00;0 %;4.00;25 %;3.00;0 %;-;-;-;-;-;-;-;-;1;-;-;1.00;13.00;6.00;46 %;-;-;-;-;0.08;-;-;-;0.33;0.29;0.04;-;-;5.00;-;-;-;-;-;-;-;1.00;-;1.00;-;-;-;-
Петрос Аветисян;Химки;210;48;АП ПЦ;-;-;-;-;-;-;1.00;2.00;-;-;-;-;1.00;3.00;1.00;0.11;18.00;61 %;-;-;-;-;6.00;17 %;-;-;-;-;3.00;0 %;2.00;0 %;5.00;-;-;1.00;1.00;3.00;10.00;30 %;5.00;20 %;5.00;40 %;3.00;33 %;2.00;50 %;2.00;50 %;2.00;50 %;3.00;4.00;1;-;-;1.00;42.00;26.00;62 %;33 %;1.00;1.00;-;0.13;0.04;-;0.00;0.33;0.29;0.04;-;-;11.00;-;-;1.00;-;-;-;-;3.00;1.00;2.00;1.00;1.00;1.00;1.00
Илья Берковский;Химки;186;48;АП ЛЦ;-;-;1.00;-;0 %;1.00;1.00;-;-;-;-;-;-;1.00;1.00;0.13;23.00;70 %;-;-;2.00;0 %;5.00;60 %;4.00;25 %;-;-;1.00;0 %;4.00;25 %;6.00;1.00;-;1.00;-;2.00;10.00;10 %;7.00;14 %;3.00;0 %;1.00;0 %;2.00;0 %;1.00;0 %;2.00;0 %;1.00;7.00;1;-;-;1.00;44.00;28.00;64 %;100 %;-;-;-;0.02;0.13;-;0.00;0.33;0.29;0.04;-;-;16.00;-;-;3.00;1.00;-;-;1.00;1.00;1.00;-;-;-;-;-
Илья Рубцов;Шинник;166;48;Ф Ц;-;-;-;-;-;-;1.00;-;-;-;-;-;1.00;1.00;-;0.08;7.00;43 %;-;-;-;-;1.00;100 %;-;-;-;-;1.00;100 %;-;-;3.00;-;-;-;-;1.00;6.00;33 %;2.00;50 %;4.00;25 %;2.00;0 %;1.00;100 %;1.00;100 %;1.00;100 %;-;2.00;1;1.00;1.00;-;17.00;8.00;47 %;0 %;-;1.00;-;-;0.08;-;0.00;0.08;1.27;-1.19;-;-;3.00;-;-;1.00;-;-;1.00;-;2.00;1.00;1.00;-;1.00;1.00;1.00
Вячеслав Зинков;Шинник;171;48;ЗП ЛЦ;-;-;-;-;-;-;2.00;-;-;-;-;-;-;-;-;-;15.00;60 %;-;-;1.00;0 %;1.00;0 %;-;-;-;-;2.00;0 %;1.00;0 %;7.00;2.00;-;-;-;-;10.00;40 %;1.00;0 %;9.00;44 %;5.00;20 %;1.00;100 %;1.00;100 %;1.00;0 %;1.00;2.00;1;1.00;1.00;-;28.00;16.00;57 %;-;-;-;-;-;-;-;-;0.08;1.27;-1.19;-;-;9.00;-;-;-;-;-;-;-;4.00;-;4.00;1.00;1.00;1.00;-
Артём Кулишев;Химки;187;47;АП ЛЦ;-;-;-;-;-;-;-;2.00;-;-;-;-;-;-;-;-;7.00;43 %;-;-;-;-;3.00;67 %;-;-;-;-;2.00;50 %;1.00;0 %;5.00;-;-;3.00;-;-;11.00;27 %;6.00;50 %;5.00;0 %;7.00;29 %;-;-;-;-;1.00;100 %;-;1.00;1;1.00;1.00;-;20.00;8.00;40 %;-;-;-;-;-;-;-;-;0.24;0.11;0.13;-;-;3.00;-;-;2.00;-;-;1.00;-;3.00;3.00;-;2.00;-;-;1.00
Максим Лаук;Кубань Краснодар;156;47;Ф Ц;-;-;-;-;-;-;-;-;-;-;-;-;-;1.00;-;0.03;6.00;67 %;-;-;-;-;2.00;50 %;-;-;-;-;1.00;100 %;2.00;50 %;5.00;-;-;-;-;-;7.00;14 %;3.00;33 %;4.00;0 %;1.00;0 %;-;-;-;-;2.00;50 %;-;1.00;1;1.00;1.00;-;15.00;6.00;40 %;0 %;-;1.00;-;0.04;0.03;-;0.00;0.12;0.87;-0.75;-;-;4.00;-;-;1.00;-;-;1.00;1.00;1.00;1.00;-;-;-;-;1.00
Кирилл Панченко;Химки;190;47;АП ПЦ;-;-;-;-;-;-;1.00;-;-;-;-;-;-;1.00;-;0.04;13.00;62 %;-;-;1.00;0 %;3.00;33 %;1.00;100 %;-;-;-;-;1.00;0 %;3.00;-;2.00;-;-;-;12.00;42 %;7.00;29 %;5.00;60 %;6.00;33 %;-;-;-;-;2.00;50 %;2.00;2.00;1;1.00;1.00;-;33.00;18.00;55 %;0 %;-;1.00;-;-;0.04;-;0.00;0.24;0.11;0.13;-;-;8.00;-;-;1.00;1.00;-;-;-;5.00;2.00;3.00;2.00;-;-;1.00
Илья Садыгов;Химки;160;47;Ф Ц;-;-;-;-;-;-;-;-;-;-;-;-;-;-;-;-;5.00;20 %;-;-;-;-;3.00;0 %;-;-;-;-;1.00;0 %;2.00;0 %;5.00;1.00;-;-;-;-;5.00;40 %;2.00;0 %;3.00;67 %;4.00;50 %;-;-;-;-;-;-;-;-;1;1.00;1.00;-;10.00;3.00;30 %;-;-;-;-;-;-;-;-;0.24;0.11;0.13;-;-;1.00;-;-;-;-;-;-;-;2.00;-;2.00;2.00;-;-;-
Максим Петров;Нефтехимик Нижнекамск;173;45;АП ЛЦ;-;-;-;-;-;-;-;-;-;-;1.00;-;-;1.00;-;0.03;9.00;89 %;-;-;1.00;0 %;-;-;-;-;-;-;-;-;1.00;0 %;6.00;3.00;-;1.00;-;2.00;15.00;20 %;4.00;25 %;11.00;18 %;1.00;0 %;5.00;0 %;2.00;0 %;2.00;50 %;1.00;4.00;1;1.00;1.00;-;33.00;19.00;58 %;0 %;-;1.00;-;-;0.03;-;0.00;0.11;1.30;-1.19;-;-;8.00;-;-;-;-;-;-;-;3.00;1.00;2.00;-;-;-;1.00
Сергей Макаров;ФК Акрон Тольятти;216;42;АП Ц;-;-;-;-;-;-;-;-;-;-;-;-;-;-;-;-;15.00;100 %;-;-;-;-;1.00;100 %;-;-;-;-;1.00;100 %;-;-;1.00;-;-;2.00;-;-;5.00;60 %;2.00;100 %;3.00;33 %;2.00;50 %;-;-;-;-;2.00;100 %;3.00;2.00;1;-;-;1.00;25.00;23.00;92 %;-;-;-;-;-;-;-;-;0.18;0.93;-0.75;-;-;15.00;-;-;1.00;-;-;1.00;-;3.00;2.00;1.00;1.00;-;-;2.00
Андреа Чуканов;Тюмень;225;40;АП Ц;-;-;-;-;-;-;1.00;-;-;-;-;-;-;1.00;-;0.14;16.00;88 %;-;-;-;-;3.00;100 %;-;-;-;-;2.00;100 %;2.00;50 %;3.00;1.00;1.00;1.00;1.00;-;4.00;75 %;2.00;100 %;2.00;50 %;-;-;-;-;-;-;1.00;100 %;1.00;1.00;1;-;-;1.00;24.00;19.00;79 %;0 %;-;1.00;-;0.14;0.14;-;0.00;0.93;0.18;0.75;0.05;0.05;14.00;-;-;3.00;-;-;2.00;1.00;3.00;2.00;1.00;-;-;-;1.00
Кирилл Никитин;СКА-Хабаровск;174;37;АП П;-;-;-;-;-;-;-;-;-;-;-;-;-;-;-;-;12.00;33 %;-;-;-;-;-;-;-;-;-;-;-;-;1.00;0 %;5.00;-;-;-;-;-;4.00;50 %;-;-;4.00;50 %;1.00;100 %;1.00;100 %;1.00;100 %;-;-;1.00;1.00;1;1.00;1.00;-;18.00;8.00;44 %;-;-;-;-;-;-;-;-;0.13;0.55;-0.42;-;-;4.00;-;-;-;-;-;-;-;2.00;-;2.00;1.00;1.00;1.00;-
Максим Кутовой;СКА-Хабаровск;159;37;Ф Ц;-;-;-;-;-;-;-;-;-;-;-;-;-;1.00;-;0.10;5.00;80 %;-;-;-;-;1.00;100 %;-;-;-;-;1.00;100 %;-;-;3.00;1.00;1.00;-;-;1.00;4.00;75 %;-;-;4.00;75 %;2.00;50 %;-;-;-;-;-;-;-;-;1;1.00;1.00;-;12.00;8.00;67 %;0 %;1.00;-;-;-;0.10;-;0.00;0.13;0.55;-0.42;-;-;4.00;-;-;1.00;-;-;1.00;-;3.00;-;3.00;1.00;-;-;-
Илья Быковский;Арсенал Тула;193;36;ЗЛ;-;-;-;-;-;-;2.00;-;-;-;1.00;-;-;-;-;-;13.00;85 %;-;-;3.00;67 %;4.00;100 %;2.00;100 %;-;-;2.00;100 %;3.00;67 %;1.00;-;-;2.00;-;-;5.00;40 %;4.00;50 %;1.00;0 %;1.00;0 %;1.00;0 %;1.00;0 %;1.00;100 %;1.00;1.00;1;-;-;1.00;20.00;15.00;75 %;-;-;-;-;-;-;-;-;0.66;0.02;0.64;-;-;11.00;-;2.00;4.00;2.00;-;2.00;2.00;2.00;2.00;-;-;-;-;1.00
Владислав Галкин;ФК Акрон Тольятти;200;34;АП П;-;-;-;-;-;-;-;-;-;-;-;-;-;2.00;-;0.12;10.00;70 %;-;-;-;-;-;-;1.00;100 %;-;-;-;-;-;-;7.00;2.00;1.00;1.00;-;-;13.00;38 %;3.00;33 %;10.00;40 %;3.00;33 %;4.00;50 %;2.00;100 %;2.00;50 %;-;3.00;1;-;-;1.00;29.00;15.00;52 %;0 %;2.00;-;-;-;0.06;-;0.00;0.15;0.93;-0.78;-;-;7.00;-;-;-;1.00;-;-;-;5.00;1.00;4.00;1.00;2.00;2.00;1.00
Антон Килин;ФК Акрон Тольятти;189;34;АП Л;-;-;-;-;-;-;2.00;1.00;-;-;-;-;-;-;-;-;8.00;88 %;-;-;-;-;-;-;-;-;-;-;-;-;-;-;3.00;1.00;-;-;-;-;7.00;43 %;2.00;50 %;5.00;40 %;3.00;33 %;2.00;50 %;1.00;100 %;-;-;-;2.00;1;-;-;1.00;17.00;12.00;71 %;-;-;-;-;0.10;-;-;-;0.15;0.93;-0.78;-;-;7.00;-;-;-;-;-;-;-;3.00;1.00;2.00;1.00;1.00;1.00;-
Дмитрий Малыхин;Шинник;193;34;ЗП Ц;-;-;-;-;-;-;1.00;1.00;-;1.00;-;-;-;-;-;-;14.00;71 %;-;-;-;-;4.00;25 %;-;-;-;-;3.00;33 %;-;-;4.00;1.00;1.00;2.00;1.00;-;8.00;63 %;4.00;50 %;4.00;75 %;2.00;100 %;3.00;100 %;-;-;1.00;0 %;3.00;2.00;1;-;-;1.00;28.00;20.00;71 %;-;-;-;-;-;-;-;-;1.19;0.86;0.33;0.20;0.20;10.00;-;-;1.00;-;-;1.00;-;5.00;2.00;3.00;2.00;3.00;-;-
Артём Абрамов;КамАЗ Набережные Челны;195;33;З П;-;-;-;-;-;-;1.00;-;-;-;-;-;-;-;-;-;11.00;91 %;-;-;-;-;2.00;100 %;-;-;-;-;1.00;100 %;-;-;2.00;1.00;-;3.00;-;-;6.00;50 %;5.00;60 %;1.00;0 %;1.00;100 %;-;-;-;-;-;-;1.00;2.00;1;1.00;1.00;-;21.00;17.00;81 %;-;-;-;-;-;-;-;-;0.07;0.57;-0.50;-;-;10.00;-;-;2.00;-;-;1.00;-;3.00;3.00;-;1.00;-;-;-
Михаил Мальцев;Сокол Саратов;178;33;АП Ц;-;-;-;-;-;-;-;-;-;-;1.00;-;-;-;-;-;21.00;76 %;-;-;1.00;0 %;4.00;25 %;-;-;-;-;2.00;50 %;1.00;0 %;2.00;-;-;-;-;2.00;2.00;0 %;1.00;0 %;1.00;0 %;1.00;0 %;-;-;-;-;-;-;1.00;-;1;-;-;1.00;26.00;19.00;73 %;-;-;-;-;-;-;-;-;0.24;0.32;-0.08;-;-;16.00;-;-;1.00;-;-;1.00;-;-;-;-;-;-;-;-
Дмитрий Сасин;Сокол Саратов;195;33;АП П;-;-;-;-;-;-;-;1.00;-;-;-;-;-;-;-;-;9.00;89 %;-;-;-;-;-;-;-;-;-;-;-;-;1.00;100 %;1.00;-;-;2.00;-;1.00;6.00;50 %;2.00;50 %;4.00;50 %;2.00;50 %;2.00;50 %;1.00;0 %;1.00;0 %;2.00;2.00;1;-;-;1.00;20.00;16.00;80 %;-;-;-;-;0.05;-;-;-;0.24;0.32;-0.08;-;-;8.00;-;-;-;-;-;-;1.00;3.00;1.00;2.00;1.00;1.00;-;-
Александр Щербатюк;КамАЗ Набережные Челны;167;33;Ф Ц;-;-;1.00;-;0 %;-;1.00;-;-;-;-;-;-;-;-;-;3.00;67 %;-;-;-;-;-;-;-;-;-;-;-;-;-;-;2.00;-;-;-;-;-;6.00;33 %;1.00;0 %;5.00;40 %;2.00;100 %;2.00;0 %;1.00;0 %;1.00;0 %;-;-;1;1.00;1.00;-;9.00;4.00;44 %;-;-;-;-;-;-;-;-;0.07;0.57;-0.50;-;-;2.00;-;-;-;-;-;-;-;2.00;-;2.00;2.00;-;-;-
Юрий Будагян;Черноморец;224;32;П ЛЦ;-;-;-;-;-;1.00;2.00;3.00;-;-;-;-;-;-;-;-;8.00;100 %;-;-;-;-;1.00;100 %;-;-;-;-;1.00;100 %;-;-;2.00;-;-;2.00;-;-;6.00;83 %;3.00;100 %;3.00;67 %;-;-;2.00;50 %;-;-;3.00;100 %;1.00;4.00;1;-;-;1.00;19.00;18.00;95 %;-;-;-;-;-;-;-;-;0.68;0.33;0.35;-;-;8.00;-;-;1.00;-;-;1.00;-;5.00;3.00;2.00;-;1.00;-;3.00
Никита Панамарев;Черноморец;179;32;АП П;-;-;-;-;-;-;-;-;-;-;-;-;-;-;-;-;7.00;86 %;-;-;-;-;1.00;100 %;-;-;-;-;-;-;-;-;-;-;-;2.00;-;-;2.00;100 %;2.00;100 %;-;-;-;-;-;-;-;-;2.00;100 %;3.00;1.00;1;-;-;1.00;13.00;12.00;92 %;-;-;-;-;-;-;-;-;0.68;0.33;0.35;-;-;6.00;-;-;1.00;-;-;-;-;2.00;2.00;-;-;-;-;2.00
Аллон Бутаев;Алания Владикавказ;232;31;З П;-;-;-;-;-;-;-;-;-;-;-;-;-;-;-;-;13.00;54 %;-;-;2.00;0 %;2.00;50 %;1.00;0 %;-;-;3.00;33 %;3.00;33 %;3.00;-;-;3.00;1.00;1.00;7.00;100 %;6.00;100 %;1.00;100 %;1.00;100 %;1.00;100 %;-;-;2.00;100 %;3.00;2.00;1;-;-;1.00;28.00;22.00;79 %;-;-;-;-;-;-;-;-;0.66;0.18;0.48;0.02;0.02;7.00;-;-;1.00;-;-;1.00;1.00;7.00;6.00;1.00;1.00;1.00;-;2.00
Батраз Гурциев;Алания Владикавказ;197;31;АП П;-;-;1.00;-;0 %;-;-;-;-;-;-;-;-;2.00;1.00;0.28;5.00;80 %;-;-;1.00;100 %;1.00;100 %;1.00;100 %;-;-;-;-;1.00;100 %;2.00;-;1.00;1.00;1.00;1.00;3.00;33 %;-;-;3.00;33 %;2.00;0 %;1.00;100 %;1.00;100 %;-;-;1.00;3.00;1;-;-;1.00;17.00;12.00;71 %;50 %;-;1.00;-;-;0.14;-;0.00;0.66;0.18;0.48;-;-;4.00;-;1.00;1.00;1.00;-;-;1.00;1.00;-;1.00;-;1.00;1.00;-
Алан Цараев;Алания Владикавказ;180;31;П ЛЦ;-;-;-;-;-;-;-;-;-;-;-;-;-;1.00;-;0.05;7.00;71 %;1.00;0 %;-;-;1.00;100 %;1.00;100 %;-;-;1.00;100 %;-;-;1.00;1.00;-;1.00;-;1.00;5.00;0 %;4.00;0 %;1.00;0 %;-;-;-;-;-;-;2.00;0 %;2.00;2.00;1;-;-;1.00;18.00;10.00;56 %;0 %;-;1.00;-;-;0.05;-;0.00;0.66;0.18;0.48;-;-;5.00;-;-;1.00;1.00;-;1.00;-;-;-;-;-;-;-;-
Илья Петров;СКА-Хабаровск;167;30;ЗП Ц;-;-;-;-;-;1.00;-;-;-;-;-;-;-;1.00;-;0.02;15.00;80 %;-;-;1.00;0 %;5.00;80 %;4.00;75 %;-;-;3.00;100 %;5.00;80 %;2.00;1.00;-;1.00;-;-;6.00;33 %;4.00;25 %;2.00;50 %;1.00;100 %;-;-;-;-;-;-;2.00;3.00;1;-;-;1.00;27.00;19.00;70 %;0 %;1.00;-;-;0.41;0.02;-;0.00;0.55;0.83;-0.28;0.04;0.04;12.00;-;-;4.00;3.00;-;3.00;4.00;2.00;1.00;1.00;1.00;-;-;-
Михаил Петров;Тюмень;199;30;ЗП ЛЦ;-;-;-;-;-;-;1.00;-;-;-;-;-;-;-;-;-;5.00;100 %;-;-;-;-;-;-;-;-;-;-;-;-;-;-;-;-;-;2.00;2.00;1.00;3.00;0 %;2.00;0 %;1.00;0 %;-;-;-;-;-;-;2.00;0 %;2.00;1.00;1;-;-;1.00;13.00;10.00;77 %;-;-;-;-;-;-;-;-;0.93;0.10;0.83;0.07;0.07;5.00;-;-;-;-;-;-;-;-;-;-;-;-;-;-
Илья Порохов;Тюмень;197;30;АП Л;-;-;2.00;-;0 %;-;-;-;-;-;-;-;-;3.00;-;0.52;5.00;60 %;-;-;-;-;3.00;67 %;2.00;50 %;-;-;2.00;50 %;-;-;5.00;-;1.00;1.00;-;1.00;5.00;40 %;1.00;100 %;4.00;25 %;1.00;0 %;2.00;0 %;1.00;0 %;1.00;100 %;1.00;1.00;1;-;-;1.00;17.00;8.00;47 %;0 %;2.00;1.00;-;-;0.17;-;0.00;0.93;0.10;0.83;-;-;3.00;-;-;2.00;1.00;-;1.00;-;2.00;1.00;1.00;-;-;-;1.00
Евгений Татаринов;Тюмень;221;30;Ф Ц;1.00;-;1.00;1.00;100 %;1.00;3.00;-;-;-;-;-;-;1.00;1.00;0.12;2.00;100 %;-;-;-;-;1.00;100 %;-;-;-;-;-;-;-;-;2.00;-;-;1.00;-;-;8.00;13 %;-;-;8.00;13 %;4.00;25 %;-;-;-;-;-;-;1.00;-;1;-;-;1.00;12.00;5.00;42 %;100 %;-;-;-;0.29;0.12;0.12;8.33;0.93;0.10;0.83;-;-;2.00;-;-;1.00;-;-;-;-;1.00;-;1.00;1.00;-;-;-
Дмитрий Лесников;ФК Волгарь;166;29;Ф Ц;-;-;1.00;-;0 %;-;-;-;-;-;-;-;-;1.00;-;0.05;5.00;40 %;-;-;1.00;0 %;-;-;-;-;-;-;-;-;1.00;0 %;6.00;1.00;1.00;-;-;1.00;8.00;25 %;2.00;50 %;6.00;17 %;5.00;20 %;-;-;-;-;-;-;-;2.00;1;-;-;1.00;18.00;7.00;39 %;0 %;1.00;-;-;0.03;0.05;-;0.00;0.16;0.16;0.00;-;-;2.00;-;-;-;-;-;-;-;2.00;1.00;1.00;1.00;-;-;-
Аслан Муталиев;Кубань Краснодар;172;29;АП Л;-;-;-;-;-;-;-;-;-;-;-;-;-;1.00;-;0.02;7.00;100 %;-;-;-;-;-;-;-;-;-;-;-;-;-;-;1.00;1.00;2.00;-;-;-;6.00;0 %;1.00;0 %;5.00;0 %;1.00;0 %;-;-;-;-;1.00;0 %;-;1.00;1;-;-;1.00;17.00;8.00;47 %;0 %;-;1.00;-;-;0.02;-;0.00;0.18;0.66;-0.48;-;-;7.00;-;-;-;-;-;-;-;-;-;-;-;-;-;-
Владислав Самко;Родина Москва;188;29;П П;-;-;-;-;-;-;2.00;2.00;1.00;1.00;-;-;-;-;-;-;8.00;75 %;1.00;0 %;-;-;-;-;-;-;-;-;-;-;-;-;3.00;3.00;-;1.00;1.00;1.00;8.00;38 %;6.00;33 %;2.00;50 %;2.00;0 %;1.00;100 %;-;-;3.00;67 %;2.00;1.00;1;-;-;1.00;20.00;13.00;65 %;-;-;-;-;-;-;-;-;-;-;-;-;-;6.00;-;-;-;-;-;-;-;3.00;2.00;1.00;-;1.00;-;2.00
Кирилл Ушатов;ФК Волгарь;234;29;П ЛЦ;-;-;-;-;-;-;1.00;-;-;-;1.00;-;-;-;-;-;14.00;71 %;-;-;-;-;4.00;75 %;1.00;0 %;-;-;1.00;0 %;1.00;0 %;3.00;-;-;4.00;1.00;1.00;15.00;67 %;6.00;83 %;9.00;56 %;5.00;60 %;5.00;80 %;1.00;100 %;3.00;67 %;3.00;5.00;1;-;-;1.00;38.00;29.00;76 %;-;-;-;-;0.05;-;-;-;0.16;0.16;0.00;-;-;10.00;-;-;3.00;-;-;-;-;10.00;5.00;5.00;3.00;4.00;1.00;2.00
Саид Алиев;СКА-Хабаровск;175;24;П ЛЦ;-;-;-;-;-;-;-;3.00;1.00;1.00;-;-;-;-;-;-;2.00;100 %;-;-;-;-;-;-;-;-;-;-;1.00;100 %;-;-;1.00;-;-;-;-;1.00;3.00;67 %;-;-;3.00;67 %;-;-;2.00;100 %;2.00;100 %;-;-;-;-;1;-;-;1.00;6.00;5.00;83 %;-;-;-;-;-;-;-;-;0.55;0.82;-0.27;-;-;2.00;-;-;-;-;-;1.00;-;2.00;-;2.00;-;2.00;2.00;-
Камиль Ибрагимов;Динамо Махачкала;172;24;Ф Ц;-;-;1.00;-;0 %;-;-;-;-;-;-;-;-;1.00;-;0.45;4.00;50 %;-;-;-;-;1.00;0 %;-;-;-;-;1.00;0 %;-;-;5.00;-;1.00;-;-;-;8.00;13 %;1.00;100 %;7.00;0 %;6.00;0 %;1.00;0 %;-;-;1.00;100 %;1.00;3.00;1;-;-;1.00;18.00;7.00;39 %;0 %;1.00;-;-;0.20;0.45;-;0.00;0.78;0.72;0.06;-;-;2.00;-;-;-;-;-;-;-;1.00;1.00;-;-;-;-;1.00
Игорь Лебеденко;Торпедо Москва;191;24;АП Л;-;-;-;-;-;-;-;-;-;-;-;-;-;-;-;-;5.00;60 %;-;-;-;-;-;-;-;-;-;-;-;-;-;-;5.00;2.00;1.00;-;-;-;4.00;50 %;-;-;4.00;50 %;2.00;0 %;1.00;100 %;-;-;-;-;1.00;1.00;1;-;-;1.00;13.00;8.00;62 %;-;-;-;-;-;-;-;-;-;0.61;-0.61;0.01;0.01;3.00;-;-;-;-;-;-;-;2.00;-;2.00;-;1.00;-;-
Андрюс Рукас;СКА-Хабаровск;179;24;З ЛЦ;-;-;-;-;-;-;1.00;-;-;-;1.00;-;-;-;-;-;8.00;100 %;-;-;-;-;3.00;100 %;-;-;-;-;2.00;100 %;-;-;-;-;-;3.00;-;-;4.00;100 %;3.00;100 %;1.00;100 %;4.00;100 %;-;-;-;-;-;-;1.00;3.00;1;-;-;1.00;16.00;16.00;100 %;-;-;-;-;-;-;-;-;0.55;0.82;-0.27;-;-;8.00;-;-;3.00;-;-;2.00;-;4.00;3.00;1.00;4.00;-;-;-
Илья Стефанович;Торпедо Москва;163;24;Ф Ц;-;-;-;-;-;-;-;-;-;-;-;-;-;-;-;-;4.00;50 %;-;-;1.00;0 %;1.00;100 %;-;-;-;-;-;-;1.00;0 %;3.00;-;1.00;-;-;-;4.00;0 %;-;-;4.00;0 %;4.00;0 %;-;-;-;-;-;-;-;-;1;-;-;1.00;9.00;2.00;22 %;-;-;-;-;-;-;-;-;-;0.61;-0.61;0.08;0.08;2.00;-;-;1.00;-;-;-;-;-;-;-;-;-;-;-
Абу-Сад Элударушев;ФК Акрон Тольятти;166;23;Ф Ц;-;-;-;-;-;-;-;-;-;-;-;-;-;-;-;-;4.00;100 %;-;-;-;-;1.00;100 %;-;-;-;-;1.00;100 %;-;-;2.00;-;-;-;-;-;4.00;25 %;-;-;4.00;25 %;3.00;33 %;-;-;-;-;-;-;-;1.00;1;-;-;1.00;9.00;6.00;67 %;-;-;-;-;-;-;-;-;0.07;0.44;-0.37;-;-;4.00;-;-;1.00;-;-;1.00;-;1.00;-;1.00;1.00;-;-;-
Евгений Песегов;ФК Акрон Тольятти;184;23;АП Ц;-;-;-;-;-;-;-;-;1.00;1.00;-;-;-;-;-;-;19.00;89 %;-;-;-;-;6.00;67 %;2.00;100 %;-;-;2.00;100 %;3.00;67 %;2.00;1.00;-;3.00;2.00;-;2.00;100 %;2.00;100 %;-;-;-;-;-;-;-;-;2.00;100 %;-;4.00;1;-;-;1.00;25.00;23.00;92 %;-;-;-;-;-;-;-;-;0.07;0.44;-0.37;-;-;17.00;-;-;4.00;2.00;-;2.00;2.00;2.00;2.00;-;-;-;-;2.00
Лев Скворцов;Химки;191;23;ЗП П;-;-;-;-;-;-;-;-;-;-;-;-;-;-;-;-;9.00;67 %;-;-;1.00;0 %;3.00;33 %;-;-;-;-;2.00;50 %;2.00;0 %;1.00;-;1.00;1.00;-;-;4.00;50 %;1.00;100 %;3.00;33 %;3.00;33 %;-;-;-;-;-;-;1.00;2.00;1;-;-;1.00;17.00;11.00;65 %;-;-;-;-;-;-;-;-;0.16;0.06;0.10;-;-;6.00;-;-;1.00;-;-;1.00;-;2.00;1.00;1.00;1.00;-;-;-
Данил Степанов;Химки;194;23;ЗП Л;-;-;-;-;-;-;-;-;-;-;-;-;-;-;-;-;16.00;75 %;-;-;2.00;0 %;3.00;67 %;-;-;-;-;3.00;100 %;3.00;33 %;2.00;1.00;-;-;-;2.00;5.00;100 %;4.00;100 %;1.00;100 %;2.00;100 %;-;-;-;-;2.00;100 %;1.00;1.00;1;-;-;1.00;25.00;21.00;84 %;-;-;-;-;0.26;-;-;-;0.16;0.06;0.10;-;-;12.00;-;-;2.00;-;-;3.00;1.00;5.00;4.00;1.00;2.00;-;-;2.00
Константин Базелюк;Нефтехимик Нижнекамск;233;22;АП ПЦ;1.00;-;1.00;1.00;100 %;-;-;1.00;-;-;-;-;1.00;1.00;1.00;0.75;5.00;80 %;-;-;1.00;0 %;-;-;-;-;-;-;-;-;1.00;0 %;2.00;-;-;1.00;1.00;-;5.00;80 %;1.00;100 %;4.00;75 %;2.00;100 %;1.00;100 %;1.00;100 %;1.00;100 %;-;1.00;1;-;-;1.00;12.00;10.00;83 %;100 %;-;-;-;-;0.75;0.75;1.33;-;-;-;-;-;4.00;-;-;-;-;-;-;-;4.00;1.00;3.00;2.00;1.00;1.00;1.00
Борис Фартуна;КамАЗ Набережные Челны;192;22;АП П;-;-;-;-;-;-;-;1.00;-;-;-;-;-;-;-;-;9.00;67 %;-;-;-;-;1.00;100 %;-;-;-;-;-;-;2.00;0 %;2.00;-;-;1.00;-;1.00;4.00;50 %;1.00;0 %;3.00;67 %;-;-;1.00;100 %;1.00;100 %;1.00;0 %;1.00;1.00;1;-;-;1.00;16.00;11.00;69 %;-;-;-;-;-;-;-;-;0.33;0.35;-0.02;-;-;6.00;-;-;1.00;-;-;-;-;2.00;-;2.00;-;1.00;1.00;-
Юрий Кириллов;КамАЗ Набережные Челны;193;22;П ПЦ;-;-;-;-;-;-;3.00;-;-;-;-;-;-;-;-;-;11.00;55 %;-;-;2.00;0 %;5.00;60 %;1.00;100 %;-;-;2.00;100 %;3.00;0 %;3.00;-;-;-;-;-;3.00;0 %;3.00;0 %;-;-;-;-;-;-;-;-;1.00;0 %;-;3.00;1;-;-;1.00;17.00;9.00;53 %;-;-;-;-;-;-;-;-;0.33;0.35;-0.02;-;-;6.00;-;-;3.00;1.00;-;2.00;-;-;-;-;-;-;-;-
Анатолий Немченко;Енисей Красноярск;192;22;АП Ц;-;-;-;-;-;-;-;1.00;-;-;-;-;-;-;-;-;11.00;91 %;-;-;2.00;50 %;-;-;-;-;-;-;-;-;2.00;100 %;-;-;-;1.00;-;1.00;4.00;75 %;1.00;100 %;3.00;67 %;2.00;50 %;-;-;-;-;1.00;100 %;1.00;2.00;1;-;-;1.00;19.00;17.00;89 %;-;-;-;-;0.15;-;-;-;0.82;0.55;0.27;-;-;10.00;-;1.00;-;-;-;-;2.00;3.00;1.00;2.00;1.00;-;-;1.00
Марат Ситдиков;Нефтехимик Нижнекамск;194;22;ЗП Л;-;-;-;-;-;-;-;-;-;-;-;-;-;-;-;-;14.00;71 %;-;-;2.00;0 %;5.00;40 %;2.00;0 %;-;-;2.00;50 %;3.00;33 %;3.00;-;-;5.00;2.00;-;3.00;67 %;1.00;100 %;2.00;50 %;-;-;2.00;50 %;1.00;0 %;1.00;100 %;1.00;5.00;1;-;-;1.00;23.00;18.00;78 %;-;-;-;-;-;-;-;-;-;-;-;-;-;10.00;-;-;2.00;-;-;1.00;1.00;2.00;1.00;1.00;-;1.00;-;1.00
Денис Талалай;Нефтехимик Нижнекамск;171;22;ЗП ЛЦ;-;-;-;-;-;-;-;-;-;-;-;-;-;-;-;-;7.00;86 %;-;-;-;-;2.00;100 %;-;-;-;-;1.00;100 %;-;-;1.00;1.00;-;-;-;2.00;3.00;67 %;1.00;0 %;2.00;100 %;1.00;0 %;-;-;-;-;-;-;-;-;1;-;-;1.00;12.00;10.00;83 %;-;-;-;-;-;-;-;-;-;-;-;-;-;6.00;-;-;2.00;-;-;1.00;-;2.00;-;2.00;-;-;-;-
Дэнис Файзуллин;Арсенал Тула;181;21;АП П;-;-;-;-;-;-;-;1.00;-;-;-;-;-;1.00;-;0.02;11.00;55 %;-;-;5.00;0 %;1.00;100 %;1.00;100 %;1.00;100 %;-;-;2.00;0 %;4.00;1.00;1.00;-;-;3.00;5.00;20 %;1.00;0 %;4.00;25 %;2.00;0 %;-;-;-;-;1.00;0 %;-;1.00;1;-;-;1.00;22.00;11.00;50 %;0 %;1.00;-;-;0.02;0.02;-;0.00;0.60;-;0.60;-;-;6.00;-;-;1.00;1.00;1.00;-;-;1.00;-;1.00;-;-;-;-
Михаил Гащенков;Шинник;193;21;П ЛЦ;-;-;-;-;-;-;-;-;-;-;-;-;-;-;-;-;4.00;100 %;-;-;-;-;2.00;100 %;1.00;100 %;-;-;2.00;100 %;-;-;-;-;-;2.00;1.00;-;7.00;43 %;5.00;40 %;2.00;50 %;3.00;33 %;-;-;-;-;2.00;100 %;1.00;-;1;-;-;1.00;12.00;8.00;67 %;-;-;-;-;-;-;-;-;0.50;0.78;-0.28;-;-;4.00;-;-;2.00;1.00;-;2.00;-;3.00;2.00;1.00;1.00;-;-;2.00
Максим Караев;Сокол Саратов;189;21;АП Л;-;-;-;-;-;-;-;-;-;-;-;-;-;-;-;-;20.00;65 %;-;-;3.00;0 %;2.00;0 %;2.00;0 %;-;-;2.00;0 %;4.00;25 %;1.00;-;-;1.00;-;-;5.00;60 %;3.00;67 %;2.00;50 %;3.00;33 %;-;-;-;-;2.00;100 %;2.00;2.00;1;-;-;1.00;29.00;20.00;69 %;-;-;-;-;0.14;-;-;-;0.17;-;0.17;-;-;13.00;-;-;-;-;-;-;1.00;3.00;2.00;1.00;1.00;-;-;2.00
Игорь Леонтьев;Сокол Саратов;171;21;ЗП ЛЦ;-;-;-;-;-;-;-;-;-;-;-;-;-;1.00;-;0.01;16.00;69 %;-;-;-;-;3.00;0 %;1.00;0 %;-;-;2.00;50 %;1.00;0 %;4.00;1.00;-;2.00;2.00;-;5.00;40 %;3.00;67 %;2.00;0 %;1.00;0 %;-;-;-;-;2.00;100 %;3.00;1.00;1;-;-;1.00;26.00;17.00;65 %;0 %;1.00;-;-;-;0.01;-;0.00;0.17;-;0.17;-;-;11.00;-;-;-;-;-;1.00;-;2.00;2.00;-;-;-;-;2.00
Алекс Мацукатов;Арсенал Тула;185;21;П ЛЦ;-;-;-;-;-;-;-;-;-;-;-;-;-;-;-;-;10.00;70 %;-;-;1.00;0 %;-;-;-;-;-;-;-;-;3.00;33 %;2.00;-;1.00;-;-;-;3.00;0 %;2.00;0 %;1.00;0 %;1.00;0 %;-;-;-;-;1.00;0 %;-;-;1;-;-;1.00;14.00;7.00;50 %;-;-;-;-;-;-;-;-;0.60;-;0.60;-;-;7.00;-;-;-;-;-;-;1.00;-;-;-;-;-;-;-
Артём Самсонов;Торпедо Москва;189;20;ЗЛ;-;-;-;-;-;-;-;-;-;-;-;-;-;-;-;-;7.00;100 %;-;-;-;-;1.00;100 %;-;-;-;-;1.00;100 %;-;-;-;-;-;2.00;-;-;3.00;100 %;3.00;100 %;-;-;1.00;100 %;-;-;-;-;1.00;100 %;1.00;1.00;1;-;-;1.00;12.00;12.00;100 %;-;-;-;-;-;-;-;-;-;0.60;-0.60;-;-;7.00;-;-;1.00;-;-;1.00;-;3.00;3.00;-;1.00;-;-;1.00
Артём Делькин;Черноморец;172;18;Ф Ц;-;-;1.00;-;0 %;-;-;-;-;-;-;-;-;1.00;-;0.35;3.00;100 %;-;-;-;-;-;-;-;-;-;-;-;-;-;-;1.00;-;-;-;-;-;2.00;50 %;-;-;2.00;50 %;1.00;0 %;-;-;-;-;-;-;-;-;1;-;-;1.00;6.00;4.00;67 %;0 %;1.00;-;-;-;0.35;-;0.00;0.35;0.33;0.02;-;-;3.00;-;-;-;-;-;-;-;1.00;-;1.00;-;-;-;-
Александр Безчаснюк;Родина Москва;195;17;З П;-;-;-;-;-;-;-;-;-;-;-;-;-;-;-;-;8.00;100 %;-;-;-;-;2.00;100 %;1.00;100 %;-;-;-;-;-;-;-;-;-;1.00;-;-;2.00;100 %;2.00;100 %;-;-;-;-;-;-;-;-;1.00;100 %;2.00;1.00;1;-;-;1.00;14.00;14.00;100 %;-;-;-;-;-;-;-;-;-;-;-;-;-;8.00;-;-;2.00;1.00;-;-;-;2.00;2.00;-;-;-;-;1.00
Амур Калмыков;Родина Москва;203;17;Ф ПЦ;1.00;-;1.00;1.00;100 %;-;-;-;-;-;-;-;-;1.00;1.00;0.75;4.00;100 %;-;-;-;-;-;-;-;-;-;-;-;-;-;-;1.00;1.00;-;1.00;-;-;2.00;0 %;1.00;0 %;1.00;0 %;1.00;0 %;-;-;-;-;-;-;1.00;1.00;1;-;-;1.00;9.00;7.00;78 %;100 %;-;-;-;-;0.75;0.75;1.33;-;-;-;-;-;4.00;-;-;-;-;-;-;-;-;-;-;-;-;-;-
Ираклий Логуа;Енисей Красноярск;182;17;Ф ЛЦ;-;-;-;-;-;-;-;-;-;-;-;-;-;1.00;1.00;0.04;4.00;100 %;-;-;-;-;1.00;100 %;-;-;-;-;1.00;100 %;-;-;-;-;-;-;-;-;3.00;67 %;1.00;100 %;2.00;50 %;1.00;0 %;-;-;-;-;1.00;100 %;-;-;1;-;-;1.00;8.00;7.00;88 %;100 %;-;-;-;0.04;0.04;-;0.00;0.15;0.55;-0.40;-;-;4.00;-;-;1.00;-;-;1.00;-;2.00;1.00;1.00;-;-;-;1.00
Константин Шильцов;Родина Москва;191;17;Ф ЛЦ;-;-;-;-;-;1.00;-;1.00;-;-;-;-;-;-;-;-;6.00;83 %;-;-;-;-;1.00;0 %;-;-;-;-;-;-;-;-;1.00;1.00;1.00;1.00;1.00;-;5.00;60 %;2.00;0 %;3.00;100 %;1.00;100 %;2.00;100 %;2.00;100 %;1.00;0 %;1.00;1.00;1;-;-;1.00;14.00;10.00;71 %;-;-;-;-;-;-;-;-;-;-;-;-;-;5.00;-;-;-;-;-;-;-;3.00;-;3.00;1.00;2.00;2.00;-
Данил Казанцев;Сокол Саратов;182;16;ЗП ПЦ;-;-;-;-;-;-;-;1.00;-;-;-;-;-;1.00;-;0.02;13.00;85 %;-;-;-;-;1.00;100 %;-;-;-;-;1.00;0 %;-;-;1.00;-;-;1.00;-;1.00;4.00;100 %;2.00;100 %;2.00;100 %;3.00;100 %;-;-;-;-;-;-;-;1.00;1;-;-;1.00;20.00;17.00;85 %;0 %;1.00;-;-;-;0.02;-;0.00;0.17;-;0.17;-;-;11.00;-;-;1.00;-;-;-;-;4.00;2.00;2.00;3.00;-;-;-
Михаил Маркин;Ленинградец;172;16;Ф Ц;-;-;-;-;-;-;1.00;-;-;-;-;-;-;-;-;-;8.00;63 %;-;-;-;-;2.00;50 %;-;-;-;-;1.00;0 %;-;-;5.00;1.00;-;-;-;-;9.00;22 %;5.00;0 %;4.00;50 %;6.00;33 %;-;-;-;-;-;-;-;1.00;1;-;-;1.00;18.00;8.00;44 %;-;-;-;-;-;-;-;-;-;0.17;-0.17;-;-;5.00;-;-;1.00;-;-;-;-;2.00;-;2.00;2.00;-;-;-
Руслан Лисакович;Динамо Махачкала;185;15;ЗП ПЦ;-;-;-;-;-;-;1.00;1.00;-;-;-;-;-;-;-;-;5.00;60 %;-;-;-;-;1.00;0 %;1.00;0 %;-;-;2.00;50 %;1.00;100 %;1.00;1.00;-;-;-;-;4.00;50 %;4.00;50 %;-;-;2.00;50 %;-;-;-;-;-;-;-;1.00;1;-;-;1.00;10.00;6.00;60 %;-;-;-;-;0.20;-;-;-;0.78;0.03;0.75;-;-;3.00;-;-;-;-;-;1.00;1.00;2.00;2.00;-;1.00;-;-;-
Александр Сандрачук;Динамо Махачкала;193;15;ЗП П;-;-;-;-;-;-;-;-;-;-;-;-;-;-;-;-;8.00;75 %;-;-;-;-;4.00;75 %;1.00;100 %;1.00;100 %;2.00;100 %;-;-;1.00;-;1.00;-;-;1.00;1.00;0 %;1.00;0 %;-;-;-;-;-;-;-;-;1.00;0 %;-;1.00;1;-;-;1.00;12.00;8.00;67 %;-;-;-;-;-;-;-;-;0.78;0.03;0.75;-;-;6.00;-;-;3.00;1.00;1.00;2.00;-;-;-;-;-;-;-;-
Темиркан Сундуков;Динамо Махачкала;194;15;ЗП Л;-;-;-;-;-;-;-;-;-;-;-;-;-;-;-;-;8.00;88 %;-;-;-;-;1.00;100 %;-;-;-;-;1.00;100 %;1.00;0 %;-;-;-;1.00;1.00;-;5.00;100 %;2.00;100 %;3.00;100 %;2.00;100 %;-;-;-;-;-;-;1.00;1.00;1;-;-;1.00;15.00;14.00;93 %;-;-;-;-;-;-;-;-;0.78;0.03;0.75;0.03;0.03;7.00;-;-;1.00;-;-;1.00;-;5.00;2.00;3.00;2.00;-;-;-
Даниил Мартовой;ФК Волгарь;192;13;АП Л;-;-;-;-;-;-;-;-;-;1.00;-;-;-;2.00;-;0.06;2.00;0 %;-;-;-;-;-;-;-;-;-;-;-;-;-;-;2.00;1.00;1.00;-;-;-;6.00;33 %;1.00;0 %;5.00;40 %;1.00;0 %;2.00;50 %;1.00;100 %;-;-;-;1.00;1;-;-;1.00;12.00;3.00;25 %;0 %;-;2.00;-;-;0.03;-;0.00;0.06;0.13;-0.07;0.13;0.13;-;-;-;-;-;-;-;-;2.00;-;2.00;-;1.00;1.00;-
Степан Мельников;Алания Владикавказ;191;13;АП Л;-;-;-;-;-;1.00;-;-;-;-;-;-;-;-;-;-;7.00;43 %;1.00;100 %;-;-;1.00;0 %;2.00;50 %;-;-;-;-;4.00;50 %;4.00;-;1.00;1.00;-;-;4.00;50 %;2.00;50 %;2.00;50 %;-;-;2.00;50 %;2.00;50 %;1.00;100 %;1.00;-;1;-;-;1.00;13.00;6.00;46 %;-;-;-;-;0.10;-;-;-;0.62;0.08;0.54;-;-;3.00;1.00;-;-;1.00;-;-;2.00;2.00;1.00;1.00;-;1.00;1.00;1.00
Азамат Засеев;Алания Владикавказ;-;13;П ПЦ;-;-;-;-;-;-;-;-;-;-;-;-;-;-;-;-;4.00;100 %;-;-;-;-;-;-;-;-;-;-;-;-;-;-;-;-;-;-;-;-;2.00;50 %;2.00;50 %;-;-;1.00;100 %;-;-;-;-;-;-;-;2.00;1;-;-;1.00;8.00;7.00;88 %;-;-;-;-;-;-;-;-;0.62;0.08;0.54;-;-;4.00;-;-;-;-;-;-;-;1.00;1.00;-;1.00;-;-;-
Роман Кудрявцев;Ленинградец;189;10;ЗП ПЦ;-;-;-;-;-;-;-;-;-;-;-;-;-;-;-;-;4.00;75 %;-;-;-;-;1.00;100 %;-;-;-;-;-;-;-;-;2.00;-;1.00;2.00;-;-;3.00;67 %;1.00;100 %;2.00;50 %;2.00;50 %;-;-;-;-;-;-;1.00;1.00;1;-;-;1.00;10.00;7.00;70 %;-;-;-;-;-;-;-;-;-;0.03;-0.03;0.02;0.02;3.00;-;-;1.00;-;-;-;-;2.00;1.00;1.00;1.00;-;-;-
Александр Ставпец;Шинник;-;10;АП П;-;-;-;-;-;-;1.00;-;-;-;-;-;-;-;-;-;-;-;-;-;-;-;-;-;-;-;-;-;-;-;-;-;1.00;-;-;-;-;-;2.00;0 %;-;-;2.00;0 %;-;-;-;-;-;-;-;-;1.00;-;1;-;-;1.00;3.00;1.00;33 %;-;-;-;-;-;-;-;-;-;0.78;-0.78;-;-;-;-;-;-;-;-;-;-;-;-;-;-;-;-;-
Андрей Яковлев;Ленинградец;-;10;АП ЛЦ;-;-;-;-;-;-;-;-;-;-;-;-;-;-;-;-;2.00;50 %;-;-;-;-;-;-;-;-;-;-;-;-;-;-;1.00;-;1.00;-;-;-;1.00;0 %;-;-;1.00;0 %;-;-;-;-;-;-;-;-;-;-;1;-;-;1.00;5.00;2.00;40 %;-;-;-;-;-;-;-;-;-;0.03;-0.03;-;-;1.00;-;-;-;-;-;-;-;-;-;-;-;-;-;-
Роман Защепкин;КамАЗ Набережные Челны;-;8;П ЛЦ;-;-;-;-;-;-;-;-;-;-;-;-;-;-;-;-;3.00;100 %;-;-;-;-;1.00;100 %;-;-;-;-;-;-;-;-;-;-;-;1.00;-;-;3.00;33 %;1.00;100 %;2.00;0 %;-;-;-;-;-;-;1.00;100 %;-;-;1;-;-;1.00;6.00;4.00;67 %;-;-;-;-;-;-;-;-;0.30;-;0.30;-;-;3.00;-;-;1.00;-;-;-;-;1.00;1.00;-;-;-;-;1.00
Илья Камышев;Родина Москва;-;7;ЗП ПЦ;-;-;-;-;-;-;-;-;-;-;-;-;-;-;-;-;2.00;100 %;-;-;-;-;-;-;-;-;-;-;-;-;-;-;-;-;-;-;-;-;1.00;100 %;1.00;100 %;-;-;-;-;-;-;-;-;-;-;-;-;1;-;-;1.00;3.00;3.00;100 %;-;-;-;-;-;-;-;-;-;-;-;-;-;2.00;-;-;-;-;-;-;-;1.00;1.00;-;-;-;-;-
Алимхан Зайнивов;Динамо Махачкала;210;6;АП ПЦ;-;-;-;-;-;-;-;1.00;-;-;-;-;-;1.00;-;0.20;7.00;43 %;-;-;-;-;-;-;-;-;-;-;-;-;6.00;33 %;-;-;-;-;-;-;1.00;100 %;-;-;1.00;100 %;-;-;1.00;100 %;1.00;100 %;-;-;-;1.00;1;-;-;1.00;10.00;5.00;50 %;0 %;1.00;-;-;-;0.20;-;0.00;0.33;-;0.33;-;-;3.00;-;-;-;-;-;-;2.00;1.00;-;1.00;-;1.00;1.00;-
Матвей Першин;Нефтехимик Нижнекамск;-;5;Ф Ц;-;-;-;-;-;-;-;-;-;-;-;-;-;-;-;-;-;-;-;-;-;-;-;-;-;-;-;-;-;-;-;-;-;-;-;-;-;-;2.00;0 %;-;-;2.00;0 %;1.00;0 %;-;-;-;-;-;-;-;-;1;-;-;1.00;2.00;-;0 %;-;-;-;-;-;-;-;-;-;-;-;-;-;-;-;-;-;-;-;-;-;-;-;-;-;-;-;-
Александр Масловский;Енисей Красноярск;-;4;П Л;-;-;-;-;-;-;-;-;-;-;-;-;-;-;-;-;2.00;0 %;-;-;-;-;-;-;-;-;-;-;-;-;-;-;-;-;-;-;-;-;-;-;-;-;-;-;-;-;-;-;-;-;-;-;-;1.00;1;-;-;1.00;3.00;1.00;33 %;-;-;-;-;-;-;-;-;0.04;0.20;-0.16;-;-;-;-;-;-;-;-;-;-;-;-;-;-;-;-;-
Андрей Окладников;Енисей Красноярск;-;4;Ф ПЦ;-;-;-;-;-;-;1.00;-;-;1.00;-;-;1.00;-;-;-;-;-;-;-;-;-;-;-;-;-;-;-;-;-;-;-;1.00;-;-;-;-;-;1.00;0 %;1.00;0 %;-;-;1.00;0 %;-;-;-;-;-;-;-;-;1;-;-;1.00;1.00;-;0 %;-;-;-;-;-;-;-;-;0.04;0.20;-0.16;-;-;-;-;-;-;-;-;-;-;-;-;-;-;-;-;-
