Футболист;Команда;Индекс;Минут на поле;Позиция;Голы;Передачи голевые;Голевые моменты;Голевые моменты удачные;Голевые моменты удачные. %;Голевые моменты создал;Фолы;Фолы на игроке;Голевые ошибки;Грубые ошибки;Желтые карточки;Красные карточки;Офсайды;Удары;Удары в створ;xG (ожидаемые голы);Передачи;Передачи точные. %;Передачи ключевые;Передачи ключевые точные. %;Навесы;Навесы точные. %;Передачи прогрессивные;Передачи прогрессивные точные. %;Передачи длинные;Передачи длинные точные. %;Передачи сверхдлинные;Передачи сверхдлинные точные. %;Передачи вперед в финальную треть;Передачи вперед в финальную треть точные. %;Передачи в штрафную;Передачи в штрафную точные. %;Потери;Потери мяча на своей половине;Обработки мяча неудачные;Овладевания мячом;Овладевания мячом на половине поля соперника;Ведения мяча;Единоборства;Единоборства удачные. %;Единоборства в обороне;Единоборства в обороне удачные. %;Единоборства в атаке;Единоборства в атаке удачные. %;Единоборства вверху;Единоборства вверху удачные. %;Обводки;Обводки удачные. %;Обводки в финальной трети поля;Обводки в финальной трети поля удачные. %;Отборы;Отборы удачные. %;Перехваты;Подборы;Матчей сыграно;Появление в стартовом составе;Был заменен;Вышел на замену;ТТД;ТТД удачные;ТТД удачные. %;Удары точные. %;Удары мимо;Удары перехваченные;Удары в штангу / перекладину;xA (ожидаемые передачи);xGPS (xG на удар);xGPG (xG на гол);xGC (конверсия xG);xGT (xG при игроке на поле);xGOPP (xG соперника при игроке на поле);NxG (чистый xG. разница xGT - xGOPP);xGD (оборонительный xG);xGDPS (оборонительный xG на удар);Передачи точные;Передачи ключевые точные;Навесы точные;Передачи прогрессивные точные;Передачи длинные точные;Передачи сверхдлинные точные;Передачи вперед в финальную треть точные;Передачи в штрафную точные;Единоборства удачные;Единоборства в обороне удачные;Единоборства в атаке удачные;Единоборства вверху удачные;Обводки удачные;Обводки в финальной трети поля удачные;Отборы удачные
Арсен Адамов;Зенит;–;90;З П;–;–;–;–;–;–;–;22.5;–;–;–;–;–;–;–;–;135;83 %;–;–;22.5;0 %;–;–;–;–;–;–;–;–;22.5;0 %;–;–;–;–;–;–;22.5;100 %;–;–;22.5;100 %;–;–;–;–;–;–;–;–;–;–;1;–;–;22.5;157.5;135;86 %;–;–;–;–;–;–;–;–;–;–;–;–;–;112.5;–;–;–;–;–;–;–;22.5;–;22.5;–;–;–;–
Кики;Урал Екатеринбург;–;90;ЗП Л;–;–;–;–;–;1.22;1.22;1.22;0.61;0.61;–;–;–;–;–;–;37.09;82 %;1.22;100 %;1.82;67 %;9.12;67 %;3.65;83 %;0.61;0 %;7.3;42 %;6.69;64 %;3.4;–;0.61;3.65;0.61;–;9.73;81 %;6.69;82 %;3.4;80 %;2.43;75 %;–;–;–;–;3.65;67 %;2.43;7.3;2;0.61;–;0.61;57.77;48.65;84 %;–;–;–;–;0.21;–;–;–;0.49;0.66;-0.17;–;–;30.41;1.22;1.22;6.8;3.4;–;3.4;4.26;7.91;5.47;2.43;1.82;–;–;2.43
Гамид Агаларов;ФК Ахмат;–;90;АП Ц;1.7;–;1.7;1.7;100 %;–;1.7;1.7;–;–;–;–;–;1.7;1.7;1.27;6.79;25 %;–;–;–;–;–;–;–;–;–;–;–;–;–;–;6.79;–;–;–;–;–;11.89;0 %;–;–;11.89;0 %;3.4;0 %;1.7;0 %;–;–;–;–;–;3.4;2;–;–;3.4;23.77;6.79;29 %;100 %;–;–;–;–;0.75;0.75;1.33;1.48;1.4;0.44;–;–;1.7;–;–;–;–;–;–;–;–;–;–;–;–;–;–
Роман Акбашев;Ростов;–;90;П ЛЦ;–;–;–;–;–;–;2.31;–;–;–;2.31;–;–;2.31;2.31;0.14;23.08;80 %;–;–;2.31;100 %;4.62;50 %;–;–;–;–;–;–;–;–;–;–;–;2.31;–;–;13.85;17 %;9.23;0 %;4.62;50 %;6.92;33 %;–;–;–;–;–;–;4.62;4.62;1;–;–;2.31;48.46;32.31;67 %;100 %;–;–;–;0.21;0.06;–;0;0.69;0.35;0.35;–;–;18.46;–;2.31;2.31;–;–;–;–;2.31;–;2.31;2.31;–;–;–
Ильзат Ахметов;ФК Краснодар;–;90;АП П;–;–;1.97;–;0 %;0.66;1.31;–;–;–;–;–;–;1.31;1.31;0.56;28.25;84 %;0.66;100 %;–;–;7.23;73 %;0.66;100 %;–;–;3.28;60 %;1.31;0 %;8.54;1.31;0.66;1.97;–;1.31;17.08;38 %;5.91;44 %;11.17;35 %;–;–;5.91;44 %;3.28;40 %;4.6;29 %;3.28;3.94;2;1.31;1.31;–;55.18;39.42;71 %;100 %;–;–;–;0.35;0.43;–;0;2.51;1.63;0.88;–;–;23.65;0.66;–;5.26;0.66;–;1.97;–;6.57;2.63;3.94;–;2.63;1.31;1.31
Виктор Александров;Пари Нижний Новгород;–;90;З ЛЦ;–;–;–;–;–;–;3.46;–;–;–;–;1.73;–;–;–;–;10.38;83 %;–;–;–;–;1.73;100 %;–;–;–;–;–;–;–;–;3.46;3.46;–;6.92;1.73;–;10.38;67 %;10.38;67 %;–;–;1.73;100 %;–;–;–;–;6.92;50 %;3.46;–;1;1.73;–;–;24.23;19.04;79 %;–;–;–;–;–;–;–;–;1.3;0.76;0.54;–;–;8.65;–;–;1.73;–;–;–;–;6.92;6.92;–;1.73;–;–;3.46
Нуралы Алип;Зенит;–;90;З Ц;–;–;–;–;–;–;–;–;–;–;–;–;–;–;–;–;6.43;100 %;–;–;–;–;–;–;–;–;–;–;–;–;–;–;–;–;–;–;–;–;6.43;100 %;6.43;100 %;–;–;6.43;100 %;–;–;–;–;–;–;–;–;1;–;–;6.43;12.86;12.86;100 %;–;–;–;–;–;–;–;–;–;0.64;-0.64;–;–;6.43;–;–;–;–;–;–;–;6.43;6.43;–;6.43;–;–;–
Хуниор Осмар Игнасио Алонсо Мухика;ФК Краснодар;–;90;З ЛЦ;–;–;0.93;–;0 %;0.47;–;–;–;–;–;–;–;0.93;0.47;0.11;65.28;86 %;0.47;0 %;–;–;13.52;62 %;4.2;56 %;0.47;100 %;6.99;40 %;0.93;0 %;6.6;1.87;0.47;2.8;0.93;3.26;5.6;75 %;3.26;86 %;2.33;60 %;2.8;67 %;–;–;–;–;1.87;75 %;5.13;5.6;2;0.93;–;–;86.74;75.08;87 %;50 %;0.47;–;–;–;0.12;–;0;2.2;1.3;0.73;0.03;0.02;55.96;–;–;8.39;2.33;0.47;2.8;–;4.2;2.8;1.4;1.87;–;–;1.4
Ильнур Альшин;Факел Воронеж;–;90;ЗП Л;–;–;–;–;–;0.46;1.84;1.84;0.46;0.46;–;–;0.46;0.92;–;0.04;33.06;63 %;0.46;100 %;3.67;38 %;7.81;59 %;3.21;14 %;–;–;4.59;60 %;6.89;40 %;7.35;1.38;–;4.13;0.92;0.92;19.29;62 %;11.94;69 %;7.35;50 %;2.76;83 %;2.3;60 %;2.3;60 %;8.72;68 %;3.21;5.97;2;0.92;–;–;64.74;44.08;68 %;0 %;–;0.92;–;0.35;0.04;–;0;2.31;1.55;0.76;–;–;20.66;0.46;1.38;4.59;0.46;–;2.76;2.76;11.94;8.27;3.67;2.3;1.38;1.38;5.97
Хызыр Аппаев;Факел Воронеж;–;90;Ф ЛЦ;–;0.46;0.46;–;0 %;0.92;0.92;0.92;–;–;0.46;–;1.38;0.92;0.92;0.15;19.74;65 %;–;–;2.3;20 %;2.3;40 %;–;–;–;–;2.3;40 %;3.21;29 %;8.27;0.46;0.92;0.46;–;0.46;17.45;34 %;4.13;33 %;13.32;34 %;10.56;39 %;0.92;50 %;0.92;50 %;1.38;100 %;0.92;3.21;2;0.92;–;–;43.62;24.34;56 %;100 %;–;–;–;0.38;0.17;–;0;2.31;1.55;0.76;–;–;12.86;–;0.46;0.92;–;–;0.92;0.92;5.97;1.38;4.59;4.13;0.46;0.46;1.38
Марат Апшацев;Рубин Казань;–;90;П ЛЦ;–;–;–;–;–;–;5.62;11.25;–;–;–;–;–;–;–;–;28.12;80 %;–;–;–;–;–;–;–;–;–;–;–;–;–;–;11.25;5.62;–;–;–;–;33.75;50 %;11.25;0 %;22.5;75 %;–;–;11.25;100 %;5.62;100 %;11.25;0 %;–;16.88;2;–;–;11.25;84.38;61.88;73 %;–;–;–;–;–;–;–;–;0.11;–;0.11;–;–;22.5;–;–;–;–;–;–;–;16.88;–;16.88;–;11.25;5.62;–
Ярослав Арбузов;ЦСКА Москва;–;90;АП ЛЦ;–;–;–;–;–;–;–;8.18;–;–;–;–;–;–;–;–;24.55;100 %;–;–;–;–;–;–;–;–;–;–;–;–;–;–;8.18;8.18;–;8.18;–;–;24.55;67 %;–;–;24.55;67 %;–;–;8.18;100 %;8.18;100 %;–;–;8.18;–;1;–;–;8.18;57.27;49.09;86 %;–;–;–;–;–;–;–;–;–;–;–;–;–;24.55;–;–;–;–;–;–;–;16.36;–;16.36;–;8.18;8.18;–
Рустамжон Ашурматов;Рубин Казань;–;90;ЗП Л;–;–;–;–;–;–;–;–;3.1;3.1;–;–;–;–;–;–;37.24;50 %;–;–;–;–;21.72;57 %;6.21;50 %;–;–;15.52;80 %;3.1;100 %;6.21;3.1;–;6.21;–;–;24.83;63 %;21.72;57 %;3.1;100 %;12.41;50 %;–;–;–;–;9.31;67 %;9.31;15.52;1;–;–;3.1;86.9;58.97;68 %;–;–;–;–;–;–;–;–;0.22;0.53;-0.31;0.47;0.08;18.62;–;–;12.41;3.1;–;12.41;3.1;15.52;12.41;3.1;6.21;–;–;6.21
Тимур Аюпов;Урал Екатеринбург;–;90;ЗП ЛЦ;0.48;–;0.96;0.48;50 %;–;0.96;–;–;0.48;–;–;–;1.91;0.48;0.55;26.81;75 %;0.96;0 %;0.48;0 %;6.22;62 %;2.39;60 %;–;–;6.22;62 %;0.48;0 %;6.22;1.44;–;1.91;0.48;0.48;10.05;33 %;4.79;20 %;5.27;45 %;3.35;71 %;0.48;0 %;0.48;0 %;0.96;0 %;4.79;5.74;2;0.96;0.48;–;49.79;34.95;70 %;25 %;0.96;0.48;–;0.01;0.28;1.14;0.88;1.19;0.86;0.34;–;–;20.11;–;–;3.83;1.44;–;3.83;–;3.35;0.96;2.39;2.39;–;–;–
Сергей Бабкин;Крылья Советов;–;90;ЗП ЛЦ;2.25;–;2.25;2.25;100 %;–;2.25;–;–;–;–;–;–;2.25;2.25;0.47;33.75;93 %;–;–;–;–;4.5;100 %;2.25;100 %;–;–;2.25;100 %;–;–;2.25;2.25;–;–;–;2.25;13.5;83 %;–;–;13.5;83 %;2.25;100 %;6.75;100 %;4.5;100 %;–;–;2.25;–;2;–;–;4.5;54;49.5;92 %;100 %;–;–;–;–;0.21;0.21;4.76;0.56;1.53;-0.97;–;–;31.5;–;–;4.5;2.25;–;2.25;–;11.25;–;11.25;2.25;6.75;4.5;–
Абдула Багамаев;Факел Воронеж;–;90;ЗП ЛЦ;–;–;–;–;–;–;6;–;–;–;6;–;–;6;–;0.12;18;100 %;–;–;–;–;6;100 %;6;100 %;–;–;6;100 %;–;–;6;–;–;12;–;6;48;63 %;30;60 %;18;67 %;–;–;18;67 %;18;67 %;24;50 %;–;18;1;–;–;6;96;72;75 %;0 %;6;–;–;–;0.02;–;0;3.84;1.98;1.86;–;–;18;–;–;6;6;–;6;–;30;18;12;–;12;12;12
Солтмурад Бакаев;Рубин Казань;–;90;Ф ПЦ;–;–;–;–;–;–;15;–;–;–;–;–;–;–;–;–;–;–;–;–;–;–;–;–;–;–;–;–;–;–;–;–;15;–;–;–;–;–;30;0 %;–;–;30;0 %;15;0 %;–;–;–;–;–;–;–;–;1;–;–;15;30;–;0 %;–;–;–;–;–;–;–;–;–;–;–;–;–;–;–;–;–;–;–;–;–;–;–;–;–;–;–;–
Зелимхан Бакаев;Зенит;–;90;АП П;–;0.71;0.71;–;0 %;0.71;2.83;2.13;–;0.71;0.71;–;–;–;–;–;52.44;77 %;1.42;0 %;4.25;17 %;11.34;50 %;2.13;67 %;0.71;100 %;2.83;25 %;4.25;50 %;9.92;0.71;1.42;4.25;2.13;2.13;27.64;44 %;12.05;35 %;15.59;50 %;4.25;50 %;5.67;75 %;2.83;75 %;5.67;50 %;3.54;3.54;2;1.42;1.42;–;91.42;62.36;68 %;–;–;–;–;0.24;–;–;–;0.66;0.73;-0.07;–;–;40.39;–;0.71;5.67;1.42;0.71;0.71;2.13;12.05;4.25;7.8;2.13;4.25;2.13;2.83
Фабиан Бальбуэна;Динамо Москва;–;90;З ПЦ;–;–;–;–;–;–;0.47;0.93;0.93;1.87;–;–;–;–;–;–;46.63;81 %;–;–;–;–;13.06;61 %;2.8;67 %;0.93;50 %;6.6;54 %;0.47;0 %;2.8;1.87;–;6.6;0.93;1.4;9.33;65 %;8.86;63 %;0.47;100 %;3.73;63 %;–;–;–;–;3.26;57 %;5.6;2.33;2;0.93;–;–;65.75;53.63;82 %;–;–;–;–;–;–;–;–;1.4;1.28;0.12;0.01;0.02;37.77;–;–;7.93;1.87;0.47;3.26;–;6.6;5.6;0.47;2.33;–;–;1.87
Кейта Балде;Спартак Москва;–;90;Ф Ц;–;–;–;–;–;–;6.43;–;–;–;3.21;–;–;–;–;–;6.43;0 %;–;–;–;–;3.21;0 %;–;–;–;–;–;–;–;–;9.64;3.21;–;–;–;–;19.29;0 %;3.21;0 %;16.07;0 %;16.07;0 %;–;–;–;–;3.21;0 %;6.43;–;2;–;–;6.43;32.14;6.43;20 %;–;–;–;–;–;–;–;–;1.61;0.84;0.77;–;–;–;–;–;–;–;–;–;–;–;–;–;–;–;–;–
Михайло Баньяц;ФК Краснодар;–;90;П ЛЦ;–;–;–;–;–;–;6.43;–;–;–;–;–;–;–;–;–;32.14;100 %;–;–;–;–;12.86;100 %;6.43;100 %;–;–;6.43;100 %;6.43;100 %;–;–;–;6.43;6.43;6.43;19.29;67 %;12.86;50 %;6.43;100 %;6.43;100 %;–;–;–;–;6.43;100 %;–;12.86;2;–;–;12.86;70.71;64.29;91 %;–;–;–;–;–;–;–;–;0.32;–;0.32;–;–;32.14;–;–;12.86;6.43;–;6.43;6.43;12.86;6.43;6.43;6.43;–;–;6.43
Матео Барач;Крылья Советов;–;90;З ЛЦ;–;–;–;–;–;–;–;10;–;–;–;–;–;–;–;–;30;0 %;–;–;–;–;20;0 %;10;0 %;–;–;10;0 %;–;–;10;10;–;–;–;–;10;100 %;10;100 %;–;–;10;100 %;–;–;–;–;–;–;–;20;1;–;–;10;60;30;50 %;–;–;–;–;–;–;–;–;–;–;–;–;–;–;–;–;–;–;–;–;–;10;10;–;10;–;–;–
Мойзес;ЦСКА Москва;–;90;З Ц;–;–;–;–;–;0.44;1.32;0.88;–;1.32;0.44;–;0.44;–;–;–;60;92 %;0.88;50 %;–;–;6.62;80 %;1.32;33 %;0.88;50 %;3.53;63 %;2.21;40 %;3.97;0.44;0.44;10.59;1.32;0.88;18.97;56 %;14.56;58 %;4.41;50 %;2.65;33 %;3.53;50 %;1.32;67 %;5.74;62 %;5.29;7.94;2;0.88;–;–;93.97;80.29;85 %;–;–;–;–;0.16;–;–;–;1.12;1.15;-0.02;0.07;0.17;55.15;0.44;–;5.29;0.44;0.44;2.21;0.88;10.59;8.38;2.21;0.88;1.76;0.88;3.53
Дмитрий Баринов;Локомотив Москва;–;90;ЗП ПЦ;–;–;–;–;–;–;0.94;0.94;–;–;–;–;–;1.41;–;0.07;44.06;82 %;0.47;0 %;–;–;6.9;62 %;0.94;100 %;–;–;2.81;83 %;2.81;67 %;3.75;1.41;0.47;3.28;0.47;–;16.41;43 %;11.72;36 %;4.69;60 %;5.16;27 %;0.94;50 %;–;–;4.22;22 %;7.97;7.5;2;0.94;–;–;77.81;58.59;75 %;0 %;1.41;–;–;0.07;0.05;–;0;1.29;1.9;-0.61;–;–;36.09;–;–;3.75;0.94;–;2.34;1.88;7.3;4.22;2.81;1.41;0.47;–;0.94
Дмитрий Барков;Балтика;–;90;Ф ЛЦ;–;–;–;–;–;–;–;1.91;–;–;–;–;–;–;–;–;13.4;71 %;–;–;1.91;0 %;–;–;–;–;–;–;–;–;1.91;0 %;3.83;–;–;–;–;–;22.98;42 %;3.83;0 %;19.15;50 %;7.66;0 %;3.83;100 %;–;–;1.91;0 %;1.91;–;1;1.91;1.91;–;38.3;21.06;55 %;–;–;–;–;0.04;–;–;–;0.19;1.72;-1.53;–;–;9.57;–;–;–;–;–;–;–;9.57;–;9.57;–;3.83;–;–
Вильмар Барриос;Зенит;–;90;ЗП Ц;–;–;–;–;–;–;0.46;2.3;–;0.46;–;–;–;–;–;–;45.92;89 %;–;–;–;–;10.1;73 %;0.92;100 %;–;–;5.51;67 %;1.84;50 %;2.3;0.46;–;5.5;0.92;1.84;14.23;61 %;8.72;63 %;5.51;58 %;4.59;60 %;1.84;50 %;–;–;0.92;100 %;4.13;5.97;2;0.92;–;–;72.09;61.53;85 %;–;–;–;–;0.09;–;–;–;0.59;0.62;-0.03;0.01;0.03;40.87;–;–;7.35;0.92;–;3.67;0.92;8.72;5.51;3.21;2.76;0.92;–;0.92
Иван Башич;Оренбург;–;90;ЗП Ц;–;–;–;–;–;–;–;10.59;–;–;–;–;–;–;–;–;52.94;80 %;–;–;–;–;15.88;67 %;15.88;67 %;–;–;10.59;50 %;–;–;10.59;–;–;5.29;–;–;5.29;0 %;–;–;5.29;0 %;–;–;–;–;–;–;–;–;5.29;10.59;1;–;–;5.29;74.12;58.24;79 %;–;–;–;–;0.48;–;–;–;0.48;2.65;-2.17;–;–;42.35;–;–;10.59;10.59;–;5.29;–;–;–;–;–;–;–;–
Амир Батырев;Сочи;–;90;ЗП ЛЦ;–;–;–;–;–;–;–;–;1.12;1.12;–;–;–;–;–;–;40.5;83 %;–;–;–;–;4.5;75 %;–;–;–;–;3.38;67 %;1.12;100 %;6.75;2.25;1.12;4.5;1.12;2.25;7.88;43 %;4.5;25 %;3.38;67 %;1.12;0 %;1.12;100 %;–;–;1.12;0 %;3.38;7.88;2;1.12;1.12;1.12;63;50.62;80 %;–;–;–;–;0.07;–;–;–;0.75;2.34;-1.59;–;–;33.75;–;–;3.38;–;–;2.25;1.12;3.38;1.12;2.25;–;1.12;–;–
Хорен Байрамян;Ростов;–;90;АП Ц;–;–;–;–;–;–;2.26;1.13;–;–;1.13;–;–;1.7;–;0.13;35.66;71 %;–;–;1.7;33 %;3.96;29 %;2.26;25 %;–;–;0.57;100 %;3.96;29 %;5.66;1.7;1.13;3.96;0.57;2.26;20.94;35 %;9.62;24 %;11.32;45 %;5.66;30 %;1.7;67 %;0.57;100 %;5.9;33 %;1.13;7.92;2;1.13;0.57;–;71.89;45.28;63 %;0 %;0.57;1.13;–;0.05;0.08;–;0;1.2;1.34;-0.14;–;–;25.47;–;0.57;1.13;0.57;–;0.57;1.13;7.36;2.26;5.9;1.7;1.13;0.57;1.7
Сильвие Бегич;Урал Екатеринбург;–;90;З Ц;–;–;–;–;–;–;0.46;0.92;–;0.46;–;–;0.46;0.46;–;0.07;36.92;81 %;–;–;–;–;5.54;50 %;0.46;100 %;–;–;2.77;17 %;0.46;0 %;3.69;0.46;0.46;9.69;0.92;–;20.31;66 %;11.54;76 %;8.77;53 %;15.23;61 %;0.46;100 %;–;–;2.31;80 %;4.15;6.46;2;0.92;–;–;68.77;54;79 %;0 %;0.46;–;–;0.03;0.15;–;0;1.15;0.83;0.32;0.03;0.06;30;–;–;2.77;0.46;–;0.46;–;13.38;8.77;4.62;9.23;0.46;–;1.85
Бернард Бериша;ФК Ахмат;–;90;АП Л;–;–;–;–;–;–;1.64;0.82;0.82;0.82;–;–;–;1.64;–;0.07;27;70 %;–;–;2.45;0 %;8.18;70 %;–;–;–;–;0.82;100 %;5.73;57 %;8.18;0.82;1.64;0.82;–;1.64;16.36;40 %;4.9;20 %;12.27;47 %;1.64;50 %;6.55;63 %;4.91;67 %;2.45;33 %;1.64;4.91;2;1.64;1.64;–;55.64;34.36;62 %;0 %;0.82;0.82;–;0.39;0.05;–;0;1.41;1.35;0.06;–;–;18.82;–;–;5.73;–;–;0.82;3.27;6.55;0.82;5.73;0.82;4.9;3.27;0.82
Мингиян Бевеев;Урал Екатеринбург;–;90;ЗП Л;–;–;–;–;–;–;1.58;–;–;–;–;–;–;–;–;–;37.89;81 %;0.53;0 %;1.58;33 %;8.95;59 %;2.63;80 %;1.5;50 %;6.32;67 %;5.79;64 %;8.42;1.5;0.53;4.74;0.53;2.63;10.53;50 %;5.26;70 %;5.26;30 %;2.11;25 %;1.5;100 %;–;–;2.63;80 %;3.16;7.37;2;1.5;0.53;–;62.63;49.47;79 %;–;–;–;–;0.07;–;–;–;1.21;0.89;0.32;0.04;0.07;30.53;–;0.53;5.26;2.11;0.53;4.21;3.68;5.26;3.68;1.58;0.53;1.5;–;2.11
Глен Бейл;Крылья Советов;–;90;ЗЛ;0.45;–;0.45;0.45;100 %;0.45;0.45;2.25;0.45;0.45;–;–;–;2.25;0.45;0.05;52.65;79 %;0.9;0 %;3.6;25 %;9.9;64 %;4.95;55 %;0.9;50 %;4.95;73 %;8.1;28 %;6.75;0.9;–;7.2;1.8;3.15;12.15;63 %;8.55;58 %;3.6;75 %;1.35;67 %;1.8;75 %;0.9;50 %;4.5;50 %;5.4;7.65;2;0.9;–;–;83.7;66.15;79 %;20 %;0.9;0.9;–;0.15;0.02;0.11;9.9;1.1;1.19;-0.18;0.07;0.15;41.4;–;0.9;6.3;2.7;0.45;3.6;2.25;7.65;4.95;2.7;0.9;1.35;0.45;2.25
Тео Бонгонда МбульОфеко Батомбо;Спартак Москва;–;90;АП П;0.77;0.77;1.54;0.77;50 %;1.54;0.77;0.77;–;–;–;–;–;3.85;1.54;0.47;33.08;65 %;3.8;25 %;3.8;25 %;7.69;60 %;2.31;0 %;0.77;0 %;4.62;50 %;6.15;50 %;10.77;2.31;1.54;2.31;–;4.62;16.92;45 %;3.8;50 %;13.85;44 %;2.31;67 %;6.15;63 %;0.77;0 %;0.77;100 %;2.31;3.85;2;0.77;0.77;0.77;66.15;41.54;63 %;40 %;0.77;1.54;–;0.21;0.12;0.61;1.64;1.92;0.97;0.95;–;–;21.54;0.77;0.77;4.62;–;–;2.31;3.8;7.69;1.54;6.15;1.54;3.85;–;0.77
Сергей Божин;Факел Воронеж;–;90;З Ц;–;–;–;–;–;–;–;1.84;0.92;1.38;0.46;–;–;1.38;–;0.17;28.47;74 %;–;–;0.46;100 %;10.56;70 %;4.13;56 %;0.46;100 %;6.43;64 %;2.3;80 %;5.5;2.76;–;8.72;0.46;–;15.61;56 %;12.86;54 %;2.76;67 %;8.72;58 %;0.46;100 %;–;–;1.38;67 %;11.48;8.27;2;0.92;–;–;66.12;50.51;76 %;0 %;0.92;0.46;–;0.23;0.12;–;0;2.31;1.55;0.76;–;–;21.12;–;0.46;7.35;2.3;0.46;4.13;1.84;8.72;6.89;1.84;5.5;0.46;–;0.92
Никита Бурмистров;Сочи;–;90;АП ЛЦ;–;–;1.15;–;0 %;–;–;–;–;–;–;–;–;1.15;–;0.02;28.85;76 %;–;–;3.46;33 %;5.77;80 %;–;–;–;–;1.15;0 %;5.77;60 %;6.92;1.15;1.15;2.31;–;1.15;21.92;37 %;9.23;25 %;12.69;45 %;8.8;29 %;1.15;0 %;–;–;5.77;40 %;2.31;3.46;2;–;–;2.31;60;36.92;62 %;0 %;–;1.15;–;0.02;0.02;–;0;1.8;0.91;0.17;–;–;21.92;–;1.15;4.62;–;–;–;3.46;8.8;2.31;5.77;2.31;–;–;2.31
Марат Быстров;ФК Ахмат;–;90;ЗЛ;–;–;–;–;–;–;1.61;2.41;1.61;3.21;–;0.8;–;–;–;–;53.84;90 %;–;–;0.8;0 %;5.62;71 %;–;–;–;–;3.21;75 %;0.8;100 %;3.21;0.8;–;10.45;0.8;4.82;17.68;68 %;15.27;63 %;2.41;100 %;5.62;71 %;1.61;100 %;–;–;8.4;50 %;4.82;8.4;2;1.61;–;–;89.2;77.95;87 %;–;–;–;–;0.06;–;–;–;1.38;1.3;0.08;–;–;48.21;–;–;4.2;–;–;2.41;0.8;12.05;9.64;2.41;4.2;1.61;–;4.2
Матео Кассьерра;Зенит;–;90;Ф Ц;1.38;–;2.3;1.38;60 %;1.84;0.92;0.92;–;–;–;–;0.46;2.3;1.38;0.34;17.45;89 %;1.38;100 %;–;–;–;–;–;–;–;–;–;–;1.38;33 %;7.35;0.46;0.46;1.84;0.92;0.92;11.94;27 %;1.84;25 %;10.1;27 %;5.51;33 %;1.38;33 %;1.38;33 %;–;–;1.38;2.3;2;0.92;–;–;37.65;25.71;68 %;60 %;0.46;–;0.46;0.12;0.15;0.24;4.11;0.59;0.62;-0.03;–;–;15.61;1.38;–;–;–;–;–;0.46;3.21;0.46;2.76;1.84;0.46;0.46;–
Фёдор Чалов;ЦСКА Москва;–;90;АП ЛЦ;1.4;–;2.33;1.4;60 %;1.4;–;1.4;–;0.47;–;–;–;2.33;1.87;1.15;34.04;81 %;1.4;67 %;1.4;33 %;6.53;64 %;–;–;–;–;2.33;80 %;1.87;75 %;8.39;1.4;0.47;1.4;0.93;1.87;20.98;38 %;6.53;29 %;14.46;42 %;5.6;33 %;3.73;50 %;1.87;50 %;4.2;33 %;2.33;5.6;2;0.93;0.47;–;67.62;47.1;70 %;80 %;–;0.47;–;0.19;0.49;0.82;1.22;1.19;1.21;-0.02;–;–;27.51;0.93;0.47;4.2;–;–;1.87;1.4;7.93;1.87;6.6;1.87;1.87;0.93;1.4
Ясмин Челикович;ФК Ахмат;–;90;З ЛЦ;–;–;–;–;–;–;0.43;–;0.87;2.16;0.43;–;–;–;–;–;47.16;90 %;–;–;–;–;8.65;85 %;2.6;83 %;–;–;3.46;75 %;0.43;100 %;2.16;0.87;–;3.3;0.43;3.3;9.95;65 %;8.65;75 %;1.3;0 %;6.49;73 %;–;–;–;–;1.3;33 %;5.19;6.49;2;0.87;–;–;71.83;63.61;89 %;–;–;–;–;–;–;–;–;0.98;1.12;-0.14;0.2;0.23;42.4;–;–;7.36;2.16;–;2.6;0.43;6.49;6.49;–;4.76;–;–;0.43
Александр Черников;ФК Краснодар;–;90;ЗП Ц;0.7;–;0.7;0.7;100 %;–;1.4;1.4;–;0.7;–;–;–;2.9;1.4;0.55;46.05;91 %;–;–;–;–;8.37;83 %;1.4;50 %;–;–;3.49;60 %;0.7;100 %;2.79;0.7;–;5.58;1.4;2.9;15.35;77 %;11.16;81 %;4.19;67 %;3.49;100 %;2.9;33 %;0.7;0 %;7.67;73 %;4.88;9.7;2;1.4;0.7;–;79.53;71.16;89 %;67 %;–;0.7;–;–;0.26;0.79;1.27;1.51;1.63;-0.11;0.03;0.03;41.86;–;–;6.98;0.7;–;2.9;0.7;11.86;9.7;2.79;3.49;0.7;–;5.58
Евгений Чернов;Ростов;–;90;ЗЛ;–;–;–;–;–;0.91;0.91;2.73;–;–;–;–;–;–;–;–;36.36;80 %;–;–;2.73;33 %;10;73 %;0.91;0 %;–;–;5.45;50 %;4.55;60 %;3.64;0.91;1.82;3.64;0.91;0.91;12.73;79 %;8.18;78 %;4.55;80 %;4.55;60 %;2.73;67 %;1.82;50 %;1.82;100 %;2.73;7.27;1;0.91;–;–;61.82;50;81 %;–;–;–;–;–;–;–;–;0.53;0.38;0.15;–;–;29.09;–;0.91;7.27;–;–;2.73;2.73;10;6.36;3.64;2.73;1.82;0.91;1.82
Василий Черов;Факел Воронеж;–;90;З ПЦ;–;–;1.21;–;0 %;1.21;0.6;0.6;–;0.6;–;–;–;2.42;1.21;0.54;35.64;69 %;–;–;–;–;12.68;67 %;1.21;100 %;–;–;7.25;58 %;2.42;50 %;8.46;1.21;–;9.6;1.81;1.81;10.87;67 %;7.85;77 %;3.2;40 %;3.2;60 %;0.6;0 %;0.6;0 %;1.81;67 %;4.83;11.48;2;0.6;–;0.6;67.05;51.34;77 %;50 %;1.21;–;–;0.01;0.22;–;0;2.52;1.46;1.7;–;–;24.77;–;–;8.46;1.21;–;4.23;1.21;7.25;6.4;1.21;1.81;–;–;1.21
Дмитрий Чистяков;Зенит;–;90;З ПЦ;–;–;–;–;–;–;–;–;–;–;–;–;–;–;–;–;75.66;97 %;–;–;–;–;9.56;92 %;0.8;100 %;–;–;3.19;100 %;–;–;–;–;–;6.37;–;–;6.37;50 %;6.37;50 %;–;–;2.39;67 %;–;–;–;–;–;–;4.78;5.58;2;1.59;0.8;–;92.39;86.81;94 %;–;–;–;–;–;–;–;–;0.71;0.63;0.08;0.19;0.08;73.27;–;–;8.76;0.8;–;3.19;–;3.19;3.19;–;1.59;–;–;–
Джон Кордоба;ФК Краснодар;–;90;Ф Ц;0.93;–;2.8;0.93;33 %;1.4;2.33;1.87;–;–;0.93;–;1.4;3.26;1.87;0.39;17.72;68 %;1.87;50 %;–;–;2.33;60 %;–;–;–;–;1.4;100 %;1.87;50 %;10.26;1.4;0.47;1.4;1.4;2.33;21.92;40 %;4.2;33 %;17.72;42 %;8.39;33 %;3.73;50 %;2.33;40 %;1.87;25 %;4.2;0.47;2;0.93;–;–;49.9;29.38;59 %;57 %;0.47;0.93;–;0.3;0.12;0.42;2.41;2.2;1.3;0.73;–;–;12.12;0.93;–;1.4;–;–;1.4;0.93;8.86;1.4;7.46;2.8;1.87;0.93;0.47
Роша;ЦСКА Москва;–;90;З Ц;–;–;–;–;–;–;–;2.9;–;–;–;–;–;–;–;–;60.97;76 %;–;–;–;–;14.52;60 %;5.81;50 %;–;–;8.71;33 %;–;–;2.9;–;–;26.13;5.81;–;29.03;70 %;26.13;67 %;2.9;100 %;14.52;80 %;2.9;100 %;–;–;5.81;50 %;17.42;17.42;1;2.9;2.9;–;124.84;101.61;81 %;–;–;–;–;–;–;–;–;1.22;3.28;-2.06;0.17;0.06;46.45;–;–;8.71;2.9;–;2.9;–;20.32;17.42;2.9;11.61;2.9;–;2.9
Мирлинд Даку;Рубин Казань;–;90;Ф ЛЦ;0.58;0.58;1.15;0.58;50 %;1.15;2.31;1.73;–;–;–;–;1.73;3.46;0.58;0.27;21.92;61 %;1.73;33 %;0.58;0 %;4.62;38 %;–;–;–;–;3.46;33 %;2.31;25 %;15.58;1.15;1.73;2.31;2.31;4.62;27.69;33 %;4.62;25 %;23.08;35 %;13.85;38 %;4.62;38 %;1.73;0 %;2.31;50 %;3.46;3.46;2;1.15;1.15;–;66.35;34.62;52 %;17 %;2.31;–;0.58;0.24;0.08;0.46;2.17;1.25;1.9;0.16;–;–;13.27;0.58;–;1.73;–;–;1.15;0.58;9.23;1.15;8.8;5.19;1.73;–;1.15
Эли Даса;Динамо Москва;–;90;З П;–;–;0.47;–;0 %;–;0.47;0.93;0.47;0.93;–;–;–;0.47;–;0.02;43.83;83 %;0.93;0 %;3.26;0 %;6.99;47 %;1.87;100 %;0.47;100 %;1.87;100 %;3.26;14 %;4.66;1.4;–;2.8;0.47;1.4;11.19;75 %;6.99;73 %;4.2;78 %;3.26;57 %;2.8;83 %;1.4;67 %;2.33;80 %;4.66;4.2;2;0.93;–;–;65.75;55.03;84 %;0 %;0.47;–;–;0.11;0.04;–;0;1.4;1.28;0.12;0.01;0.02;36.37;–;–;3.26;1.87;0.47;1.87;0.47;8.39;5.13;3.26;1.87;2.33;0.93;1.87
Даниил Денисов;Спартак Москва;–;90;З П;–;–;–;–;–;–;0.46;–;–;0.46;–;–;–;–;–;–;43.16;86 %;–;–;–;–;8.27;61 %;1.84;25 %;–;–;4.59;50 %;2.3;80 %;3.67;1.38;0.92;5.51;1.84;3.21;9.18;70 %;4.59;60 %;4.59;80 %;1.84;75 %;2.76;100 %;0.46;100 %;2.76;50 %;3.67;5.51;2;0.92;–;–;65.66;56.02;85 %;–;–;–;–;0.12;–;–;–;2.1;1.1;1;–;–;37.19;–;–;5.5;0.46;–;2.3;1.84;6.43;2.76;3.67;1.38;2.76;0.46;1.38
Заим Диванович;ФК Ахмат;–;90;П ЛЦ;–;–;–;–;–;–;–;–;–;–;–;–;–;0.95;0.95;0.02;38.84;90 %;–;–;0.95;100 %;5.68;100 %;–;–;–;–;2.84;100 %;1.89;100 %;3.79;0.95;–;2.84;–;5.68;13.26;50 %;7.58;75 %;5.68;17 %;3.79;50 %;0.95;0 %;–;–;2.84;100 %;1.89;4.74;1;0.95;0.95;–;65.37;54.95;84 %;100 %;–;–;–;0.21;0.02;–;0;1.54;1.35;0.2;–;–;35.05;–;0.95;5.68;–;–;2.84;1.89;6.63;5.68;0.95;1.89;–;–;2.84
Игорь Дмитриев;Урал Екатеринбург;–;90;АП Л;–;–;1.64;–;0 %;–;–;–;–;–;–;–;1.64;1.64;–;0.23;26.18;75 %;–;–;3.27;0 %;3.27;50 %;–;–;–;–;1.64;100 %;4.91;33 %;6.55;1.64;–;1.64;1.64;4.91;11.45;29 %;–;–;11.45;29 %;3.27;50 %;3.27;50 %;3.27;50 %;–;–;1.64;4.91;2;–;–;3.27;50.73;34.36;68 %;0 %;1.64;–;–;–;0.14;–;0;0.77;0.16;0.61;–;–;19.64;–;–;1.64;–;–;1.64;1.64;3.27;–;3.27;1.64;1.64;1.64;–
Александр Долгов;Факел Воронеж;–;90;Ф ПЦ;–;–;–;–;–;–;–;–;–;–;–;–;–;4.43;1.48;0.43;20.66;64 %;2.95;0 %;–;–;5.9;25 %;–;–;–;–;1.48;100 %;2.95;0 %;7.38;1.48;–;2.95;1.48;1.48;20.66;50 %;4.43;100 %;16.23;36 %;5.9;0 %;4.43;67 %;4.43;67 %;2.95;100 %;–;8.85;2;–;–;2.95;56.07;35.41;63 %;33 %;1.48;1.48;–;0.74;0.1;–;0;2.79;1.2;1.59;–;–;13.28;–;–;1.48;–;–;1.48;–;10.33;4.43;5.9;–;2.95;2.95;2.95
Лука Джорджевич;Сочи;–;90;Ф Ц;–;0.68;1.36;–;0 %;1.36;0.68;0.68;–;0.68;–;–;0.68;2.5;1.36;0.4;22.5;73 %;1.36;100 %;–;–;4.77;71 %;–;–;–;–;2.5;67 %;1.36;50 %;7.5;1.36;2.5;0.68;0.68;1.36;16.36;21 %;7.5;18 %;8.86;23 %;8.18;25 %;4.9;33 %;2.5;67 %;0.68;0 %;0.68;4.77;2;1.36;1.36;–;49.09;27.27;56 %;67 %;0.68;–;–;0.24;0.2;–;0;1.1;1.71;-0.7;–;–;16.36;1.36;–;3.41;–;–;1.36;0.68;3.41;1.36;2.5;2.5;1.36;1.36;–
Ваня Дркушич;Сочи;–;90;З Ц;0.46;–;0.46;0.46;100 %;–;0.91;1.37;–;–;–;–;–;0.46;0.46;0.12;34.26;84 %;–;–;–;–;10.05;77 %;2.74;100 %;0.46;100 %;2.28;80 %;–;–;1.83;0.46;0.46;5.48;0.46;0.91;15.08;82 %;11.42;84 %;3.65;75 %;9.59;90 %;0.46;100 %;–;–;0.91;100 %;5.3;7.77;2;0.91;–;–;64.87;56.19;87 %;100 %;–;–;–;–;0.26;0.26;3.85;1.8;1.36;-0.27;–;–;28.78;–;–;7.77;2.74;0.46;1.83;–;12.34;9.59;2.74;8.68;0.46;–;0.91
Алексис Давид Дуарте Перейра;Спартак Москва;–;90;З ЛЦ;–;–;–;–;–;–;0.46;0.46;0.46;0.92;–;–;–;–;–;–;46.84;89 %;–;–;0.46;0 %;8.27;72 %;1.38;67 %;–;–;4.13;67 %;–;–;1.38;–;–;5.51;0.92;2.3;11.48;76 %;8.72;79 %;2.76;67 %;4.13;89 %;0.46;100 %;–;–;2.3;60 %;5.5;7.35;2;0.92;–;–;73.01;65.2;89 %;–;–;–;–;–;–;–;–;2.1;1.1;1;0.02;0.02;41.79;–;–;5.97;0.92;–;2.76;–;8.72;6.89;1.84;3.67;0.46;–;1.38
Аслан Дудиев;Балтика;–;90;ЗП П;–;–;–;–;–;–;–;2.73;–;–;–;–;–;–;–;–;38.18;57 %;–;–;2.73;0 %;5.45;0 %;–;–;–;–;2.73;0 %;5.45;0 %;13.64;2.73;–;5.45;–;–;24.55;56 %;13.64;60 %;10.91;50 %;10.91;50 %;5.45;50 %;–;–;5.45;50 %;5.45;5.45;2;–;–;5.45;73.64;46.36;63 %;–;–;–;–;–;–;–;–;0.46;3.68;-3.22;–;–;21.82;–;–;–;–;–;–;–;13.64;8.18;5.45;5.45;2.73;–;2.73
Георгий Джикия;Спартак Москва;–;90;З ЛЦ;–;–;–;–;–;–;–;–;–;–;–;–;–;–;–;–;51.43;50 %;–;–;–;–;12.86;0 %;12.86;100 %;–;–;12.86;100 %;–;–;–;–;–;–;–;–;12.86;100 %;12.86;100 %;–;–;12.86;100 %;–;–;–;–;–;–;25.71;12.86;1;–;–;12.86;102.86;77.14;75 %;–;–;–;–;–;–;–;–;–;2.19;-2.19;–;–;25.71;–;–;–;12.86;–;12.86;–;12.86;12.86;–;12.86;–;–;–
Артём Дзюба;Локомотив Москва;–;90;Ф Ц;0.54;–;0.54;0.54;100 %;0.54;2.71;1.8;–;–;0.54;–;0.54;1.8;1.8;0.17;18.98;71 %;1.8;50 %;–;–;3.25;67 %;0.54;100 %;–;–;1.63;33 %;2.17;75 %;11.39;1.8;–;0.54;–;–;30.9;47 %;3.25;17 %;27.65;51 %;18.98;51 %;1.8;50 %;0.54;0 %;1.8;50 %;1.63;0.54;2;1.8;0.54;–;53.13;31.45;59 %;100 %;–;–;–;0.29;0.16;0.32;3.12;1.29;1.82;-0.53;0.05;0.1;13.55;0.54;–;2.17;0.54;–;0.54;1.63;14.64;0.54;14.1;9.76;0.54;–;0.54
Андрей Егорычев;Урал Екатеринбург;–;90;АП ПЦ;–;–;0.48;–;0 %;0.96;1.44;0.96;–;–;–;–;–;0.48;–;0.06;20.59;58 %;1.44;67 %;0.48;0 %;4.79;20 %;–;–;–;–;1.91;0 %;1.44;33 %;7.18;0.96;0.96;1.91;0.96;0.48;14.36;50 %;5.27;64 %;9.1;42 %;7.18;47 %;0.96;0 %;0.96;0 %;1.44;67 %;2.39;2.87;2;0.96;0.48;–;42.13;24.89;59 %;0 %;0.48;–;–;0.14;0.13;–;0;1.16;0.86;0.31;–;–;11.97;0.96;–;0.96;–;–;–;0.48;7.18;3.35;3.83;3.35;–;–;0.96
Александр Эктов;ФК Краснодар;–;90;З П;–;–;–;–;–;–;–;–;–;–;–;–;–;–;–;–;37.5;40 %;–;–;–;–;7.5;0 %;–;–;–;–;15;0 %;–;–;7.5;–;–;–;–;–;–;–;–;–;–;–;–;–;–;–;–;–;–;–;–;7.5;1;–;–;7.5;45;22.5;50 %;–;–;–;–;–;–;–;–;0.38;–;0.38;–;–;15;–;–;–;–;–;–;–;–;–;–;–;–;–;–
Страхиня Эракович;Зенит;–;90;З ПЦ;–;–;–;–;–;–;–;–;–;1.8;–;–;–;–;–;–;58.55;98 %;–;–;–;–;7.59;100 %;4.34;100 %;1.8;100 %;2.17;100 %;–;–;–;–;–;8.67;1.8;–;13.01;58 %;10.84;50 %;2.17;100 %;6.51;17 %;1.8;100 %;–;–;2.17;100 %;6.51;9.76;1;–;–;1.8;87.83;81.33;93 %;–;–;–;–;–;–;–;–;0.42;0.6;-0.17;–;–;57.47;–;–;7.59;4.34;1.8;2.17;–;7.59;5.42;2.17;1.8;1.8;–;2.17
Никита Ермаков;ЦСКА Москва;–;90;ЗП ЛЦ;–;–;–;–;–;–;1.91;1.91;–;–;–;–;–;–;–;–;28.72;93 %;–;–;–;–;1.91;100 %;5.74;100 %;–;–;1.91;100 %;–;–;–;–;–;–;–;1.91;15.32;75 %;5.74;67 %;9.57;80 %;3.83;50 %;1.91;100 %;–;–;3.83;100 %;3.83;–;2;–;–;3.83;49.79;44.04;88 %;–;–;–;–;–;–;–;–;1;0.23;0.77;–;–;26.81;–;–;1.91;5.74;–;1.91;–;11.49;3.83;7.66;1.91;1.91;–;3.83
Александр Ерохин;Зенит;–;90;П ПЦ;–;–;0.52;–;0 %;–;1.57;0.52;–;0.52;–;–;0.52;0.52;–;0.06;22.5;72 %;0.52;0 %;1.5;0 %;2.9;25 %;–;–;–;–;1.5;0 %;0.52;0 %;10.99;3.14;1.57;2.9;0.52;–;19.36;38 %;4.71;22 %;14.65;43 %;10.47;40 %;0.52;0 %;–;–;1.5;0 %;4.71;0.52;2;1.5;1.5;–;49.71;29.3;59 %;0 %;0.52;–;–;–;0.11;–;0;0.64;0.64;0;0.2;0.39;16.22;–;–;0.52;–;–;–;–;7.33;1.5;6.28;4.19;–;–;–
Роман Евгеньев;Крылья Советов;–;90;З ПЦ;–;–;–;–;–;–;1.35;–;0.45;0.9;0.45;–;–;–;–;–;36;83 %;–;–;–;–;11.7;73 %;1.8;50 %;0.9;50 %;5.4;58 %;1.8;50 %;3.15;0.9;0.45;7.65;1.35;2.7;13.5;70 %;10.35;65 %;3.15;86 %;6.3;57 %;0.9;50 %;–;–;0.45;100 %;8.1;4.95;2;0.9;–;–;65.7;54.9;84 %;–;–;–;–;–;–;–;–;1.1;1.19;-0.18;0.04;0.05;29.7;–;–;8.55;0.9;0.45;3.15;0.9;9.45;6.75;2.7;3.6;0.45;–;0.45
Роман Ежов;Крылья Советов;–;90;П Л;–;0.47;0.47;–;0 %;1.41;0.47;1.41;–;–;0.47;–;1.88;0.47;–;0.05;28.27;82 %;1.41;33 %;2.83;33 %;2.36;80 %;0.94;100 %;–;–;1.41;100 %;3.3;71 %;7.7;0.47;0.94;2.83;0.94;5.65;8.48;33 %;2.36;0 %;6.13;46 %;0.47;0 %;3.3;71 %;1.41;33 %;1.41;0 %;2.36;5.65;2;0.94;0.47;–;52.3;40.05;77 %;0 %;–;0.47;–;0.16;0.1;–;0;1.6;1.25;-0.19;–;–;23.09;0.47;0.94;1.88;0.94;–;1.41;2.36;2.83;–;2.83;–;2.36;0.47;–
Джоэль Фамейе;Рубин Казань;–;90;Ф ЛЦ;0.98;–;2.95;0.98;33 %;–;0.98;0.98;–;–;–;–;0.49;3.93;2.95;0.7;11.8;79 %;–;–;0.98;50 %;–;–;–;–;–;–;–;–;1.48;33 %;9.34;0.49;1.48;1.97;1.48;1.97;24.1;31 %;4.92;30 %;19.18;31 %;5.41;36 %;3.44;57 %;2.95;67 %;1.97;50 %;1.48;1.97;2;0.98;0.98;–;46.72;25.08;54 %;75 %;0.98;–;–;0.01;0.18;0.71;1.41;1.9;1.47;-0.38;–;–;9.34;–;0.49;–;–;–;–;0.49;7.38;1.48;5.9;1.97;1.97;1.97;0.98
Лукас Фассон;Локомотив Москва;–;90;З ЛЦ;–;–;–;–;–;–;0.95;–;1.89;3.79;–;–;–;–;–;–;58.74;79 %;–;–;–;–;19.89;71 %;4.74;80 %;–;–;7.58;75 %;1.89;50 %;4.74;3.79;1.89;4.74;0.95;3.79;10.42;73 %;7.58;63 %;2.84;100 %;2.84;67 %;0.95;100 %;–;–;0.95;0 %;10.42;5.68;1;0.95;–;–;90.95;73.89;81 %;–;–;–;–;–;–;–;–;1.15;1.7;0.08;–;–;46.42;–;–;14.21;3.79;–;5.68;0.95;7.58;4.74;2.84;1.89;0.95;–;–
Роберто Карлос Фернандез Торо;Балтика;–;90;ЗП Л;–;–;0.46;–;0 %;0.92;1.38;2.31;0.92;0.92;–;–;–;0.92;0.46;0.06;48.46;74 %;0.92;100 %;6;46 %;13.38;59 %;1.38;67 %;0.46;0 %;6.46;64 %;9.23;50 %;9.69;0.92;0.92;2.31;1.38;1.38;17.54;50 %;11.08;50 %;6.46;50 %;5.8;36 %;3.23;43 %;0.92;0 %;5.54;50 %;2.31;4.62;2;0.92;–;–;76.15;53.54;70 %;50 %;–;0.46;–;0.15;0.07;–;0;0.79;1.8;-1.01;0.2;0.43;36;0.92;2.77;7.85;0.92;–;4.15;4.62;8.77;5.54;3.23;1.85;1.38;–;2.77
Роберто Фернандез Урбиета;Динамо Москва;–;90;З ЛЦ;–;–;–;–;–;0.96;1.91;–;0.96;0.96;0.96;–;–;–;–;–;44.04;89 %;–;–;–;–;11.49;83 %;–;–;–;–;3.83;100 %;–;–;0.96;0.96;–;5.74;0.96;0.96;16.28;53 %;14.36;47 %;1.91;100 %;7.66;88 %;–;–;–;–;2.87;33 %;6.7;5.74;1;0.96;–;–;73.72;61.28;83 %;–;–;–;–;0.22;–;–;–;1.9;1.83;0.07;0.04;0.04;39.26;–;–;9.57;–;–;3.83;–;8.62;6.7;1.91;6.7;–;–;0.96
Марио Фернандес;Зенит;–;90;ЗП П;–;–;–;–;–;–;–;–;–;–;–;–;–;–;–;–;17.5;57 %;–;–;–;–;5;0 %;–;–;–;–;–;–;–;–;7.5;2.5;–;2.5;–;–;10;75 %;2.5;100 %;7.5;67 %;7.5;67 %;–;–;–;–;2.5;100 %;7.5;2.5;1;–;–;2.5;40;30;75 %;–;–;–;–;–;–;–;–;0.38;0.75;-0.38;–;–;10;–;–;–;–;–;–;–;7.5;2.5;5;5;–;–;2.5
Егор Филипенко;Урал Екатеринбург;–;90;З ЛЦ;–;–;–;–;–;–;–;–;–;–;–;–;–;–;–;–;21.69;80 %;–;–;–;–;3.25;33 %;1.8;0 %;–;–;1.8;0 %;–;–;3.25;1.8;1.8;3.25;–;–;6.51;50 %;5.42;40 %;1.8;100 %;4.34;50 %;–;–;–;–;–;–;5.42;3.25;1;1.8;1.8;–;37.95;29.28;77 %;–;–;–;–;–;–;–;–;2.13;1.5;0.63;–;–;17.35;–;–;1.8;–;–;–;–;3.25;2.17;1.8;2.17;–;–;–
Сесар Габриель Флорентин;Оренбург;–;90;П ПЦ;0.45;–;0.45;0.45;100 %;–;0.45;1.81;–;–;0.45;–;–;1.36;0.45;0.18;73.27;86 %;1.36;0 %;2.26;80 %;10.85;58 %;4.7;67 %;0.9;50 %;6.33;57 %;7.69;41 %;6.78;1.81;2.26;2.71;0.45;4.52;10.4;61 %;4.7;44 %;6.33;71 %;1.81;75 %;1.36;33 %;0.45;0 %;2.26;60 %;2.71;6.78;2;0.9;–;–;101.31;84.12;83 %;33 %;0.45;0.45;–;0.12;0.13;0.39;2.56;1.36;1.52;-0.15;–;–;63.32;–;1.81;6.33;2.71;0.45;3.62;3.17;6.33;1.81;4.52;1.36;0.45;–;1.36
Даниил Фомин;Динамо Москва;–;90;ЗП ЛЦ;–;–;–;–;–;–;0.48;0.48;0.48;0.96;0.48;–;–;1.44;–;0.03;46.2;85 %;–;–;0.48;0 %;8.18;53 %;0.96;0 %;–;–;3.37;43 %;1.93;0 %;4.33;0.48;–;2.89;0.48;2.89;7.22;40 %;4.33;56 %;2.89;17 %;1.93;0 %;0.48;0 %;0.48;0 %;3.37;57 %;3.37;5.78;2;0.96;0.48;–;66.9;54.39;81 %;0 %;0.96;0.48;–;0.01;0.02;–;0;1.44;1.3;0.14;0.02;0.04;39.47;–;–;4.33;–;–;1.44;–;2.89;2.41;0.48;–;–;–;1.93
Батчи;ФК Краснодар;–;90;АП Л;0.5;–;0.5;0.5;100 %;1.49;–;0.5;–;–;–;–;0.5;2.49;0.99;0.19;32.82;88 %;1.49;67 %;1.49;67 %;5.47;91 %;0.5;100 %;–;–;1.49;100 %;2.49;60 %;4.97;1.49;0.99;1.99;0.99;2.49;12.43;20 %;3.98;25 %;8.45;18 %;2.98;0 %;1.99;50 %;0.99;50 %;0.99;50 %;0.99;9.45;2;0.99;0.5;–;62.15;45.75;74 %;40 %;1.49;–;–;0.22;0.08;0.38;2.63;2.13;1.38;0.75;–;–;28.84;0.99;0.99;4.97;0.5;–;1.49;1.49;2.49;0.99;1.49;–;0.99;0.5;0.5
Лука Гагнидзе;Динамо Москва;–;90;АП Ц;–;–;–;–;–;–;–;–;–;–;–;–;–;–;–;–;36;0 %;–;–;–;–;–;–;–;–;–;–;–;–;18;0 %;–;–;–;–;–;–;18;0 %;18;0 %;–;–;18;0 %;–;–;–;–;–;–;–;18;1;–;–;18;72;18;25 %;–;–;–;–;–;–;–;–;–;0.72;-0.72;–;–;–;–;–;–;–;–;–;–;–;–;–;–;–;–;–
Адольфо Юлиан Гайч;ЦСКА Москва;–;90;Ф Ц;–;–;–;–;–;–;8.44;–;–;–;2.81;–;–;–;–;–;14.06;20 %;–;–;–;–;–;–;–;–;–;–;–;–;–;–;16.88;5.62;–;–;–;–;14.06;20 %;–;–;14.06;20 %;5.62;50 %;–;–;–;–;–;–;2.81;–;1;–;–;2.81;30.94;8.44;27 %;–;–;–;–;–;–;–;–;–;0.76;-0.76;–;–;2.81;–;–;–;–;–;–;–;2.81;–;2.81;2.81;–;–;–
Милан Гайич;ЦСКА Москва;–;90;ЗП П;–;–;0.6;0.6;100 %;1.19;0.6;1.19;0.6;0.6;–;0.6;–;0.6;0.6;0.12;39.34;91 %;0.6;100 %;2.98;80 %;3.58;100 %;0.6;0 %;–;–;1.19;100 %;6.56;82 %;2.38;–;0.6;2.98;0.6;1.19;8.94;40 %;4.17;43 %;4.77;38 %;3.58;17 %;2.38;50 %;1.19;50 %;1.19;100 %;1.19;5.36;2;1.19;–;–;56.62;47.09;83 %;100 %;–;–;–;0.16;0.2;–;0;1.21;1.42;-0.21;0.04;0.06;35.76;0.6;2.38;3.58;–;–;1.19;5.36;3.58;1.79;1.79;0.6;1.19;0.6;1.19
Артур Галоян;Балтика;–;90;П ПЦ;–;–;–;–;–;1.65;0.83;–;–;–;–;–;–;2.48;0.83;0.06;39.63;79 %;1.65;50 %;3.3;0 %;6.61;63 %;1.65;100 %;0.83;100 %;3.3;75 %;5.78;71 %;9.91;0.83;2.48;2.48;0.83;1.65;10.73;31 %;3.3;50 %;7.43;22 %;1.65;50 %;2.48;67 %;2.48;67 %;1.65;50 %;4.95;10.73;2;1.65;1.65;–;72.66;52.84;73 %;33 %;0.83;0.83;–;0.42;0.02;–;0;0.88;1.72;-0.83;–;–;31.38;0.83;–;4.13;1.65;0.83;2.48;4.13;3.3;1.65;1.65;0.83;1.65;1.65;0.83
Бенхамин Антонио Гарре;Крылья Советов;–;90;П П;0.9;–;1.8;0.9;50 %;0.45;0.45;1.35;–;–;–;–;–;2.7;2.25;0.62;35.55;86 %;0.45;0 %;2.25;40 %;6.75;93 %;0.9;100 %;–;–;4.5;90 %;5.4;58 %;8.55;0.9;1.8;4.5;0.9;8.1;28.8;50 %;9.45;48 %;19.35;51 %;3.15;14 %;13.05;69 %;10.35;70 %;5.85;69 %;3.15;6.75;2;0.9;–;–;86.4;64.8;75 %;83 %;0.45;–;–;0.13;0.23;0.69;1.46;1.1;1.19;-0.18;0.03;0.06;30.6;–;0.9;6.3;0.9;–;4.5;3.15;14.4;4.5;9.9;0.45;9;7.2;4.5
Ярослав Гладышев;Динамо Москва;–;90;АП П;–;–;–;–;–;–;–;–;–;–;–;–;–;5;–;0.15;35;86 %;–;–;–;–;–;–;–;–;–;–;–;–;–;–;10;–;–;–;–;5;5;0 %;–;–;5;0 %;–;–;5;0 %;5;0 %;–;–;–;10;1;–;–;5;60;45;75 %;0 %;5;–;–;–;0.03;–;0;0.15;0.2;-0.05;–;–;30;–;–;–;–;–;–;–;–;–;–;–;–;–;–
Данил Глебов;Ростов;–;90;ЗП ЛЦ;–;–;0.45;–;0 %;0.45;–;0.45;–;0.45;–;–;–;1.36;0.91;0.11;45.91;87 %;–;–;0.91;0 %;7.27;81 %;0.45;100 %;–;–;4.9;89 %;2.27;40 %;3.64;1.82;–;5;0.91;0.91;10.45;52 %;5.91;54 %;4.55;50 %;3.18;43 %;1.82;100 %;1.82;100 %;1.82;100 %;2.27;10;2;0.91;–;–;70.91;59.55;84 %;67 %;–;0.45;–;–;0.08;–;0;1.1;1.15;-0.05;–;–;40;–;–;5.91;0.45;–;3.64;0.91;5.45;3.18;2.27;1.36;1.82;1.82;1.82
Максим Глушенков;Локомотив Москва;–;90;АП Ц;–;1.64;0.82;–;0 %;0.82;2.45;0.82;–;–;–;–;–;3.27;0.82;0.49;35.18;65 %;2.45;67 %;0.82;0 %;4.9;40 %;1.64;50 %;–;–;4.9;40 %;6.55;38 %;9;0.82;0.82;1.64;0.82;2.45;23.73;38 %;2.45;67 %;21.27;35 %;–;–;11.45;43 %;9.82;50 %;1.64;50 %;0.82;2.45;2;0.82;0.82;0.82;68.73;38.45;56 %;25 %;2.45;–;–;0.56;0.15;–;0;1.46;1.46;0.01;–;–;22.91;1.64;–;1.64;0.82;–;1.64;2.45;9;1.64;7.36;–;4.91;4.91;0.82
Лео Гогличидзе;Оренбург;–;90;ЗЛ;–;–;–;–;–;–;6;6;–;–;6;–;–;–;–;–;42;100 %;–;–;–;–;6;100 %;–;–;–;–;6;100 %;6;100 %;6;–;–;6;–;6;36;33 %;24;50 %;12;0 %;18;67 %;6;0 %;6;0 %;6;0 %;–;6;1;–;–;6;90;66;73 %;–;–;–;–;–;–;–;–;5.52;–;5.52;–;–;42;–;–;6;–;–;6;6;12;12;–;12;–;–;–
Ренато Гойкович;Оренбург;–;90;З ПЦ;–;–;–;–;–;–;–;0.9;0.45;0.45;–;–;–;–;–;–;42.06;90 %;0.45;0 %;–;–;5.88;77 %;3.17;86 %;0.45;0 %;1.81;50 %;0.45;0 %;1.36;0.45;–;7.69;–;0.9;14.47;81 %;10.85;88 %;3.62;63 %;8.14;72 %;–;–;–;–;1.36;67 %;7.69;6.78;2;0.9;–;–;73.27;66.48;91 %;–;–;–;–;–;–;–;–;1.36;1.52;-0.15;0.01;0.03;37.99;–;–;4.52;2.71;–;0.9;–;11.76;9.5;2.26;5.88;–;–;0.9
Егор Голенков;Ростов;–;90;АП П;–;–;1;–;0 %;1;1;1;–;–;–;–;2;1;1;0.14;22;55 %;1;0 %;–;–;5;60 %;–;–;–;–;1;0 %;4;25 %;10;2;2;1;–;1;21;29 %;6;17 %;15;33 %;10;40 %;1;100 %;–;–;2;0 %;–;3;2;1;1;1;50;23;46 %;100 %;–;–;–;0.21;0.14;–;0;1.78;0.89;0.89;–;–;12;–;–;3;–;–;–;1;6;1;5;4;1;–;–
Юрий Горшков;Крылья Советов;–;90;ЗЛ;–;–;–;–;–;–;–;1.36;–;–;–;–;–;0.68;–;0.03;29.32;79 %;–;–;0.68;0 %;6.14;78 %;1.36;50 %;–;–;1.36;100 %;–;–;2.73;–;0.68;2.73;–;0.68;6.82;50 %;5.45;50 %;1.36;50 %;0.68;0 %;0.68;0 %;0.68;0 %;2.5;33 %;6.82;5.45;2;0.68;–;0.68;50.45;39.55;78 %;0 %;0.68;–;–;0.03;0.05;–;0;1.12;1.11;0.01;–;–;23.18;–;–;4.77;0.68;–;1.36;–;3.41;2.73;0.68;–;–;–;0.68
Кирилл Гоцук;Пари Нижний Новгород;–;90;З Ц;–;–;–;–;–;–;0.46;0.92;–;–;–;–;–;–;–;–;45.23;83 %;–;–;–;–;13.38;62 %;6.92;53 %;2.31;0 %;7.38;44 %;0.46;0 %;2.77;–;–;5.8;–;–;10.62;65 %;10.15;64 %;0.46;100 %;7.38;75 %;–;–;–;–;0.92;50 %;6.92;6;2;0.92;–;–;68.77;57.23;83 %;–;–;–;–;–;–;–;–;0.54;0.64;-0.1;0.08;0.09;37.38;–;–;8.31;3.69;–;3.23;–;6.92;6.46;0.46;5.54;–;–;0.46
Алексей Грицаенко;Рубин Казань;–;90;З ЛЦ;–;–;–;–;–;–;0.46;–;0.92;1.38;0.46;–;–;–;–;–;29.54;83 %;0.46;0 %;0.46;0 %;6;62 %;1.38;67 %;0.46;0 %;3.69;63 %;0.92;0 %;2.77;0.92;0.46;6.92;0.92;0.46;11.08;50 %;8.77;53 %;2.31;40 %;5.8;36 %;0.46;100 %;–;–;2.77;50 %;9.23;5.8;2;0.92;–;–;56.31;45.23;80 %;–;–;–;–;–;–;–;–;1.3;1.38;-0.35;–;–;24.46;–;–;3.69;0.92;–;2.31;–;5.54;4.62;0.92;1.85;0.46;–;1.38
Вячеслав Грулёв;Динамо Москва;–;90;Ф Ц;–;–;–;–;–;–;6.75;–;2.25;2.25;–;–;–;–;–;–;6.75;33 %;–;–;–;–;2.25;0 %;–;–;–;–;–;–;–;–;11.25;2.25;2.25;2.25;–;–;20.25;22 %;6.75;33 %;13.5;17 %;2.25;0 %;9;0 %;9;0 %;6.75;33 %;2.25;4.5;2;–;–;4.5;36;13.5;38 %;–;–;–;–;–;–;–;–;0.07;0.18;-0.11;–;–;2.25;–;–;–;–;–;–;–;4.5;2.25;2.25;–;–;–;2.25
Эмирджан Гюрлюк;Оренбург;–;90;П П;–;–;–;–;–;1.41;–;4.22;–;–;–;–;–;1.41;–;0.04;28.12;80 %;1.41;100 %;2.81;0 %;1.41;100 %;–;–;–;–;1.41;100 %;1.41;0 %;5.62;1.41;1.41;–;–;7.3;19.69;57 %;4.22;0 %;15.47;73 %;–;–;14.06;80 %;7.3;80 %;1.41;0 %;2.81;8.44;1;1.41;1.41;–;68.91;52.03;76 %;0 %;1.41;–;–;0.46;0.03;–;0;1.7;1.31;-0.24;0.07;0.05;22.5;1.41;–;1.41;–;–;1.41;–;11.25;–;11.25;–;11.25;5.62;–
Гедеон Гузина;Балтика;–;90;Ф ПЦ;–;–;0.81;–;0 %;0.81;3.24;0.81;–;–;–;–;1.62;0.81;–;0.28;22.7;75 %;–;–;–;–;5.68;57 %;–;–;–;–;2.43;67 %;2.43;0 %;12.16;2.43;0.81;–;–;0.81;22.7;46 %;3.24;0 %;19.46;54 %;11.35;43 %;1.62;50 %;–;–;0.81;0 %;1.62;–;2;0.81;0.81;0.81;49.46;30;61 %;0 %;0.81;–;–;–;0.34;–;0;1.2;1.61;-0.59;0.12;0.15;17.03;–;–;3.24;–;–;1.62;–;10.54;–;10.54;4.86;0.81;–;–
Анхело Хосе Энрикес Итурра;Балтика;–;90;Ф ЛЦ;1.67;–;3.33;1.67;50 %;–;–;–;–;–;–;–;–;1.67;1.67;0.22;18.33;91 %;–;–;–;–;–;–;–;–;–;–;–;–;1.67;100 %;10;1.67;1.67;1.67;–;1.67;20;17 %;8.33;20 %;11.67;14 %;3.33;0 %;–;–;–;–;3.33;0 %;–;–;2;–;–;3.33;43.33;23.33;54 %;100 %;–;–;–;–;0.13;0.13;7.69;0.58;2.72;-2.13;–;–;16.67;–;–;–;–;–;–;1.67;3.33;1.67;1.67;–;–;–;–
Михаил Игнатов;Спартак Москва;–;90;П ЛЦ;–;3.16;–;–;–;4.74;1.58;1.58;–;–;–;–;–;–;–;–;33.16;76 %;4.74;67 %;–;–;4.74;67 %;1.58;0 %;–;–;–;–;3.16;50 %;7.89;–;3.16;1.58;1.58;1.58;17.37;45 %;4.74;33 %;12.63;50 %;–;–;3.16;100 %;3.16;100 %;1.58;0 %;3.16;1.58;2;–;–;3.16;60;39.47;66 %;–;–;–;–;1.63;–;–;–;2.48;0.57;1.91;–;–;25.26;3.16;–;3.16;–;–;–;1.58;7.89;1.58;6.32;–;3.16;3.16;–
Иван Игнатьев;Сочи;–;90;Ф Ц;–;–;–;–;–;–;1.38;–;–;–;–;–;–;1.38;–;0.11;27.69;80 %;1.38;0 %;1.38;0 %;1.38;100 %;–;–;–;–;1.38;100 %;1.38;0 %;8.31;2.77;2.77;1.38;1.38;1.38;20.77;40 %;8.31;33 %;12.46;44 %;8.31;33 %;–;–;–;–;2.77;100 %;–;1.38;2;–;–;2.77;55.38;33.23;60 %;0 %;1.38;–;–;0.25;0.08;–;0;1.23;0.64;0.6;–;–;22.15;–;–;1.38;–;–;1.38;–;8.31;2.77;5.54;2.77;–;–;2.77
Владимир Ильин;ФК Ахмат;–;90;П П;–;–;0.53;–;0 %;1.58;2.11;–;–;–;–;–;–;2.63;0.53;0.14;24.21;83 %;1.58;67 %;1.5;50 %;3.16;67 %;–;–;–;–;1.5;100 %;2.63;40 %;5.79;1.5;1.5;2.11;–;2.63;20;32 %;8.42;19 %;11.58;41 %;3.68;29 %;5.79;45 %;3.16;33 %;4.21;38 %;3.16;5.26;2;1.5;0.53;–;58.95;37.89;64 %;20 %;1.5;1.5;–;0.27;0.05;–;0;0.74;1.23;-0.49;–;–;20;1.5;0.53;2.11;–;–;1.5;1.5;6.32;1.58;4.74;1.5;2.63;1.5;1.58
Владис-Эммерсон Иллой-Айет;Урал Екатеринбург;–;90;З ЛЦ;–;–;–;–;–;–;1.62;0.81;–;0.81;–;–;–;–;–;–;51.89;78 %;–;–;0.81;0 %;8.11;20 %;4.5;60 %;–;–;8.11;40 %;0.81;0 %;4.86;2.43;0.81;6.49;2.43;–;17.03;71 %;13.78;82 %;3.24;25 %;8.92;73 %;0.81;0 %;0.81;0 %;0.81;0 %;5.68;3.24;2;0.81;–;0.81;78.65;61.62;78 %;–;–;–;–;–;–;–;–;0.43;0.33;0.1;–;–;40.54;–;–;1.62;2.43;–;3.24;–;12.16;11.35;0.81;6.49;–;–;–
Алексей Ионов;Ростов;–;90;АП П;–;–;1.8;–;0 %;1.8;1.8;–;–;–;–;–;–;–;–;–;16.27;80 %;1.8;100 %;1.8;0 %;–;–;–;–;–;–;–;–;2.17;100 %;5.42;–;1.8;2.17;2.17;1.8;9.76;33 %;3.25;67 %;6.51;17 %;1.8;0 %;2.17;50 %;2.17;50 %;2.17;100 %;1.8;3.25;1;1.8;1.8;–;32.53;21.69;67 %;–;–;–;–;0.15;–;–;–;0.52;0.46;0.07;–;–;13.01;1.8;–;–;–;–;–;2.17;3.25;2.17;1.8;–;1.8;1.8;2.17
Илья Ишков;Урал Екатеринбург;–;90;АП ПЦ;–;–;–;–;–;–;–;2.5;–;–;–;–;–;–;–;–;22.5;73 %;–;–;–;–;6.14;67 %;–;–;–;–;–;–;8.18;75 %;14.32;2.5;4.9;2.5;–;–;30.68;33 %;12.27;50 %;18.41;22 %;6.14;33 %;8.18;25 %;6.14;33 %;6.14;67 %;2.5;4.9;2;–;–;4.9;65.45;34.77;53 %;–;–;–;–;0.29;–;–;–;0.41;0.2;0.2;–;–;16.36;–;–;4.9;–;–;–;6.14;10.23;6.14;4.9;2.5;2.5;2.5;4.9
Вильсон Изидор;Локомотив Москва;–;90;АП Л;1.12;–;2.25;1.12;50 %;1.12;1.12;2.25;–;–;–;–;–;2.25;1.12;0.33;21.38;63 %;–;–;3.38;33 %;2.25;50 %;1.12;100 %;1.12;100 %;3.38;33 %;3.38;33 %;11.25;2.25;–;2.25;–;–;24.75;45 %;6.75;67 %;18;38 %;4.5;25 %;7.88;29 %;5.62;20 %;3.38;100 %;2.25;4.5;2;1.12;1.12;1.12;55.12;32.62;59 %;50 %;1.12;–;–;0.03;0.15;0.29;3.45;1.8;2.56;-1.49;–;–;13.5;–;1.12;1.12;1.12;1.12;1.12;1.12;11.25;4.5;6.75;1.12;2.25;1.12;3.38
Дмитрий Иванисеня;Крылья Советов;–;90;ЗП ПЦ;–;–;–;–;–;–;–;1.84;–;–;–;–;–;–;–;–;18.37;70 %;–;–;–;–;3.67;50 %;1.84;0 %;–;–;–;–;–;–;3.67;3.67;–;–;–;–;20.2;55 %;12.86;43 %;7.35;75 %;3.67;100 %;1.84;100 %;–;–;11.02;33 %;3.67;1.84;1;1.84;1.84;–;44.08;29.39;67 %;–;–;–;–;–;–;–;–;1.32;1.19;0.13;–;–;12.86;–;–;1.84;–;–;–;–;11.02;5.51;5.51;3.67;1.84;–;3.67
Олег Иванов;Рубин Казань;–;90;П ЛЦ;–;–;–;–;–;–;–;–;–;–;–;–;–;–;–;–;49.09;83 %;–;–;–;–;24.55;67 %;8.18;0 %;–;–;16.36;50 %;–;–;–;–;–;–;–;–;8.18;0 %;–;–;8.18;0 %;8.18;0 %;–;–;–;–;–;–;8.18;–;1;–;–;8.18;65.45;49.09;75 %;–;–;–;–;–;–;–;–;–;–;–;–;–;40.91;–;–;16.36;–;–;8.18;–;–;–;–;–;–;–;–
Угочукву Ивву Кристус;Рубин Казань;–;90;ЗП Ц;–;–;–;–;–;0.46;1.38;0.92;–;0.46;0.46;–;–;0.46;–;0.01;37.38;83 %;0.46;100 %;–;–;4.15;56 %;1.38;67 %;0.46;100 %;1.38;100 %;–;–;5.8;1.38;0.46;5.54;2.31;1.38;14.77;56 %;8.31;33 %;6.46;86 %;1.38;67 %;2.77;100 %;0.46;100 %;3.23;29 %;5.54;8.77;2;0.92;–;–;68.77;54.92;80 %;0 %;0.46;–;–;0.04;0.03;–;0;1.3;1.38;-0.35;–;–;30.92;0.46;–;2.31;0.92;0.46;1.38;–;8.31;2.77;5.54;0.92;2.77;0.46;0.92
Дмитрий Кабутов;Рубин Казань;–;90;ЗП П;–;–;0.46;–;0 %;0.46;0.46;2.77;–;0.46;–;–;–;0.46;0.46;0.01;51.69;70 %;0.92;0 %;5.8;18 %;9.69;57 %;2.77;17 %;0.92;50 %;6.92;60 %;13.38;48 %;7.85;0.46;0.46;4.15;1.85;2.31;18.92;51 %;7.85;47 %;11.08;54 %;1.38;33 %;6;54 %;3.23;43 %;5.54;50 %;3.69;7.38;2;0.92;–;–;85.38;60;70 %;100 %;–;–;–;0.08;0.02;–;0;1.3;1.38;-0.35;–;–;36;–;0.92;5.54;0.46;0.46;4.15;6.46;9.69;3.69;6;0.46;3.23;1.38;2.77
Кади Иури Борхес Малиновский;ФК Краснодар;–;90;АП П;–;–;–;–;–;–;–;–;–;–;–;–;–;2.43;2.43;0.15;29.19;92 %;–;–;–;–;2.43;100 %;–;–;–;–;–;–;2.43;100 %;2.43;2.43;2.43;–;–;4.86;9.73;25 %;2.43;0 %;7.3;33 %;2.43;0 %;2.43;100 %;2.43;100 %;–;–;2.43;7.3;1;–;–;2.43;58.38;46.22;79 %;100 %;–;–;–;–;0.06;–;0;1.17;0.66;0.51;–;–;26.76;–;–;2.43;–;–;–;2.43;2.43;–;2.43;–;2.43;2.43;–
Никита Каккоев;Пари Нижний Новгород;–;90;З ЛЦ;–;–;–;–;–;–;0.65;0.65;0.65;0.65;–;–;–;0.65;0.65;0.01;40.43;92 %;–;–;–;–;7.83;75 %;0.65;0 %;–;–;1.96;33 %;–;–;3.26;–;1.3;7.83;1.3;1.3;9.78;67 %;7.17;73 %;2.61;50 %;3.91;100 %;–;–;–;–;1.3;50 %;7.83;4.57;2;0.65;–;0.65;65.87;58.04;88 %;100 %;–;–;–;–;0.01;–;0;0.27;0.62;-0.35;0.13;0.2;37.17;–;–;5.87;–;–;0.65;–;6.52;5.22;1.3;3.91;–;–;0.65
Игорь Калинин;Факел Воронеж;–;90;З ЛЦ;–;–;–;–;–;–;–;4.74;–;–;–;–;–;–;–;–;42.63;78 %;–;–;–;–;18.95;75 %;14.21;67 %;4.74;100 %;4.74;100 %;–;–;9.47;4.74;–;9.47;–;–;23.68;40 %;18.95;50 %;4.74;0 %;9.47;0 %;4.74;0 %;–;–;4.74;100 %;14.21;14.21;1;4.74;4.74;–;94.74;71.05;75 %;–;–;–;–;–;–;–;–;–;1.99;-1.99;–;–;33.16;–;–;14.21;9.47;4.74;4.74;–;9.47;9.47;–;–;–;–;4.74
Николай Калинский;Пари Нижний Новгород;–;90;П ПЦ;–;–;–;–;–;–;0.54;–;–;–;0.54;–;–;1.63;0.54;0.15;41.75;84 %;0.54;0 %;0.54;0 %;10.3;63 %;1.8;0 %;–;–;7.59;64 %;3.25;50 %;4.88;0.54;–;3.8;1.8;1.8;5.42;40 %;3.25;50 %;2.17;25 %;1.63;33 %;–;–;–;–;0.54;100 %;3.25;5.96;2;1.8;0.54;–;59.64;48.8;82 %;33 %;1.8;–;–;0.08;0.09;–;0;0.63;0.63;-0.01;0.01;0.02;35.24;–;–;6.51;–;–;4.88;1.63;2.17;1.63;0.54;0.54;–;–;0.54
Владислав Камилов;ФК Ахмат;–;90;ЗП ЛЦ;–;–;–;–;–;–;3.67;0.46;0.46;0.46;0.92;–;–;0.92;–;0.02;40.87;81 %;0.46;0 %;–;–;11.02;58 %;0.92;0 %;–;–;5.51;42 %;1.38;33 %;6.89;0.92;0.92;3.21;–;4.59;17.45;58 %;11.02;50 %;6.43;71 %;5.97;69 %;1.84;25 %;1.38;33 %;4.59;40 %;3.21;5.51;2;0.92;0.46;–;73.47;56.48;77 %;0 %;0.46;0.46;–;0.01;0.03;–;0;1.4;1.4;0;–;–;33.06;–;–;6.43;–;–;2.3;0.46;10.1;5.51;4.59;4.13;0.46;0.46;1.84
Кирилл Капленко;Оренбург;–;90;ЗП Ц;–;0.49;0.49;–;0 %;1.48;–;–;0.49;0.49;–;–;–;0.99;0.49;0.15;46.98;91 %;0.99;100 %;–;–;7.91;75 %;2.97;50 %;1.48;33 %;5.93;67 %;–;–;2.47;0.99;0.49;3.46;1.98;1.48;13.35;67 %;9.89;65 %;3.46;71 %;2.97;50 %;0.99;100 %;–;–;5.44;64 %;2.47;2.47;2;0.99;0.49;–;68.24;58.35;86 %;50 %;–;0.49;–;0.64;0.15;–;0;1.44;1.41;0.03;–;–;42.53;0.99;–;5.93;1.48;0.49;3.96;–;8.9;6.43;2.47;1.48;0.99;–;3.46
Владислав Карапузов;Динамо Москва;–;90;АП П;–;–;–;–;–;–;–;–;–;–;–;–;4.29;–;–;–;34.29;50 %;4.29;0 %;–;–;8.57;0 %;4.29;0 %;–;–;–;–;4.29;0 %;21.43;12.86;–;4.29;–;4.29;30;57 %;8.57;50 %;21.43;60 %;8.57;100 %;4.29;100 %;–;–;8.57;50 %;4.29;21.43;1;–;–;4.29;98.57;68.57;70 %;–;–;–;–;–;–;–;–;–;0.17;-0.17;–;–;17.14;–;–;–;–;–;–;–;17.14;4.29;12.86;8.57;4.29;–;4.29
Вячеслав Караваев;Зенит;–;90;З П;–;0.51;–;–;–;0.51;1.1;–;–;–;–;–;–;–;–;–;73.82;88 %;–;–;3.3;50 %;18.2;81 %;2.2;25 %;–;–;10.62;76 %;2.53;60 %;5.56;1.1;–;4.4;1.1;2.2;13.15;69 %;9.61;79 %;3.54;43 %;3.54;57 %;1.52;33 %;1.1;50 %;4.4;88 %;2.2;3.54;2;1.1;1.1;–;94.55;81.91;87 %;–;–;–;–;0.13;–;–;–;0.65;0.63;0.02;–;–;65.22;–;1.52;14.66;0.51;–;8.9;1.52;9.1;7.58;1.52;2.2;0.51;0.51;3.54
Егор Карпицкий;Крылья Советов;–;90;Ф ЛЦ;–;0.77;0.77;–;0 %;1.54;0.77;0.77;–;–;–;–;0.77;2.31;0.77;0.3;9.23;92 %;1.54;50 %;–;–;1.54;100 %;0.77;100 %;–;–;–;–;–;–;3.85;–;–;0.77;0.77;–;12.31;25 %;2.31;0 %;10;31 %;3.85;20 %;1.54;50 %;1.54;50 %;0.77;0 %;2.31;2.31;2;1.54;1.54;–;28.46;16.92;59 %;33 %;1.54;–;–;0.3;0.13;–;0;1.2;1.28;-0.27;–;–;8.46;0.77;–;1.54;0.77;–;–;–;3.8;–;3.8;0.77;0.77;0.77;–
Артём Карпукас;Локомотив Москва;–;90;ЗП ЛЦ;–;–;–;–;–;–;0.5;1.49;–;0.5;–;–;–;–;–;–;41.77;80 %;–;–;–;–;6.46;62 %;2.98;50 %;0.5;100 %;5.97;50 %;0.99;100 %;6.96;0.99;–;6.46;1.99;2.49;23.37;55 %;14.92;63 %;8.45;41 %;1.49;100 %;3.48;71 %;1.49;33 %;8.95;72 %;4.97;14.42;2;0.99;0.5;–;87.02;68.12;78 %;–;–;–;–;–;–;–;–;1.32;2.1;-0.69;0.01;0.02;33.31;–;–;3.98;1.49;0.5;2.98;0.99;12.93;9.45;3.48;1.49;2.49;0.5;6.46
Алексей Каштанов;Урал Екатеринбург;–;90;Ф Ц;–;–;0.88;–;0 %;–;–;–;–;–;–;–;0.88;–;–;–;28.24;63 %;–;–;–;–;4.41;60 %;–;–;–;–;2.65;67 %;1.76;50 %;19.41;4.41;0.88;0.88;–;2.65;34.41;46 %;3.53;25 %;30.88;49 %;22.06;44 %;2.65;100 %;1.76;100 %;–;–;–;1.76;2;0.88;0.88;0.88;67.94;37.94;56 %;–;–;–;–;0.36;–;–;–;1.67;1.31;0.36;–;–;17.65;–;–;2.65;–;–;1.76;0.88;15.88;0.88;15;9.71;2.65;1.76;–
Ян Казаев;Балтика;–;90;ЗП Ц;–;–;–;–;–;–;1.5;1.57;0.52;0.52;–;–;–;–;–;–;46.05;90 %;–;–;0.52;0 %;9.42;83 %;–;–;–;–;5.76;82 %;1.57;67 %;2.9;–;1.5;5.23;2.62;0.52;12.03;48 %;7.85;27 %;4.19;88 %;3.14;33 %;1.5;100 %;–;–;3.66;43 %;5.23;10.47;2;1.5;0.52;–;75.35;63.31;84 %;–;–;–;–;–;–;–;–;0.81;1.61;-0.8;0.03;0.03;41.34;–;–;7.85;–;–;4.71;1.5;5.76;2.9;3.66;1.5;1.5;–;1.57
Евгений Харин;ФК Ахмат;–;90;ЗП ЛЦ;–;–;–;–;–;–;–;–;–;–;–;–;–;–;–;–;40.91;80 %;–;–;–;–;8.18;100 %;–;–;–;–;–;–;16.36;50 %;–;–;–;8.18;8.18;–;8.18;0 %;8.18;0 %;–;–;–;–;–;–;–;–;–;–;8.18;16.36;1;–;–;8.18;73.64;57.27;78 %;–;–;–;–;–;–;–;–;–;2.62;-2.62;–;–;32.73;–;–;8.18;–;–;–;8.18;–;–;–;–;–;–;–
Даниил Хлусевич;Спартак Москва;–;90;ЗЛ;0.92;–;2.3;0.92;40 %;0.46;1.84;0.46;1.38;1.38;–;–;–;2.3;1.84;0.27;56.02;79 %;–;–;1.38;0 %;9.64;76 %;1.38;67 %;0.46;0 %;3.67;75 %;4.13;44 %;10.1;3.67;1.38;4.59;0.46;1.38;12.86;54 %;5.97;54 %;6.89;53 %;2.3;20 %;3.67;63 %;1.38;67 %;3.67;75 %;4.13;7.35;2;0.92;–;–;86.33;66.58;77 %;80 %;–;0.46;–;0.22;0.12;0.29;3.39;2.1;1.1;1;–;–;44.08;–;–;7.35;0.92;–;2.76;1.84;6.89;3.21;3.67;0.46;2.3;0.92;2.76
Владимир Хубулов;Крылья Советов;–;90;Ф Ц;–;–;–;–;–;–;2.9;–;–;–;2.9;–;–;–;–;–;17.42;100 %;–;–;–;–;2.9;100 %;–;–;–;–;–;–;–;–;2.9;–;–;2.9;–;–;8.71;67 %;–;–;8.71;67 %;2.9;0 %;2.9;100 %;–;–;–;–;–;2.9;1;–;–;2.9;29.03;26.13;90 %;–;–;–;–;0.09;–;–;–;0.67;–;0.67;–;–;17.42;–;–;2.9;–;–;–;–;5.81;–;5.81;–;2.9;–;–
Иван Комаров;Ростов;–;90;АП ЛЦ;–;–;–;–;–;–;6;–;–;6;–;–;–;–;–;–;6;100 %;–;–;–;–;–;–;–;–;–;–;6;100 %;–;–;12;–;–;–;–;–;30;0 %;12;0 %;18;0 %;30;0 %;–;–;–;–;–;–;–;6;1;–;–;6;42;12;29 %;–;–;–;–;–;–;–;–;0.96;2.46;-1.5;–;–;6;–;–;–;–;–;6;–;–;–;–;–;–;–;–
Николай Комличенко;Ростов;–;90;Ф Ц;0.45;0.45;1.36;0.45;33 %;0.91;1.82;2.27;–;–;–;–;–;1.82;0.45;0.55;23.64;73 %;1.36;67 %;–;–;3.64;63 %;–;–;–;–;1.36;67 %;1.82;75 %;10;1.82;0.91;–;–;0.91;22.73;50 %;3.64;13 %;19.09;57 %;12.27;59 %;2.27;40 %;1.82;25 %;0.45;0 %;1.36;3.64;2;0.91;–;–;55;35;64 %;25 %;1.36;–;–;0.24;0.31;1.22;0.82;1.1;1.15;-0.05;–;–;17.27;0.91;–;2.27;–;–;0.91;1.36;11.36;0.45;10.91;7.27;0.91;0.45;–
Мохамед Конате;ФК Ахмат;–;90;Ф Ц;0.94;–;2.34;0.94;40 %;0.47;0.94;0.47;–;–;–;–;0.94;3.75;1.88;1;15.47;76 %;–;–;–;–;0.94;50 %;–;–;–;–;0.47;0 %;1.41;67 %;8.44;0.94;–;1.41;0.94;–;27.19;36 %;5.16;27 %;22.03;38 %;10.31;55 %;3.75;25 %;2.81;33 %;1.41;33 %;0.94;0.94;2;0.94;0.47;–;47.81;24.84;52 %;50 %;1.41;0.47;–;0.22;0.27;1.7;0.94;1.6;1.5;0.01;0.09;0.2;11.72;–;–;0.47;–;–;–;0.94;9.84;1.41;8.44;5.62;0.94;0.94;0.47
Александр Коваленко;Зенит;–;90;П ПЦ;–;–;–;–;–;–;–;–;–;–;–;–;–;–;–;–;72;100 %;–;–;–;–;9;100 %;–;–;–;–;–;–;9;100 %;–;–;–;–;–;–;9;100 %;–;–;9;100 %;–;–;–;–;–;–;–;–;–;–;1;–;–;9;81;81;100 %;–;–;–;–;0.18;–;–;–;0.45;0.09;0.36;–;–;72;–;–;9;–;–;–;9;9;–;9;–;–;–;–
Юрий Ковалёв;Оренбург;–;90;АП П;–;–;–;–;–;1.96;–;–;–;–;–;–;–;–;–;–;17.61;67 %;1.96;100 %;–;–;3.91;0 %;–;–;–;–;1.96;0 %;3.91;50 %;7.83;1.96;3.91;1.96;–;1.96;5.87;33 %;3.91;50 %;1.96;0 %;–;–;–;–;–;–;3.91;50 %;1.96;3.91;1;1.96;1.96;–;35.22;21.52;61 %;–;–;–;–;0.18;–;–;–;2.23;3.29;-1.06;–;–;11.74;1.96;–;–;–;–;–;1.96;1.96;1.96;–;–;–;–;1.96
Мартин Крамарич;Сочи;–;90;АП ЛЦ;1.34;–;1.34;1.34;100 %;1.34;–;1.34;–;–;–;–;–;2.69;1.34;0.23;25.52;58 %;4.3;33 %;1.34;0 %;5.37;50 %;–;–;–;–;–;–;4.3;67 %;6.72;1.34;1.34;1.34;–;2.69;21.49;50 %;6.72;60 %;14.78;45 %;5.37;50 %;5.37;75 %;2.69;50 %;5.37;75 %;1.34;4.3;1;1.34;1.34;–;59.1;34.93;59 %;50 %;–;1.34;–;0.85;0.09;0.17;5.88;1.28;0.73;0.55;–;–;14.78;1.34;–;2.69;–;–;–;2.69;10.75;4.3;6.72;2.69;4.3;1.34;4.3
Кирилл Кравцов;Сочи;–;90;ЗП ПЦ;–;–;–;–;–;0.46;0.91;2.28;–;–;–;–;–;1.83;–;0.11;40.2;84 %;0.46;100 %;0.46;0 %;9.14;65 %;3.2;71 %;0.46;0 %;4.57;70 %;2.28;60 %;7.77;1.83;0.91;5.3;1.37;0.91;21.02;54 %;8.68;68 %;12.34;44 %;5.3;36 %;1.37;100 %;0.46;100 %;2.28;80 %;7.77;5.94;2;0.91;–;–;78.58;59.85;76 %;0 %;0.46;1.37;–;0.18;0.06;–;0;1.8;1.36;-0.27;–;–;33.81;0.46;–;5.94;2.28;–;3.2;1.37;11.42;5.94;5.48;1.83;1.37;0.46;1.83
Никита Кривцов;ФК Краснодар;–;90;П ЛЦ;–;–;–;–;–;1.1;0.55;1.1;–;–;–;–;–;–;–;–;32.02;76 %;1.66;67 %;1.1;50 %;7.18;46 %;2.76;60 %;–;–;2.76;80 %;1.66;67 %;6.7;1.66;2.21;3.87;1.1;0.55;8.28;27 %;2.76;20 %;5.52;30 %;2.21;50 %;–;–;–;–;1.1;0 %;4.42;5.52;2;1.1;1.1;–;53.01;36.99;70 %;–;–;–;–;0.06;–;–;–;2.35;1.52;0.83;–;–;24.29;1.1;0.55;3.31;1.66;–;2.21;1.1;2.21;0.55;1.66;1.1;–;–;–
Данил Круговой;Зенит;–;90;ЗП Л;–;–;–;–;–;–;–;–;–;–;–;–;–;–;–;–;32.14;80 %;–;–;–;–;–;–;–;–;–;–;–;–;–;–;6.43;–;–;6.43;–;–;–;–;–;–;–;–;–;–;–;–;–;–;–;–;6.43;12.86;1;–;–;6.43;51.43;45;88 %;–;–;–;–;–;–;–;–;–;0.64;-0.64;–;–;25.71;–;–;–;–;–;–;–;–;–;–;–;–;–;–
Константин Кучаев;ЦСКА Москва;–;90;ЗП ЛЦ;–;–;–;–;–;–;0.87;2.62;0.87;0.87;–;–;–;–;–;–;55.92;84 %;0.87;0 %;0.87;0 %;7.86;44 %;2.62;33 %;–;–;3.5;75 %;3.5;25 %;9.61;1.75;0.87;4.37;2.62;2.62;13.11;67 %;5.24;83 %;7.86;56 %;1.75;100 %;4.37;60 %;0.87;100 %;2.62;67 %;1.75;8.74;2;0.87;0.87;0.87;83.01;69.03;83 %;–;–;–;–;0.06;–;–;–;0.57;0.69;-0.12;0.06;0.07;47.18;–;–;3.5;0.87;–;2.62;0.87;8.74;4.37;4.37;1.75;2.62;0.87;1.75
Федор Кудряшов;Факел Воронеж;–;90;З ЛЦ;–;–;–;–;–;–;1.91;–;–;–;1.91;–;–;–;–;–;26.81;86 %;–;–;–;–;5.74;67 %;1.91;100 %;–;–;1.91;100 %;–;–;–;–;1.91;5.74;–;–;5.74;0 %;5.74;0 %;–;–;–;–;–;–;–;–;3.83;0 %;9.57;9.57;1;1.91;1.91;–;53.62;42.13;79 %;–;–;–;–;–;–;–;–;1.63;1.86;-0.23;–;–;22.98;–;–;3.83;1.91;–;1.91;–;–;–;–;–;–;–;–
Денис Кулаков;Урал Екатеринбург;–;90;ЗП П;–;–;–;–;–;–;1.91;3.83;–;–;1.91;–;–;1.91;–;0.02;36.38;63 %;–;–;3.83;50 %;15.32;50 %;1.91;0 %;–;–;5.74;33 %;7.66;75 %;7.66;1.91;–;1.91;–;–;17.23;44 %;11.49;33 %;5.74;67 %;3.83;0 %;3.83;50 %;3.83;50 %;3.83;50 %;7.66;5.74;1;1.91;1.91;–;68.94;44.04;64 %;0 %;–;1.91;–;0.11;0.01;–;0;3.24;1.36;1.88;–;–;22.98;–;1.91;7.66;–;–;1.91;5.74;7.66;3.83;3.83;–;1.91;1.91;1.91
Александр Кутицкий;Динамо Москва;–;90;АП Ц;–;–;–;–;–;–;–;–;–;–;–;–;–;–;–;–;12;100 %;–;–;–;–;–;–;–;–;–;–;6;100 %;–;–;–;–;–;12;–;–;6;100 %;6;100 %;–;–;–;–;–;–;–;–;6;100 %;18;6;1;–;–;6;42;42;100 %;–;–;–;–;–;–;–;–;–;0.24;-0.24;–;–;12;–;–;–;–;–;6;–;6;6;–;–;–;–;6
Иван Кузьмичёв;Локомотив Москва;–;90;З ПЦ;–;–;–;–;–;–;–;–;0.93;0.93;–;–;–;–;–;–;24.12;73 %;–;–;–;–;7.42;50 %;4.64;40 %;0.93;0 %;4.64;60 %;0.93;0 %;2.78;1.86;–;6.49;–;–;18.56;50 %;13.92;60 %;4.64;20 %;11.13;50 %;1.86;0 %;–;–;1.86;100 %;9.28;9.28;1;0.93;–;–;63.09;47.32;75 %;–;–;–;–;–;–;–;–;1.43;2.72;-1.29;–;–;17.63;–;–;3.71;1.86;–;2.78;–;9.28;8.35;0.93;5.57;–;–;1.86
Максим Кузьмин;Балтика;–;90;П ПЦ;–;1.5;–;–;–;1.5;2.9;3.14;–;–;1.5;–;–;1.5;–;0.02;52.33;64 %;1.5;0 %;7.33;43 %;11.51;55 %;–;–;–;–;5.23;0 %;13.6;54 %;14.65;1.5;2.9;5.23;1.5;3.14;19.88;58 %;4.19;50 %;15.7;60 %;4.19;75 %;5.23;100 %;4.19;100 %;1.5;0 %;2.9;4.19;2;–;–;2.9;84.77;54.42;64 %;0 %;1.5;–;–;0.19;0.02;–;0;0.67;1.9;-1.23;–;–;33.49;–;3.14;6.28;–;–;–;7.33;11.51;2.9;9.42;3.14;5.23;4.19;–
Ираклий Квеквескири;Факел Воронеж;–;90;П ЛЦ;–;–;–;–;–;0.54;1.8;2.71;0.54;0.54;–;–;–;1.8;–;0.09;24.94;65 %;–;–;1.8;0 %;8.67;50 %;2.71;20 %;0.54;0 %;4.88;56 %;1.63;33 %;4.34;1.8;0.54;4.34;2.71;–;17.35;53 %;10.84;35 %;6.51;83 %;6.51;50 %;0.54;100 %;0.54;100 %;3.8;14 %;7.59;6.51;2;1.8;0.54;–;58.01;39.58;68 %;0 %;0.54;0.54;–;0.07;0.08;–;0;2.34;1.49;0.86;–;–;16.27;–;–;4.34;0.54;–;2.71;0.54;9.22;3.8;5.42;3.25;0.54;0.54;0.54
Диего Лаксальт;Динамо Москва;–;90;ЗП ПЦ;–;–;–;–;–;–;1.82;1.82;–;–;–;–;–;–;–;–;42.73;87 %;–;–;–;–;5.45;67 %;–;–;–;–;0.91;0 %;2.73;33 %;4.55;2.73;0.91;6.36;1.82;1.82;16.36;50 %;13.64;40 %;2.73;100 %;–;–;0.91;100 %;–;–;10;45 %;4.55;4.55;1;0.91;–;–;70.91;56.36;79 %;–;–;–;–;–;–;–;–;0.93;0.75;0.17;–;–;37.27;–;–;3.64;–;–;–;0.91;8.18;5.45;2.73;–;0.91;–;4.55
Владислав Лазарев;Балтика;–;90;П ЛЦ;–;–;1.22;–;0 %;–;–;2.43;–;–;–;–;–;1.22;–;0.11;58.38;83 %;–;–;3.65;67 %;12.16;70 %;2.43;50 %;–;–;8.51;57 %;6.8;60 %;4.86;1.22;–;3.65;1.22;2.43;18.24;40 %;12.16;30 %;6.8;60 %;1.22;0 %;–;–;–;–;8.51;29 %;8.51;4.86;2;–;–;2.43;93.65;71.76;77 %;0 %;1.22;–;–;0.36;0.09;–;0;0.78;1.98;-1.2;–;–;48.65;–;2.43;8.51;1.22;–;4.86;3.65;7.3;3.65;3.65;–;–;–;2.43
Ленини Пина;ФК Краснодар;–;90;ЗП Ц;–;–;–;–;–;–;1.12;2.25;–;–;–;–;–;–;–;–;37.12;88 %;–;–;–;–;3.38;67 %;–;–;–;–;–;–;–;–;1.12;1.12;–;4.5;1.12;–;10.12;56 %;4.5;25 %;5.62;80 %;2.25;50 %;2.25;100 %;–;–;2.25;50 %;5.62;6.75;2;–;–;2.25;59.62;50.62;85 %;–;–;–;–;–;–;–;–;2.49;0.54;1.95;–;–;32.62;–;–;2.25;–;–;–;–;5.62;1.12;4.5;1.12;2.25;–;1.12
Даниил Лесовой;Динамо Москва;–;90;АП Л;–;–;–;–;–;–;–;–;–;–;–;–;–;–;–;–;54;67 %;–;–;–;–;18;100 %;–;–;–;–;18;100 %;–;–;18;18;–;–;–;–;36;100 %;–;–;36;100 %;–;–;36;100 %;36;100 %;–;–;–;–;1;–;–;18;90;72;80 %;–;–;–;–;–;–;–;–;–;0.72;-0.72;–;–;36;–;–;18;–;–;18;–;36;–;36;–;36;36;–
Руслан Литвинов;Спартак Москва;–;90;З ПЦ;–;–;–;–;–;–;–;0.48;–;1.43;–;–;–;0.95;–;0.07;60.95;89 %;0.48;0 %;0.48;0 %;10.48;86 %;4.76;90 %;0.48;100 %;5.24;100 %;–;–;4.29;1.43;0.95;10;2.38;0.48;11.9;60 %;10;67 %;1.9;25 %;4.76;70 %;–;–;–;–;1.9;75 %;3.33;10;2;0.95;0.48;–;89.52;76.19;85 %;0 %;0.48;0.48;–;–;0.08;–;0;2.18;1.6;1.11;0.03;0.03;54.29;–;–;9.5;4.29;0.48;5.24;–;7.14;6.67;0.48;3.33;–;–;1.43
Вячеслав Литвинов;Сочи;–;90;З ПЦ;–;–;–;–;–;–;0.91;–;0.91;2.28;–;–;–;–;–;–;39.29;84 %;–;–;0.46;0 %;8.68;63 %;3.2;29 %;0.46;0 %;4.11;56 %;1.37;0 %;5.48;1.37;0.46;6.85;0.91;1.83;15.99;74 %;11.42;68 %;4.57;90 %;4.57;70 %;1.83;100 %;–;–;4.11;67 %;5.48;3.65;2;0.91;–;–;66.7;55.74;84 %;–;–;–;–;–;–;–;–;1.8;1.36;-0.27;–;–;32.89;–;–;5.48;0.91;–;2.28;–;11.88;7.77;4.11;3.2;1.83;–;2.74
Александр Ломовицкий;Рубин Казань;–;90;Ф ЛЦ;–;–;–;–;–;–;–;–;–;–;–;–;–;–;–;–;18;100 %;–;–;–;–;–;–;–;–;–;–;–;–;–;–;18;–;–;–;–;18;54;33 %;18;0 %;36;50 %;–;–;18;0 %;18;0 %;–;–;–;–;1;–;–;18;90;54;60 %;–;–;–;–;–;–;–;–;0.36;–;0.36;–;–;18;–;–;–;–;–;–;–;18;–;18;–;–;–;–
Руслан Магаль;Факел Воронеж;–;90;ЗП П;–;–;–;–;–;–;–;0.92;0.92;1.38;–;–;–;1.38;0.46;0.1;25.26;69 %;–;–;1.84;25 %;6.43;64 %;0.46;0 %;–;–;2.76;67 %;1.84;25 %;5.97;2.3;–;2.76;–;3.21;10.1;45 %;4.13;67 %;5.97;31 %;1.84;50 %;2.76;50 %;1.84;50 %;2.3;40 %;2.76;9.64;2;0.92;–;–;52.81;38.57;73 %;33 %;0.46;0.46;–;0.17;0.07;–;0;2.31;1.55;0.76;–;–;17.45;–;0.46;4.13;–;–;1.84;0.46;4.59;2.76;1.84;0.92;1.38;0.92;0.92
Артём Макарчук;Сочи;–;90;ЗП Л;–;–;–;–;–;–;0.46;–;–;–;–;–;–;–;–;–;43.86;81 %;–;–;3.65;50 %;5.48;50 %;0.46;0 %;–;–;2.74;50 %;4.57;90 %;3.2;–;0.46;3.65;1.37;2.74;8.68;47 %;6.85;47 %;1.83;50 %;2.74;50 %;1.37;67 %;0.46;100 %;1.83;50 %;5.3;4.11;2;0.91;–;–;64.87;51.62;80 %;–;–;–;–;0.17;–;–;–;1.8;1.36;-0.27;–;–;35.63;–;1.83;2.74;–;–;1.37;4.11;4.11;3.2;0.91;1.37;0.91;0.46;0.91
Денис Макаров;Динамо Москва;–;90;АП П;–;–;–;–;–;1.96;1.96;1.96;–;–;–;–;1.96;1.96;–;0.04;35.22;72 %;1.96;100 %;5.87;33 %;1.96;0 %;1.96;100 %;–;–;1.96;0 %;5.87;67 %;15.65;1.96;3.91;–;–;3.91;11.74;33 %;–;–;11.74;33 %;1.96;0 %;9.78;40 %;7.83;25 %;–;–;–;3.91;1;1.96;1.96;–;62.61;39.13;63 %;0 %;–;1.96;–;0.96;0.02;–;0;1.88;2.45;-0.57;–;–;25.43;1.96;1.96;–;1.96;–;–;3.91;3.91;–;3.91;–;3.91;1.96;–
Кирилл Маляров;Балтика;–;90;ЗП П;–;–;0.56;–;0 %;–;1.12;0.56;0.56;1.12;–;–;–;–;–;–;56.46;68 %;–;–;2.24;25 %;16.77;43 %;2.8;20 %;–;–;12.86;39 %;11.18;55 %;10.62;0.56;–;2.24;0.56;3.91;13.42;42 %;6.71;50 %;6.71;33 %;2.8;20 %;3.35;50 %;2.8;40 %;3.35;50 %;3.91;7.83;2;1.12;1.12;–;85.53;59.81;70 %;–;–;–;–;0.06;–;–;–;0.86;1.43;-0.56;–;–;38.57;–;0.56;7.27;0.56;–;5.3;6.15;5.59;3.35;2.24;0.56;1.68;1.12;1.68
Артём Мамин;Урал Екатеринбург;–;90;З ПЦ;–;–;–;–;–;–;1.38;0.46;–;0.92;–;–;–;–;–;–;44.77;80 %;0.46;0 %;0.46;0 %;11.08;50 %;2.77;17 %;–;–;6;62 %;1.38;67 %;5.8;0.92;–;8.77;1.38;2.31;12.46;74 %;11.08;71 %;1.38;100 %;5.8;55 %;–;–;–;–;3.23;86 %;8.77;6;2;0.92;–;–;74.31;62.31;84 %;–;–;–;–;–;–;–;–;1.15;0.83;0.32;0.12;0.12;36;–;–;5.54;0.46;–;3.69;0.92;9.23;7.85;1.38;2.77;–;–;2.77
Брайан Эзекуэль Мансилья;Оренбург;–;90;АП Л;–;–;1.43;–;0 %;0.48;0.95;1.9;–;–;0.48;–;0.48;2.38;0.95;0.27;28.1;76 %;1.9;0 %;3.33;14 %;1.43;67 %;–;–;–;–;–;–;1.9;25 %;8.1;0.95;2.86;1.9;0.48;2.86;17.62;41 %;8.1;41 %;9.52;40 %;4.76;30 %;2.86;33 %;1.9;25 %;4.76;40 %;2.38;2.86;2;0.95;0.48;–;59.05;37.62;64 %;40 %;0.95;0.48;–;0.11;0.11;–;0;1.39;1.42;-0.03;–;–;21.43;–;0.48;0.95;–;–;–;0.48;7.14;3.33;3.81;1.43;0.95;0.48;1.9
Густаво Мантуан;Зенит;–;90;АП Л;–;–;0.8;–;0 %;–;–;0.8;–;–;0.8;–;–;–;–;–;31.86;73 %;1.59;0 %;1.59;0 %;7.17;33 %;1.59;0 %;–;–;2.39;0 %;3.19;25 %;6.37;0.8;1.59;0.8;–;1.59;10.35;31 %;5.58;29 %;4.78;33 %;1.59;0 %;2.39;33 %;0.8;0 %;1.59;50 %;1.59;7.96;2;0.8;0.8;0.8;56.55;39.03;69 %;–;–;–;–;0.05;–;–;–;0.74;0.23;0.51;–;–;23.1;–;–;2.39;–;–;–;0.8;3.19;1.59;1.59;–;0.8;–;0.8
Тимофей Маргасов;Сочи;–;90;ЗП П;–;–;–;–;–;–;2.26;0.57;–;–;–;–;1.13;–;–;–;37.92;84 %;–;–;1.13;0 %;8.49;67 %;0.57;0 %;0.57;0 %;2.26;100 %;2.26;25 %;5.66;1.7;–;4.53;1.7;–;11.89;57 %;5.66;50 %;6.23;64 %;6.23;64 %;–;–;–;–;2.26;50 %;3.96;5.9;2;1.13;1.13;–;58.87;47.55;81 %;–;–;–;–;0.08;–;–;–;0.96;1.59;-0.63;–;–;31.7;–;–;5.66;–;–;2.26;0.57;6.79;2.83;3.96;3.96;–;–;1.13
Матео Марьянов Стаматов;Пари Нижний Новгород;–;90;ЗП Л;–;–;1.5;–;0 %;–;1.5;1.5;1.5;2.9;–;–;–;1.5;–;0.12;19.88;68 %;–;–;–;–;3.14;67 %;2.9;0 %;1.5;0 %;3.14;67 %;–;–;6.28;2.9;1.5;2.9;–;1.5;15.7;47 %;8.37;38 %;7.33;57 %;1.5;100 %;5.23;60 %;–;–;7.33;29 %;2.9;3.14;1;1.5;1.5;–;45;28.26;63 %;0 %;1.5;–;–;–;0.11;–;0;0.78;0.85;-0.06;–;–;13.6;–;–;2.9;–;–;2.9;–;7.33;3.14;4.19;1.5;3.14;–;2.9
Николас Марычал;Динамо Москва;–;90;З ЛЦ;–;–;–;–;–;–;0.91;0.91;–;–;0.91;–;–;–;–;–;38.18;86 %;–;–;–;–;6.36;43 %;0.91;0 %;–;–;5.45;67 %;–;–;2.73;1.82;–;8.18;–;2.73;10.91;58 %;8.18;56 %;2.73;67 %;1.82;50 %;0.91;100 %;–;–;3.64;25 %;6.36;2.73;1;0.91;–;–;60.91;50.91;84 %;–;–;–;–;–;–;–;–;0.93;0.75;0.17;–;–;32.73;–;–;2.73;–;–;3.64;–;6.36;4.55;1.82;0.91;0.91;–;0.91
Джимми Марин;Оренбург;–;90;АП Л;–;–;–;–;–;–;2.5;2.5;2.5;4.9;–;–;2.5;–;–;–;30.68;73 %;2.5;0 %;8.18;0 %;2.5;0 %;4.9;100 %;2.5;100 %;–;–;6.14;0 %;10.23;–;2.5;4.9;2.5;4.9;12.27;83 %;2.5;0 %;10.23;100 %;4.9;100 %;6.14;100 %;2.5;100 %;2.5;0 %;2.5;4.9;2;–;–;4.9;55.23;42.95;78 %;–;–;–;–;–;–;–;–;2.27;1.1;1.17;–;–;22.5;–;–;–;4.9;2.5;–;–;10.23;–;10.23;4.9;6.14;2.5;–
Евгений Марков;Факел Воронеж;–;90;Ф ПЦ;1.35;–;2.71;1.35;50 %;1.35;2.3;0.68;0.68;0.68;0.68;–;0.68;3.38;2.3;1.13;17.59;73 %;1.35;50 %;–;–;3.38;60 %;–;–;–;–;1.35;0 %;2.3;100 %;13.53;1.35;4.6;0.68;–;–;23.01;26 %;4.6;17 %;18.95;29 %;10.15;20 %;2.71;25 %;1.35;50 %;2.3;33 %;0.68;4.74;2;1.35;1.35;–;53.46;26.39;49 %;60 %;1.35;–;–;–;0.33;0.84;1.2;2.12;1.74;0.39;–;–;12.86;0.68;–;2.3;–;–;–;2.3;6.9;0.68;5.41;2.3;0.68;0.68;0.68
Кристофер Мартинс Перейра;Спартак Москва;–;90;ЗП Ц;–;–;–;–;–;–;1.37;0.69;–;–;0.69;–;–;–;–;–;32.98;88 %;–;–;–;–;2.6;67 %;–;–;–;–;0.69;100 %;–;–;4.12;2.6;–;4.81;–;2.75;10.99;44 %;5.5;25 %;5.5;63 %;3.44;20 %;4.12;83 %;0.69;100 %;2.6;33 %;5.5;6.18;2;0.69;–;0.69;58.4;48.09;82 %;–;–;–;–;0.41;–;–;–;2.23;1.3;1.2;–;–;28.85;–;–;1.37;–;–;0.69;–;4.81;1.37;3.44;0.69;3.44;0.69;0.69
Александр Мартынович;Рубин Казань;–;90;З ПЦ;–;–;–;–;–;–;2.77;0.46;0.46;0.92;–;–;–;0.46;–;0.02;31.85;86 %;0.46;0 %;–;–;5.54;83 %;1.85;100 %;0.92;100 %;3.23;71 %;–;–;2.31;1.38;–;4.62;0.92;0.46;14.31;71 %;12.46;67 %;1.85;100 %;6.92;73 %;0.92;100 %;–;–;3.69;75 %;6.46;1.85;2;0.92;–;–;55.38;46.15;83 %;0 %;0.46;–;–;–;0.04;–;0;1.3;1.38;-0.35;0.12;0.07;27.23;–;–;4.62;1.85;0.92;2.31;–;10.15;8.31;1.85;5.8;0.92;–;2.77
Мамаду Майга;Пари Нижний Новгород;–;90;ЗП Ц;–;–;–;–;–;–;0.92;0.92;–;–;–;–;–;–;–;–;39.69;88 %;–;–;0.46;0 %;6.46;71 %;2.31;0 %;0.92;0 %;5.8;64 %;0.46;0 %;4.62;1.85;0.46;6.46;1.85;0.92;13.38;66 %;8.31;61 %;5.8;73 %;3.23;43 %;1.85;75 %;–;–;1.85;75 %;6;8.31;2;0.92;–;–;69.69;60;86 %;–;–;–;–;0.01;–;–;–;0.54;0.64;-0.1;0.03;0.04;35.08;–;–;4.62;–;–;3.23;–;8.77;5.8;3.69;1.38;1.38;–;1.38
Юрий Медведев;Сочи;–;90;ЗП П;–;–;–;–;–;–;–;–;–;–;–;–;–;–;–;–;54;92 %;–;–;–;–;9;50 %;–;–;–;–;–;–;–;–;4.5;–;–;4.5;4.5;4.5;18;50 %;13.5;67 %;4.5;0 %;–;–;–;–;–;–;4.5;100 %;4.5;9;1;–;–;4.5;90;76.5;85 %;–;–;–;–;–;–;–;–;0.27;0.72;-0.45;–;–;49.5;–;–;4.5;–;–;–;–;9;9;–;–;–;–;4.5
Виктор Мелехин;Ростов;–;90;З Ц;–;–;–;–;–;–;1.36;2.27;–;–;–;–;–;–;–;–;51.82;89 %;–;–;0.45;0 %;6.36;50 %;1.82;25 %;0.91;0 %;4.9;56 %;1.82;25 %;2.73;0.91;–;3.64;0.91;2.27;15.91;66 %;10.91;67 %;5;64 %;7.27;56 %;0.91;100 %;–;–;2.27;100 %;5.45;5.91;2;0.91;–;–;82.27;71.36;87 %;–;–;–;–;0.01;–;–;–;1.1;1.15;-0.05;–;–;46.36;–;–;3.18;0.45;–;2.27;0.45;10.45;7.27;3.18;4.9;0.91;–;2.27
Павел Мелешин;Спартак Москва;–;90;Ф Ц;–;–;1.15;–;0 %;–;2.31;–;–;–;1.15;–;1.15;2.31;–;0.65;8.8;57 %;–;–;–;–;–;–;–;–;–;–;–;–;–;–;4.62;1.15;–;–;–;–;11.54;0 %;–;–;11.54;0 %;1.15;0 %;2.31;0 %;2.31;0 %;–;–;2.31;2.31;1;1.15;1.15;–;26.54;9.23;35 %;0 %;1.15;1.15;–;–;0.28;–;0;2.1;1.32;0.69;–;–;4.62;–;–;–;–;–;–;–;–;–;–;–;–;–;–
Андрей Мендель;Факел Воронеж;–;90;ЗП ЛЦ;–;–;–;–;–;–;–;0.5;–;–;0.5;–;–;1.5;0.5;0.23;15;83 %;–;–;–;–;3;83 %;1;50 %;–;–;2;75 %;0.5;100 %;1.5;–;0.5;3.5;1;0.5;16;72 %;11.5;70 %;4.5;78 %;6.5;69 %;–;–;–;–;4;63 %;5;5;2;1;0.5;–;43.5;35;80 %;33 %;1;–;–;–;0.15;–;0;2.19;1.52;0.67;–;–;12.5;–;–;2.5;0.5;–;1.5;0.5;11.5;8;3.5;4.5;–;–;2.5
Мендес;ЦСКА Москва;–;90;ЗП ПЦ;–;–;–;–;–;0.88;0.88;0.88;–;–;–;–;–;–;–;–;65.29;87 %;0.88;100 %;1.32;33 %;12.35;79 %;1.32;100 %;–;–;5.74;77 %;5.29;42 %;3.97;0.88;–;2.65;1.76;2.65;6.18;64 %;2.21;60 %;3.97;67 %;0.44;100 %;1.32;67 %;0.88;100 %;0.44;0 %;3.53;7.6;2;0.88;–;–;84.71;74.12;88 %;–;–;–;–;0.47;–;–;–;1.12;1.15;-0.02;0;0.01;56.91;0.88;0.44;9.71;1.32;–;4.41;2.21;3.97;1.32;2.65;0.44;0.88;0.88;–
Ярослав Михайлов;Пари Нижний Новгород;–;90;П ЛЦ;–;–;–;–;–;–;1.43;1.43;–;–;–;–;–;–;–;–;32.86;91 %;–;–;–;–;2.86;75 %;1.43;50 %;0.71;100 %;1.43;0 %;–;–;5.71;2.86;2.14;2.14;0.71;1.43;14.29;30 %;7.14;40 %;7.14;20 %;3.57;0 %;0.71;100 %;–;–;2.14;67 %;0.71;5;2;0.71;0.71;0.71;57.14;42.14;74 %;–;–;–;–;0.12;–;–;–;0.3;0.49;-0.19;0.01;0.02;30;–;–;2.14;0.71;0.71;–;–;4.29;2.86;1.43;–;0.71;–;1.43
Иван Миладинович;Сочи;–;90;З ЛЦ;–;–;–;–;–;–;0.91;–;–;0.46;–;–;–;1.37;0.46;0.2;30.15;82 %;–;–;–;–;9.14;65 %;1.37;100 %;–;–;2.74;83 %;–;–;1.83;0.91;–;5.94;0.46;0.46;11.42;64 %;10.51;65 %;0.91;50 %;5.3;73 %;–;–;–;–;1.83;100 %;5.48;8.22;2;0.91;–;–;58.02;47.51;82 %;33 %;0.91;–;–;–;0.14;–;0;1.8;1.36;-0.27;–;–;24.67;–;–;5.94;1.37;–;2.28;–;7.31;6.85;0.46;3.65;–;–;1.83
Ан. Миранчук;Локомотив Москва;–;90;АП Ц;–;–;2.43;–;0 %;2.43;–;4.86;–;–;–;–;–;2.43;–;0.19;65.68;70 %;–;–;2.43;0 %;9.73;50 %;–;–;–;–;4.86;50 %;14.59;33 %;12.16;2.43;2.43;2.43;–;7.3;14.59;33 %;4.86;0 %;9.73;50 %;–;–;4.86;100 %;2.43;100 %;2.43;0 %;2.43;–;1;–;–;2.43;94.86;60.81;64 %;0 %;–;2.43;–;0.36;0.08;–;0;0.54;1.19;-0.66;–;–;46.22;–;–;4.86;–;–;2.43;4.86;4.86;–;4.86;–;4.86;2.43;–
Алексей Миронов;Ростов;–;90;П ПЦ;–;–;–;–;–;–;2.31;–;–;–;2.31;–;–;–;–;–;69.23;93 %;–;–;2.31;0 %;16.15;86 %;6.92;67 %;–;–;13.85;100 %;11.54;100 %;4.62;2.31;2.31;2.31;2.31;2.31;9.23;75 %;6.92;67 %;2.31;100 %;–;–;–;–;–;–;6.92;67 %;4.62;11.54;1;–;–;2.31;99.23;90;91 %;–;–;–;–;0.07;–;–;–;0.69;0.35;0.35;–;–;64.62;–;–;13.85;4.62;–;13.85;11.54;6.92;4.62;2.31;–;–;–;4.62
Даниел Мишкич;Урал Екатеринбург;–;90;ЗП ПЦ;0.46;–;0.46;0.46;100 %;–;0.92;1.38;–;–;–;–;–;0.46;0.46;0.35;42;91 %;–;–;–;–;11.08;88 %;2.31;80 %;–;–;7.38;88 %;0.46;100 %;2.31;0.92;–;4.15;1.85;1.38;9.69;52 %;4.62;60 %;5.8;45 %;3.69;63 %;1.38;33 %;0.92;50 %;0.46;0 %;4.15;7.85;2;0.92;–;–;65.54;57.23;87 %;100 %;–;–;–;–;0.75;0.75;1.33;1.15;0.83;0.32;0.02;0.02;38.31;–;–;9.69;1.85;–;6.46;0.46;5.8;2.77;2.31;2.31;0.46;0.46;–
Марио Митай;Локомотив Москва;–;90;ЗЛ;–;–;–;–;–;–;–;1.84;–;1.84;–;–;–;–;–;–;78.98;86 %;–;–;5.51;67 %;3.67;50 %;3.67;0 %;–;–;3.67;0 %;3.67;100 %;5.51;1.84;–;9.18;1.84;7.35;25.71;64 %;14.69;75 %;11.02;50 %;1.84;0 %;7.35;75 %;1.84;0 %;7.35;100 %;5.51;14.69;2;–;–;3.67;132.24;112.04;85 %;–;–;–;–;0.2;–;–;–;0.99;1.43;-0.44;–;–;67.96;–;3.67;1.84;–;–;–;3.67;16.53;11.02;5.51;–;5.51;–;7.35
Мохаммад Мохеби;Ростов;–;90;АП Л;–;–;4.62;–;0 %;2.31;–;–;–;–;–;–;–;6.92;2.31;0.42;23.08;90 %;–;–;2.31;0 %;–;–;–;–;–;–;–;–;2.31;0 %;11.54;–;–;–;–;2.31;18.46;25 %;6.92;33 %;11.54;20 %;6.92;33 %;6.92;0 %;2.31;0 %;2.31;100 %;–;–;1;–;–;2.31;50.77;30;59 %;33 %;4.62;–;–;0.14;0.06;–;0;0.69;0.35;0.35;–;–;20.77;–;–;–;–;–;–;–;4.62;2.31;2.31;2.31;–;–;2.31
Евгений Морозов;Локомотив Москва;–;90;З ПЦ;–;–;–;–;–;–;2.84;0.95;0.95;1.89;–;–;–;–;–;–;63.47;79 %;–;–;–;–;11.37;50 %;3.79;75 %;–;–;4.74;60 %;–;–;2.84;–;–;8.53;0.95;–;15.16;56 %;13.26;50 %;1.89;100 %;6.63;57 %;–;–;–;–;3.79;25 %;11.37;11.37;1;0.95;–;–;101.37;81.47;80 %;–;–;–;–;–;–;–;–;1.15;1.7;0.08;0.04;0.04;50.21;–;–;5.68;2.84;–;2.84;–;8.53;6.63;1.89;3.79;–;–;0.95
Виктор Мозес;Спартак Москва;–;90;П ЛЦ;0.66;–;0.66;0.66;100 %;0.66;1.97;3.28;–;–;–;–;–;2.63;0.66;0.34;40.73;81 %;3.28;20 %;1.31;0 %;10.51;75 %;1.31;0 %;0.66;0 %;3.94;100 %;1.31;50 %;5.91;2.63;0.66;3.28;0.66;3.94;16.42;68 %;7.23;73 %;9.2;64 %;1.97;67 %;5.26;88 %;3.94;83 %;3.28;80 %;3.28;4.6;2;1.31;1.31;–;72.92;57.15;78 %;25 %;1.31;0.66;–;0.12;0.13;0.51;1.96;1.97;1.34;0.63;–;–;32.85;0.66;–;7.88;–;–;3.94;0.66;11.17;5.26;5.91;1.31;4.6;3.28;2.63
Андрей Мостовой;Зенит;–;90;АП Л;–;–;–;–;–;0.92;1.84;2.76;0.92;0.92;–;–;1.84;0.92;–;0.02;26.63;86 %;0.92;100 %;1.84;0 %;3.67;75 %;–;–;–;–;0.92;100 %;2.76;33 %;6.43;1.84;1.84;0.92;–;0.92;17.45;37 %;5.51;33 %;11.94;38 %;3.67;75 %;3.67;25 %;1.84;50 %;0.92;100 %;1.84;2.76;2;0.92;0.92;0.92;52.35;34.9;67 %;0 %;–;0.92;–;–;0.02;–;0;0.32;0.96;-0.64;0.03;0.03;22.96;0.92;–;2.76;–;–;0.92;0.92;6.43;1.84;4.59;2.76;0.92;0.92;0.92
Никита Моцпан;Факел Воронеж;–;90;П ПЦ;–;0.71;2.13;–;0 %;1.42;1.42;2.83;–;–;–;–;–;2.83;2.13;0.34;38.98;56 %;0.71;100 %;2.83;0 %;4.96;57 %;1.42;50 %;–;–;2.83;50 %;13.46;32 %;8.5;0.71;0.71;4.25;2.13;–;21.97;52 %;10.63;40 %;11.34;63 %;4.96;43 %;3.54;60 %;2.83;75 %;4.25;50 %;2.83;11.34;2;0.71;–;0.71;79.37;50.31;63 %;75 %;–;0.71;–;0.52;0.12;–;0;2.94;1.2;1.74;–;–;21.97;0.71;–;2.83;0.71;–;1.42;4.25;11.34;4.25;7.9;2.13;2.13;2.13;2.13
Николя Нгамалё;Динамо Москва;–;90;АП Л;–;0.56;1.69;–;0 %;2.25;1.69;0.56;0.56;0.56;–;–;0.56;2.81;1.69;0.55;34.31;84 %;2.25;50 %;0.56;100 %;7.31;85 %;–;–;–;–;6.19;82 %;1.69;33 %;7.88;1.69;1.12;1.12;0.56;1.12;12.94;35 %;5.6;11 %;7.88;50 %;0.56;100 %;3.94;86 %;2.81;100 %;2.81;0 %;3.38;5.62;2;1.12;1.12;–;61.31;45;73 %;60 %;1.12;–;–;0.47;0.2;–;0;1.67;1.5;0.17;–;–;28.69;1.12;0.56;6.19;–;–;5.6;0.56;4.5;0.56;3.94;0.56;3.38;2.81;–
Максим Мухин;ЦСКА Москва;–;90;АП ПЦ;–;–;1.5;0.52;50 %;1.5;2.9;1.5;0.52;0.52;–;–;–;1.57;0.52;0.22;17.27;76 %;1.5;50 %;1.57;33 %;2.62;40 %;–;–;–;–;2.62;60 %;1.5;50 %;5.76;1.5;–;1.57;0.52;–;13.08;24 %;7.33;14 %;5.76;36 %;1.57;0 %;1.5;50 %;1.5;50 %;3.66;14 %;3.14;1.5;2;1.5;0.52;–;36.1;20.93;58 %;33 %;0.52;0.52;–;0.09;0.14;–;0;1.33;1.22;0.12;–;–;13.08;0.52;0.52;1.5;–;–;1.57;0.52;3.14;1.5;2.9;–;0.52;0.52;0.52
Тамерлан Мусаев;Балтика;–;90;Ф ЛЦ;–;–;2.2;–;0 %;1.1;1.52;–;–;0.51;–;–;0.51;3.3;1.52;0.42;13.65;63 %;0.51;100 %;1.52;33 %;1.52;0 %;–;–;–;–;1.1;0 %;2.2;25 %;14.16;2.2;2.2;1.52;1.1;–;30.84;26 %;4.55;22 %;26.29;27 %;17.19;24 %;2.2;25 %;2.2;25 %;1.1;50 %;1.1;2.53;2;1.1;0.51;–;53.09;21.74;41 %;50 %;1.52;–;–;0.17;0.14;–;0;0.86;1.66;-0.79;0.03;0.05;8.6;0.51;0.51;–;–;–;–;0.51;8.9;1.1;7.8;4.4;0.51;0.51;0.51
Куинси Антон Промес;Спартак Москва;–;90;АП Л;0.46;0.92;1.38;0.46;33 %;1.38;–;0.92;–;–;–;–;1.38;2.76;0.46;0.51;48.67;85 %;1.84;75 %;0.92;50 %;6.43;79 %;2.3;80 %;0.46;100 %;2.3;80 %;9.64;62 %;7.35;0.46;0.46;–;–;1.38;8.72;47 %;1.84;0 %;6.89;60 %;1.38;33 %;2.76;83 %;1.84;100 %;–;–;1.38;4.59;2;0.92;–;–;67.96;53.27;78 %;17 %;0.92;1.38;–;0.74;0.19;1.11;0.9;2.1;1.1;1;–;–;41.33;1.38;0.46;5.5;1.84;0.46;1.84;5.97;4.13;–;4.13;0.46;2.3;1.84;–
Сергей Пряхин;Балтика;–;90;П ЛЦ;–;–;–;–;–;–;2.23;–;–;–;–;–;–;1.49;0.74;0.1;21.57;66 %;0.74;0 %;–;–;3.72;60 %;–;–;–;–;2.23;67 %;2.23;33 %;11.16;2.98;1.49;1.49;1.49;2.23;21.57;31 %;10.41;29 %;11.16;33 %;1.49;50 %;5.21;14 %;2.98;25 %;3.72;20 %;3.72;3.72;2;1.49;1.49;–;55.79;31.24;56 %;50 %;0.74;–;–;0.01;0.07;–;0;0.8;1.69;-0.89;–;–;14.13;–;–;2.23;–;–;1.49;0.74;6.69;2.98;3.72;0.74;0.74;0.74;0.74
Александр Пуцко;Балтика;–;90;З Ц;–;–;–;–;–;–;–;–;0.46;1.85;–;–;–;0.46;0.46;0.02;40.62;90 %;–;–;–;–;7.38;75 %;1.38;33 %;0.92;0 %;2.31;20 %;0.46;0 %;4.15;1.38;–;7.38;–;2.31;10.15;64 %;8.31;67 %;1.85;50 %;6;85 %;–;–;–;–;1.38;33 %;6.92;8.77;2;0.92;–;–;70.62;62.77;89 %;100 %;–;–;–;–;0.05;–;0;0.79;1.8;-1.01;0.1;0.07;36.46;–;–;5.54;0.46;–;0.46;–;6.46;5.54;0.92;5.8;–;–;0.46
Ду Кейрос;Зенит;–;90;П ЛЦ;–;–;–;–;–;–;–;–;–;–;–;–;–;9;–;0.18;45;80 %;–;–;–;–;9;100 %;–;–;–;–;9;100 %;–;–;9;–;–;–;–;9;9;100 %;–;–;9;100 %;–;–;9;100 %;9;100 %;–;–;9;–;1;–;–;9;81;63;78 %;0 %;9;–;–;–;0.02;–;0;0.45;0.09;0.36;–;–;36;–;–;9;–;–;9;–;9;–;9;–;9;9;–
Никола Радмановац;Балтика;–;90;З ПЦ;–;–;–;–;–;0.92;0.46;–;0.46;0.46;0.46;–;–;–;–;–;45.69;83 %;0.46;100 %;0.46;100 %;11.54;84 %;2.77;83 %;–;–;5.54;92 %;0.92;100 %;1.85;0.46;–;10.15;1.85;0.46;7.85;82 %;6;77 %;1.85;100 %;5.8;91 %;–;–;–;–;1.38;67 %;11.54;11.08;2;0.92;–;–;77.08;67.85;88 %;–;–;–;–;–;–;–;–;0.79;1.8;-1.01;0.02;0.05;37.85;0.46;0.46;9.69;2.31;–;5.8;0.92;6.46;4.62;1.85;4.62;–;–;0.92
Амар Рахманович;Крылья Советов;–;90;Ф Ц;–;–;0.62;–;0 %;1.23;0.62;2.47;0.62;1.23;0.62;–;–;1.23;1.23;0.03;27.12;73 %;0.62;100 %;0.62;0 %;10.48;71 %;1.85;33 %;–;–;6.78;64 %;1.85;33 %;12.33;1.23;1.85;0.62;0.62;3.8;26.51;35 %;5.55;22 %;20.96;38 %;11.71;21 %;5.55;67 %;2.47;75 %;2.47;50 %;0.62;1.85;2;0.62;0.62;0.62;62.26;35.75;57 %;100 %;–;–;–;0.13;0.02;–;0;1.3;1.3;-0.27;–;–;19.73;0.62;–;7.4;0.62;–;4.32;0.62;9.25;1.23;8.1;2.47;3.7;1.85;1.23
Умарали Рахмоналиев;Рубин Казань;–;90;П ЛЦ;–;–;–;–;–;–;2.3;0.51;–;–;–;–;–;2.3;–;0.06;34.07;82 %;–;–;–;–;6.1;67 %;0.51;0 %;–;–;2.3;25 %;1.53;67 %;4.58;1.2;–;3.5;2.3;1.53;13.73;48 %;7.12;43 %;6.61;54 %;2.3;100 %;1.2;50 %;0.51;100 %;3.56;43 %;1.53;6.61;2;1.2;1.2;–;59.49;44.24;74 %;0 %;0.51;1.53;–;–;0.03;–;0;1.13;1.52;-0.39;0.02;0.03;27.97;–;–;4.7;–;–;0.51;1.2;6.61;3.5;3.56;2.3;0.51;0.51;1.53
Николай Рассказов;Крылья Советов;–;90;З П;–;0.75;0.75;–;0 %;1.5;–;–;–;0.75;–;–;–;0.75;–;0.17;33;82 %;–;–;2.25;33 %;2.25;67 %;–;–;–;–;–;–;3;50 %;4.5;1.5;2.25;1.5;–;3;6;50 %;1.5;100 %;4.5;33 %;1.5;50 %;2.25;67 %;–;–;0.75;100 %;3;3.75;2;0.75;0.75;0.75;51.75;39.75;77 %;0 %;0.75;–;–;0.24;0.23;–;0;0.97;1.5;-0.52;0.02;0.02;27;–;0.75;1.5;–;–;–;1.5;3;1.5;1.5;0.75;1.5;–;0.75
Роберт Ренан Алвеш Барбоса;Зенит;–;90;З ЛЦ;–;–;–;–;–;–;0.46;0.46;–;–;–;–;–;0.46;–;0.01;71.63;92 %;–;–;1.38;67 %;16.99;81 %;4.13;56 %;0.46;0 %;4.59;70 %;1.38;67 %;2.76;0.92;0.92;6.43;0.92;1.84;11.02;63 %;8.27;56 %;2.76;83 %;3.21;43 %;0.92;100 %;–;–;1.84;50 %;1.84;5.51;2;0.92;–;–;93.21;82.19;88 %;0 %;0.46;–;–;–;0.02;–;0;0.59;0.62;-0.03;–;–;66.12;–;0.92;13.78;2.3;–;3.21;0.92;6.89;4.59;2.3;1.38;0.92;–;0.92
Клаудиньо;Зенит;–;90;П ЛЦ;–;–;0.48;–;0 %;0.97;1.45;2.42;–;–;–;–;–;2.42;–;0.18;58.06;85 %;1.45;67 %;2.42;0 %;11.13;74 %;3.87;88 %;0.48;0 %;5.32;73 %;4.35;33 %;6.29;0.48;0.97;1.45;0.48;1.45;13.55;39 %;6.29;31 %;7.26;47 %;0.48;100 %;3.39;57 %;1.94;50 %;2.9;33 %;1.45;4.84;2;0.97;0.48;–;82.74;62.42;75 %;0 %;1.94;0.48;–;0.1;0.08;–;0;0.6;0.64;-0.05;0.01;0.03;49.35;0.97;–;8.23;3.39;–;3.87;1.45;5.32;1.94;3.39;0.48;1.94;0.97;0.97
Илья Рожков;Рубин Казань;–;90;ЗП Л;–;0.54;–;–;–;1.8;1.63;–;–;–;–;–;–;0.54;–;0.02;42.29;81 %;1.8;100 %;2.17;100 %;7.59;57 %;2.17;75 %;–;–;4.34;75 %;2.71;100 %;6.51;2.71;–;4.34;0.54;1.63;15.18;36 %;10.3;37 %;4.88;33 %;2.17;75 %;2.17;0 %;–;–;5.42;20 %;4.88;3.8;2;1.8;0.54;–;68.31;49.88;73 %;0 %;0.54;–;–;0.12;0.03;–;0;1.18;1.53;-0.35;–;–;34.16;1.8;2.17;4.34;1.63;–;3.25;2.71;5.42;3.8;1.63;1.63;–;–;1.8
Михаил Рядно;ЦСКА Москва;–;90;З ЛЦ;–;–;–;–;–;–;–;1.57;–;–;–;–;–;0.52;0.52;0.02;53.37;85 %;–;–;1.5;0 %;14.13;70 %;–;–;–;–;6.28;67 %;2.9;50 %;3.66;0.52;–;3.66;1.57;2.62;14.65;68 %;10.99;67 %;3.66;71 %;5.76;73 %;1.5;100 %;0.52;100 %;4.71;56 %;5.23;5.23;2;0.52;–;0.52;82.67;70.12;85 %;100 %;–;–;–;–;0.03;–;0;1.11;0.77;0.35;–;–;45.52;–;–;9.94;–;–;4.19;1.5;9.94;7.33;2.62;4.19;1.5;0.52;2.62
Дмитрий Рыбчинский;Локомотив Москва;–;90;АП П;–;–;–;–;–;2.31;–;2.31;–;–;–;–;–;–;–;–;36.92;75 %;2.31;100 %;–;–;9.23;75 %;–;–;–;–;2.31;0 %;4.62;100 %;2.31;–;–;2.31;–;4.62;16.15;43 %;6.92;33 %;9.23;50 %;4.62;50 %;2.31;100 %;2.31;100 %;4.62;50 %;–;9.23;1;–;–;2.31;66.92;48.46;72 %;–;–;–;–;0.76;–;–;–;1.73;1.66;0.07;–;–;27.69;2.31;–;6.92;–;–;–;4.62;6.92;2.31;4.62;2.31;2.31;2.31;2.31
Никита Салтыков;Крылья Советов;–;90;АП Л;–;–;2.9;–;0 %;–;–;–;–;–;–;–;–;5.81;2.9;0.38;43.55;67 %;–;–;5.81;0 %;2.9;100 %;2.9;0 %;–;–;–;–;5.81;0 %;11.61;–;2.9;5.81;2.9;–;26.13;56 %;11.61;25 %;14.52;80 %;8.71;67 %;8.71;67 %;2.9;100 %;5.81;0 %;–;11.61;1;–;–;2.9;90;58.06;65 %;50 %;2.9;–;–;–;0.06;–;0;0.67;–;0.67;–;–;29.03;–;–;2.9;–;–;–;–;14.52;2.9;11.61;5.81;5.81;2.9;–
Илья Самошников;Локомотив Москва;–;90;З П;–;0.84;–;–;–;0.84;0.84;–;–;–;–;–;–;–;–;–;52.15;71 %;–;–;2.52;67 %;11.78;71 %;5.5;67 %;0.84;100 %;13.46;69 %;11.78;50 %;4.21;0.84;–;4.21;0.84;1.68;12.62;33 %;8.41;30 %;4.21;40 %;2.52;67 %;1.68;0 %;0.84;0 %;4.21;40 %;8.41;8.41;2;0.84;–;0.84;84.95;61.4;72 %;–;–;–;–;0.02;–;–;–;1.37;2.48;-1.11;–;–;37.01;–;1.68;8.41;3.36;0.84;9.25;5.89;4.21;2.52;1.68;1.68;–;–;1.68
Жоао Педро Сантос Ламейра;Балтика;–;90;ЗП Ц;–;–;–;–;–;–;4.9;4.9;–;–;–;–;–;4.9;–;0.08;53.18;69 %;–;–;–;–;24.55;50 %;4.9;0 %;–;–;4.9;100 %;4.9;0 %;4.9;–;–;–;–;–;16.36;50 %;12.27;33 %;4.9;100 %;4.9;100 %;–;–;–;–;–;–;4.9;8.18;1;–;–;4.9;85.91;57.27;67 %;0 %;4.9;–;–;–;0.02;–;0;0.7;3.4;-2.7;–;–;36.82;–;–;12.27;–;–;4.9;–;8.18;4.9;4.9;4.9;–;–;–
Владислав Сарвели;Локомотив Москва;–;90;Ф Ц;–;–;–;–;–;–;–;2.5;–;–;–;–;–;–;–;–;27.5;82 %;–;–;–;–;2.5;100 %;–;–;–;–;–;–;–;–;5;–;2.5;2.5;–;5;17.5;57 %;5;100 %;12.5;40 %;5;0 %;5;50 %;–;–;5;100 %;5;5;2;–;–;5;62.5;47.5;76 %;–;–;–;–;0.03;–;–;–;1.15;1.83;-0.68;–;–;22.5;–;–;2.5;–;–;–;–;10;5;5;–;2.5;–;5
Гилерме Счеттине;Урал Екатеринбург;–;90;Ф Ц;–;–;1.96;–;0 %;0.98;2.93;0.98;–;–;–;–;–;1.96;0.98;0.26;17.61;56 %;1.96;0 %;0.98;0 %;5.87;33 %;–;–;–;–;3.91;25 %;1.96;0 %;16.63;3.91;–;–;–;2.93;27.39;29 %;1.96;0 %;25.43;31 %;17.61;28 %;2.93;67 %;0.98;0 %;0.98;0 %;–;–;2;0.98;0.98;0.98;49.89;21.52;43 %;50 %;0.98;–;–;–;0.14;–;0;0.59;0.3;0.28;–;–;9.78;–;–;1.96;–;–;0.98;–;7.83;–;7.83;4.89;1.96;–;–
Андрей Семёнов;ФК Ахмат;–;90;З ПЦ;–;–;–;–;–;0.44;3.6;–;0.44;0.44;0.44;0.44;–;–;–;–;55.05;90 %;0.87;50 %;–;–;18.35;81 %;5.24;75 %;0.44;100 %;12.23;86 %;1.75;50 %;2.62;1.31;–;5.24;0.87;2.62;12.67;55 %;10.92;56 %;1.75;50 %;4.37;60 %;–;–;–;–;3.6;29 %;1.75;7.86;2;0.87;–;–;79.95;69.03;86 %;–;–;–;–;0.01;–;–;–;0.99;1.13;-0.14;–;–;49.81;0.44;–;14.85;3.93;0.44;10.49;0.87;6.99;6.12;0.87;2.62;–;–;0.87
Эдгар Севикян;Пари Нижний Новгород;–;90;Ф ЛЦ;–;–;–;–;–;–;0.71;1.43;–;–;0.71;–;–;1.43;1.43;0.03;19.29;85 %;–;–;0.71;0 %;3.57;40 %;0.71;100 %;–;–;0.71;0 %;1.43;0 %;10.71;1.43;1.43;0.71;–;2.14;20;14 %;2.14;0 %;17.86;16 %;9.29;8 %;2.14;67 %;0.71;0 %;–;–;1.43;0.71;2;1.43;1.43;–;46.43;25;54 %;100 %;–;–;–;0.08;0.02;–;0;0.76;0.55;0.21;–;–;16.43;–;–;1.43;0.71;–;–;–;2.86;–;2.86;0.71;1.43;–;–
Кирилл Щетинин;Ростов;–;90;П ЛЦ;–;–;–;–;–;–;–;1.5;–;–;–;–;–;–;–;–;18;83 %;–;–;1.5;0 %;3;100 %;1.5;100 %;–;–;1.5;100 %;3;50 %;7.5;1.5;–;4.5;1.5;1.5;24;44 %;9;50 %;15;40 %;4.5;33 %;6;50 %;6;50 %;1.5;0 %;–;3;1;1.5;1.5;–;46.5;30;65 %;–;–;–;–;–;–;–;–;0.42;0.41;0.02;–;–;15;–;–;3;1.5;–;1.5;1.5;10.5;4.5;6;1.5;3;3;–
Тимофей Шипунов;Сочи;–;90;АП ПЦ;–;–;–;–;–;–;1.91;1.91;–;–;–;–;–;1.91;–;0.15;38.3;75 %;–;–;–;–;11.49;67 %;–;–;–;–;7.66;50 %;3.83;100 %;9.57;1.91;3.83;–;–;3.83;26.81;21 %;13.4;0 %;13.4;43 %;5.74;67 %;5.74;33 %;–;–;5.74;0 %;–;7.66;1;1.91;1.91;–;82.34;45.96;56 %;0 %;–;1.91;–;–;0.08;–;0;1.72;0.19;1.53;–;–;28.72;–;–;7.66;–;–;3.83;3.83;5.74;–;5.74;3.83;1.91;–;–
Максим Шнапцев;Пари Нижний Новгород;–;90;Ф Ц;–;–;–;–;–;–;6.75;2.25;–;–;–;–;–;–;–;–;13.5;83 %;–;–;–;–;–;–;–;–;–;–;–;–;–;–;15.75;–;4.5;–;–;–;31.5;29 %;9;25 %;22.5;30 %;6.75;33 %;–;–;–;–;2.25;0 %;–;–;1;–;–;2.25;49.5;20.25;41 %;–;–;–;–;–;–;–;–;0.02;0.94;-0.92;–;–;11.25;–;–;–;–;–;–;–;9;2.25;6.75;2.25;–;–;–
Максим Сидоров;Оренбург;–;90;З П;–;–;2.57;–;0 %;2.57;–;2.57;–;–;–;–;–;2.57;2.57;0.03;69.43;81 %;–;–;5.14;0 %;20.57;75 %;2.57;0 %;–;–;5.14;50 %;7.71;33 %;7.71;–;–;10.29;–;2.57;12.86;60 %;5.14;50 %;7.71;67 %;–;–;7.71;67 %;5.14;50 %;2.57;100 %;2.57;18;1;–;–;2.57;108;90;83 %;100 %;–;–;–;–;0.01;–;0;2.62;0.46;2.16;–;–;56.57;–;–;15.43;–;–;2.57;2.57;7.71;2.57;5.14;–;5.14;2.57;2.57
Мигель Силвейра Дос Сантос;Сочи;–;90;АП ЛЦ;–;0.94;0.94;–;0 %;1.88;0.94;0.94;–;–;–;–;0.94;3.75;1.88;0.32;30.94;58 %;1.88;50 %;–;–;3.75;75 %;4.69;100 %;0.94;100 %;1.88;100 %;11.25;42 %;11.25;0.94;2.81;0.94;–;1.88;18.75;40 %;6.56;29 %;12.19;46 %;5.62;33 %;4.69;60 %;3.75;50 %;2.81;33 %;3.75;3.75;2;0.94;0.94;0.94;65.62;36.56;56 %;50 %;0.94;0.94;–;0.48;0.09;–;0;1.8;1.85;-0.77;–;–;17.81;0.94;–;2.81;4.69;0.94;1.88;4.69;7.5;1.88;5.62;1.88;2.81;1.88;0.94
Михаил Сиваков;Оренбург;–;90;З П;–;–;–;–;–;–;–;–;–;–;–;–;–;–;–;–;25.71;83 %;–;–;–;–;4.29;0 %;–;–;–;–;4.29;0 %;4.29;100 %;8.57;–;–;4.29;4.29;–;12.86;33 %;8.57;50 %;4.29;0 %;4.29;100 %;–;–;–;–;4.29;0 %;8.57;4.29;1;–;–;4.29;51.43;38.57;75 %;–;–;–;–;–;–;–;–;0.39;2.14;-1.76;–;–;21.43;–;–;–;–;–;–;4.29;4.29;4.29;–;4.29;–;–;–
Мераби Уридия;Рубин Казань;–;90;Ф ЛЦ;–;–;–;–;–;–;4.86;4.86;–;–;–;–;–;2.43;–;0.05;19.46;50 %;–;–;–;–;4.86;0 %;–;–;–;–;2.43;0 %;–;–;12.16;2.43;–;–;–;7.3;24.32;40 %;–;–;24.32;40 %;9.73;25 %;7.3;67 %;7.3;67 %;–;–;–;9.73;2;–;–;4.86;63.24;36.49;58 %;0 %;2.43;–;–;–;0.02;–;0;0.17;2.68;-2.51;–;–;9.73;–;–;–;–;–;–;–;9.73;–;9.73;2.43;4.86;4.86;–
Даниил Уткин;Ростов;–;90;П ПЦ;–;–;–;–;–;1.13;1.13;–;0.57;0.57;0.57;–;–;1.13;0.57;0.08;44.72;68 %;0.57;100 %;0.57;0 %;9.6;44 %;3.4;67 %;0.57;0 %;4.53;50 %;6.23;45 %;8.49;3.96;–;2.26;0.57;1.7;11.32;40 %;6.79;25 %;4.53;63 %;3.96;57 %;1.13;50 %;–;–;2.26;25 %;3.4;7.92;2;1.13;0.57;–;70.19;48.68;69 %;50 %;–;0.57;–;0.37;0.07;–;0;1.2;1.34;-0.14;–;–;30.57;0.57;–;3.96;2.26;–;2.26;2.83;4.53;1.7;2.83;2.26;0.57;–;0.57
Ризван Уциев;ФК Ахмат;–;90;З П;–;–;0.99;–;0 %;–;1.98;–;–;0.99;–;–;–;–;–;–;34.62;74 %;0.99;0 %;5.93;17 %;6.92;71 %;0.99;100 %;0.99;100 %;4.95;60 %;4.95;20 %;6.92;–;–;4.95;–;0.99;14.84;40 %;7.91;38 %;6.92;43 %;2.97;33 %;3.96;75 %;1.98;100 %;3.96;25 %;3.96;5.93;1;–;–;0.99;61.32;43.52;71 %;–;–;–;–;0.08;–;–;–;0.54;0.93;-0.39;0.24;0.12;25.71;–;0.99;4.95;0.99;0.99;2.97;0.99;5.93;2.97;2.97;0.99;2.97;1.98;0.99
Лукас Вера;Оренбург;–;90;П Л;–;0.9;–;–;–;0.9;1.81;0.9;0.9;0.9;0.45;–;–;0.45;–;0.02;67.84;85 %;–;–;0.45;0 %;14.92;73 %;7.24;56 %;0.45;0 %;9.5;70 %;4.97;55 %;4.52;0.45;0.45;2.71;1.36;2.71;12.21;41 %;8.14;39 %;4.7;44 %;2.71;17 %;3.17;57 %;2.26;40 %;4.7;44 %;1.36;7.69;2;0.9;–;–;92.71;74.17;80 %;0 %;–;0.45;–;0.14;0.04;–;0;1.36;1.52;-0.15;–;–;57.44;–;–;10.85;4.7;–;6.33;2.71;4.97;3.17;1.81;0.45;1.81;0.9;1.81
Максим Витюгов;Крылья Советов;–;90;ЗП ЛЦ;–;0.69;–;–;–;0.69;0.69;0.69;1.37;1.37;–;–;–;0.69;0.69;0.01;32.29;91 %;–;–;2.75;50 %;7.56;91 %;0.69;100 %;–;–;3.44;100 %;2.75;50 %;2.6;–;–;2.75;0.69;2.6;7.56;64 %;4.81;57 %;2.75;75 %;–;–;2.6;100 %;–;–;2.6;67 %;2.75;8.24;2;0.69;0.69;0.69;53.59;48.09;90 %;100 %;–;–;–;0.07;0.02;–;0;1.2;1.37;-0.35;0.07;0.1;29.54;–;1.37;6.87;0.69;–;3.44;1.37;4.81;2.75;2.6;–;2.6;–;1.37
Сергей Волков;ФК Краснодар;–;90;З П;–;–;1.49;–;0 %;0.5;–;–;0.5;0.5;–;–;0.5;0.99;–;0.13;49.72;82 %;–;–;0.99;0 %;8.45;82 %;1.49;67 %;0.5;100 %;5.47;73 %;1.99;75 %;7.96;3.48;2.49;5.47;0.5;2.98;11.93;50 %;8.45;53 %;3.48;43 %;1.99;25 %;1.99;50 %;0.99;0 %;5.47;55 %;4.97;4.48;2;0.99;0.5;–;78.56;60.17;77 %;0 %;0.5;0.5;–;0.41;0.13;–;0;2.13;1.38;0.75;–;–;40.77;–;–;6.96;0.99;0.5;3.98;1.49;5.97;4.48;1.49;0.5;0.99;–;2.98
Владислав Волков;ФК Ахмат;–;90;ЗП ЛЦ;–;–;–;–;–;–;15;–;–;–;–;–;–;–;–;–;45;100 %;–;–;–;–;–;–;–;–;–;–;–;–;–;–;15;–;–;–;–;–;75;20 %;60;25 %;15;0 %;15;0 %;–;–;–;–;30;0 %;–;30;1;–;–;15;150;90;60 %;–;–;–;–;–;–;–;–;–;–;–;–;–;45;–;–;–;–;–;–;–;15;15;–;–;–;–;–
Дмитрий Воробьёв;Оренбург;–;90;Ф Ц;0.47;–;1.88;0.47;25 %;0.94;1.41;0.94;–;–;–;–;0.47;2.83;0.94;0.35;13.19;50 %;0.94;50 %;0.47;0 %;3.77;13 %;–;–;–;–;0.94;0 %;2.83;0 %;13.66;2.36;0.94;0.94;–;–;16.49;26 %;3.77;50 %;12.72;19 %;5.65;17 %;1.88;50 %;1.88;50 %;0.47;100 %;2.36;1.41;2;0.94;0.47;–;37.23;15.55;42 %;33 %;0.94;–;0.94;0.02;0.12;0.74;1.35;1.42;1.58;-0.16;–;–;6.6;0.47;–;0.47;–;–;–;–;4.24;1.88;2.36;0.94;0.94;0.94;0.47
Игорь Вуячич;Рубин Казань;–;90;З Ц;–;–;–;–;–;0.46;–;1.38;0.46;1.38;–;–;–;–;–;–;27.69;68 %;0.46;100 %;–;–;9.23;65 %;4.15;67 %;0.46;0 %;3.23;57 %;–;–;3.23;2.77;–;8.77;0.46;–;15.23;76 %;11.08;79 %;4.15;67 %;7.85;76 %;–;–;–;–;1.38;100 %;8.77;8.77;2;0.92;–;–;62.31;49.85;80 %;–;–;–;–;–;–;–;–;1.3;1.38;-0.35;0.18;0.07;18.92;0.46;–;6;2.77;–;1.85;–;11.54;8.77;2.77;6;–;–;1.38
Александр Жиров;Балтика;–;90;З ЛЦ;–;–;–;–;–;–;0.92;–;–;0.46;–;–;–;–;–;–;42.92;88 %;–;–;0.46;100 %;11.08;75 %;2.77;83 %;0.92;100 %;5.54;67 %;0.92;100 %;1.38;0.46;–;10.15;1.38;1.85;16.15;60 %;14.31;61 %;1.85;50 %;7.85;53 %;–;–;–;–;2.77;67 %;7.38;6.92;2;0.92;–;–;76.15;64.62;85 %;–;–;–;–;0.02;–;–;–;0.79;1.8;-1.01;0;0.01;37.85;–;0.46;8.31;2.31;0.92;3.69;0.92;9.69;8.77;0.92;4.15;–;–;1.85
Вячеслав Якимов;Факел Воронеж;–;90;П ПЦ;–;–;–;–;–;–;2.76;1.84;–;–;–;–;–;–;–;–;28.47;58 %;–;–;–;–;3.67;0 %;–;–;–;–;5.51;17 %;1.84;50 %;6.43;2.76;2.76;1.84;–;–;15.61;47 %;11.94;38 %;3.67;75 %;7.35;25 %;–;–;–;–;3.67;75 %;3.67;10.1;2;0.92;0.92;0.92;60.61;37.65;62 %;–;–;–;–;–;–;–;–;1.46;2.13;-0.67;–;–;16.53;–;–;–;–;–;0.92;0.92;7.35;4.59;2.76;1.84;–;–;2.76
Магомед Якуев;ФК Ахмат;–;90;АП Л;–;–;–;–;–;–;–;–;–;–;–;–;–;–;–;–;30;100 %;–;–;–;–;–;–;–;–;–;–;–;–;–;–;–;–;–;–;–;–;–;–;–;–;–;–;–;–;–;–;–;–;–;–;–;15;1;–;–;15;45;45;100 %;–;–;–;–;–;–;–;–;–;–;–;–;–;30;–;–;–;–;–;–;–;–;–;–;–;–;–;–
Иброгимхалил Юлдошев;Пари Нижний Новгород;–;90;ЗП Л;–;–;–;–;–;–;–;1.3;–;1.3;–;–;1.3;1.3;–;0.09;45.65;83 %;–;–;1.3;0 %;7.83;83 %;1.3;0 %;–;–;2.61;50 %;1.3;0 %;10.43;5.22;2.61;2.61;–;–;13.04;50 %;9.13;43 %;3.91;67 %;3.91;33 %;2.61;50 %;1.3;0 %;2.61;50 %;2.61;9.13;1;1.3;1.3;–;74.35;56.09;75 %;0 %;–;1.3;–;–;0.07;–;0;0.4;0.43;-0.03;–;–;37.83;–;–;6.52;–;–;1.3;–;6.52;3.91;2.61;1.3;1.3;–;1.3
Александр Юшин;Урал Екатеринбург;–;90;АП ЛЦ;–;0.73;1.45;–;0 %;2.9;0.73;–;–;–;–;–;–;2.9;–;0.43;15.97;64 %;1.45;100 %;0.73;0 %;2.18;0 %;–;–;–;–;0.73;0 %;3.63;80 %;6.53;2.18;0.73;0.73;0.73;0.73;8.71;67 %;–;–;8.71;67 %;2.18;33 %;4.35;83 %;3.63;80 %;–;–;0.73;3.63;2;1.45;1.45;–;34.11;21.77;64 %;0 %;2.18;0.73;–;0.89;0.15;–;0;1.47;1.23;0.24;–;–;10.16;1.45;–;–;–;–;–;2.9;5.81;–;5.81;0.73;3.63;2.9;–
Артур Юсупов;Сочи;–;90;ЗП ЛЦ;–;–;0.48;–;0 %;0.48;0.95;0.48;–;–;0.48;–;0.48;0.95;–;0.06;54.76;83 %;0.95;0 %;–;–;12.38;65 %;3.33;86 %;–;–;4.76;50 %;3.33;43 %;7.62;1.9;0.48;1.9;0.48;1.9;8.1;47 %;3.81;38 %;4.29;56 %;2.38;20 %;–;–;–;–;2.38;40 %;3.81;7.14;2;0.95;0.48;–;77.14;61.9;80 %;0 %;–;0.48;0.48;0.23;0.06;–;0;1.6;1.41;-0.35;–;–;45.24;–;–;8.1;2.86;–;2.38;1.43;3.81;1.43;2.38;0.48;–;–;0.95
Антон Заболотный;ЦСКА Москва;–;90;Ф Ц;0.52;–;2.62;0.52;20 %;1.5;–;3.66;–;–;–;–;–;3.14;2.9;0.88;20.93;55 %;0.52;100 %;–;–;3.66;57 %;–;–;–;–;2.62;60 %;2.62;40 %;11.51;0.52;1.5;1.57;1.5;1.5;19.88;53 %;3.14;67 %;16.74;50 %;10.99;62 %;1.57;67 %;0.52;0 %;1.57;100 %;1.57;2.9;2;1.5;0.52;–;49.19;28.26;57 %;67 %;0.52;0.52;–;0.17;0.28;1.69;0.59;1.33;1.22;0.12;–;–;11.51;0.52;–;2.9;–;–;1.57;1.5;10.47;2.9;8.37;6.8;1.5;–;1.57
Кирилл Заика;Сочи;–;90;АП ПЦ;–;–;–;–;–;–;5.4;1.8;–;–;–;–;–;3.6;1.8;0.18;32.4;61 %;1.8;0 %;3.6;0 %;5.4;67 %;–;–;–;–;3.6;100 %;3.6;0 %;3.6;–;–;–;–;–;10.8;33 %;5.4;33 %;5.4;33 %;1.8;0 %;–;–;–;–;–;–;3.6;7.2;2;–;–;3.6;57.6;36;63 %;50 %;–;1.8;–;0.31;0.05;–;0;1.6;0.83;0.77;–;–;19.8;–;–;3.6;–;–;3.6;–;3.6;1.8;1.8;–;–;–;–
Арсен Захарян;Динамо Москва;–;90;ЗП ЛЦ;0.52;0.52;0.52;0.52;100 %;1.57;2.9;–;–;–;–;–;–;1.5;0.52;0.05;46.57;84 %;3.66;43 %;1.5;50 %;8.9;71 %;1.5;100 %;–;–;5.23;70 %;6.28;58 %;6.8;2.9;0.52;3.14;1.5;3.14;13.08;36 %;7.85;27 %;5.23;50 %;1.5;50 %;2.62;60 %;1.5;100 %;6.28;25 %;2.9;4.19;2;1.5;0.52;–;71.16;54.42;76 %;50 %;0.52;–;–;1.18;0.05;0.1;10;1.57;1.41;0.16;0.12;0.22;39.24;1.57;0.52;6.28;1.5;–;3.66;3.66;4.71;2.9;2.62;0.52;1.57;1.5;1.57
Бактиёр Зайнутдинов;ЦСКА Москва;–;90;ЗЛ;–;–;0.44;–;0 %;–;0.88;0.44;–;0.44;0.44;–;–;0.88;–;0.11;56.03;81 %;0.88;0 %;2.65;17 %;10.15;65 %;1.32;33 %;0.44;100 %;3.97;67 %;2.65;50 %;8.38;2.21;1.32;6.18;–;2.65;15;74 %;8.82;80 %;6.18;64 %;5.29;75 %;3.9;57 %;1.76;50 %;2.65;83 %;4.85;4.41;2;0.88;–;–;85.15;68.38;80 %;0 %;0.88;–;–;0.03;0.12;–;0;1.12;1.15;-0.02;–;–;45.44;–;0.44;6.62;0.44;0.44;2.65;1.32;11.03;7.6;3.97;3.97;1.76;0.88;2.21
Саса Здьелар;ЦСКА Москва;–;90;ЗП ЛЦ;–;–;–;–;–;–;–;1.86;–;–;–;–;–;–;–;–;61.24;92 %;–;–;–;–;11.13;83 %;3.71;100 %;–;–;7.42;88 %;1.86;50 %;1.86;0.93;–;1.86;–;0.93;7.42;38 %;5.57;17 %;1.86;100 %;4.64;20 %;–;–;–;–;0.93;100 %;1.86;5.57;1;0.93;–;–;77.01;67.73;88 %;–;–;–;–;0.03;–;–;–;1.28;1.82;-0.54;0.02;0.02;56.6;–;–;9.28;3.71;–;6.49;0.93;2.78;0.93;1.86;0.93;–;–;0.93
Юрий Железнов;Урал Екатеринбург;–;90;АП Ц;–;–;–;–;–;–;–;–;–;–;–;–;–;15;–;0.9;45;100 %;–;–;–;–;15;100 %;–;–;–;–;–;–;15;100 %;–;–;–;–;–;–;–;–;–;–;–;–;–;–;–;–;–;–;–;–;–;15;1;–;–;15;75;60;80 %;0 %;15;–;–;–;0.06;–;0;0.9;–;0.9;–;–;45;–;–;15;–;–;–;15;–;–;–;–;–;–;–
Рифат Жемалетдинов;Локомотив Москва;–;90;АП Ц;–;–;0.78;–;0 %;2.35;3.13;1.57;–;–;–;–;–;2.35;0.78;0.13;31.3;83 %;0.78;100 %;–;–;7.4;89 %;1.57;100 %;–;–;6.26;75 %;5.48;57 %;6.26;2.35;0.78;–;–;3.13;22.7;34 %;6.26;0 %;16.43;48 %;6.26;25 %;3.13;100 %;0.78;100 %;3.13;0 %;1.57;2.35;2;1.57;1.57;–;63.39;40.7;64 %;33 %;–;0.78;0.78;–;0.05;–;0;1.39;2.23;-0.84;–;–;25.83;0.78;–;6.26;1.57;–;4.7;3.13;7.83;–;7.83;1.57;3.13;0.78;–
Илья Жигулёв;Пари Нижний Новгород;–;90;П ПЦ;–;–;–;–;–;–;4.74;–;–;–;–;–;–;–;–;–;30;68 %;–;–;–;–;6.32;50 %;1.58;0 %;–;–;6.32;50 %;4.74;33 %;7.89;–;–;3.16;–;1.58;17.37;64 %;9.47;67 %;7.89;60 %;3.16;0 %;1.58;100 %;–;–;1.58;0 %;1.58;–;2;–;–;3.16;50.53;34.74;69 %;–;–;–;–;–;–;–;–;0.17;0.66;-0.49;–;–;20.53;–;–;3.16;–;–;3.16;1.58;11.05;6.32;4.74;–;1.58;–;–
Дмитрий Живоглядов;Пари Нижний Новгород;–;90;ЗП П;–;–;–;–;–;0.46;0.46;–;0.46;0.46;–;–;–;–;–;–;36.92;85 %;–;–;2.31;20 %;4.15;56 %;–;–;–;–;1.38;33 %;4.62;50 %;4.62;1.85;–;1.85;–;–;8.31;50 %;5.54;50 %;2.77;50 %;1.85;50 %;1.38;33 %;0.92;50 %;2.77;83 %;3.23;1.38;2;0.92;–;–;50.77;41.08;81 %;–;–;–;–;0.3;–;–;–;0.54;0.64;-0.1;0.05;0.11;31.38;–;0.46;2.31;–;–;0.46;2.31;4.15;2.77;1.38;0.92;0.46;0.46;2.31
Антон Зиньковский;Спартак Москва;–;90;АП П;–;–;–;–;–;–;–;–;–;–;–;–;–;2.34;1.17;0.07;28.05;71 %;1.17;0 %;3.51;33 %;5.84;80 %;–;–;–;–;2.34;50 %;5.84;40 %;8.18;1.17;1.17;–;–;2.34;8.18;29 %;1.17;0 %;7.1;33 %;1.17;0 %;4.68;50 %;2.34;50 %;1.17;0 %;–;2.34;2;1.17;1.17;1.17;44.42;28.05;63 %;50 %;1.17;–;–;0.43;0.03;–;0;2.43;1.33;1.1;–;–;19.87;–;1.17;4.68;–;–;1.17;2.34;2.34;–;2.34;–;2.34;1.17;–
Роман Зобнин;Спартак Москва;–;90;П ЛЦ;–;–;1.6;–;0 %;1.59;1.6;1.59;–;0.53;–;–;–;2.65;1.6;0.29;38.65;81 %;2.12;50 %;0.53;0 %;5.29;80 %;0.53;100 %;–;–;3.18;50 %;3.18;33 %;5.29;1.6;–;4.76;1.6;3.18;16.94;69 %;5.29;60 %;11.65;73 %;5.29;60 %;4.76;78 %;2.65;60 %;3.18;83 %;2.65;7.94;2;1.6;0.53;–;71.47;57.18;80 %;40 %;0.53;1.6;–;0.46;0.11;–;0;2.12;1.22;0.9;–;–;31.24;1.6;–;4.24;0.53;–;1.59;1.6;11.65;3.18;8.47;3.18;3.71;1.59;2.65
Александр Зотов;Рубин Казань;–;90;П ПЦ;–;0.49;–;–;–;0.98;–;–;–;–;–;–;–;1.48;0.49;0.05;36.89;77 %;0.49;100 %;1.48;33 %;10.33;76 %;1.97;50 %;–;–;6.39;77 %;4.92;60 %;2.95;0.49;0.98;0.98;0.49;–;12.3;44 %;8.85;39 %;3.44;57 %;2.46;60 %;0.49;100 %;0.49;100 %;4.92;30 %;3.44;7.87;2;0.98;0.49;–;63.44;46.23;73 %;33 %;0.49;0.49;–;0.77;0.04;–;0;1.1;1.47;-0.37;0;0.01;28.52;0.49;0.49;7.87;0.98;–;4.92;2.95;5.41;3.44;1.97;1.48;0.49;0.49;1.48
Кайо Фернандо;ФК Краснодар;–;90;З ПЦ;0.47;–;0.47;0.47;100 %;1.4;0.47;0.47;–;0.47;–;–;–;0.47;0.47;0.43;55.96;94 %;0.93;100 %;–;–;11.19;79 %;2.8;67 %;0.93;50 %;4.2;67 %;0.47;0 %;1.4;0.47;0.47;3.73;0.47;2.33;7.93;41 %;5.6;25 %;2.33;80 %;2.33;20 %;0.47;100 %;–;–;1.4;33 %;5.6;5.6;2;0.93;–;–;78.34;69.95;89 %;100 %;–;–;–;0.09;0.92;0.92;1.9;2.2;1.3;0.73;–;–;52.69;0.93;–;8.86;1.87;0.47;2.8;–;3.26;1.4;1.87;0.47;0.47;–;0.47
Дуглас Сантос;Зенит;–;90;ЗЛ;–;0.46;0.46;–;0 %;0.46;–;1.38;–;–;–;–;–;0.46;–;0.02;78.06;85 %;0.92;0 %;3.21;29 %;10.56;78 %;3.21;57 %;1.38;67 %;4.13;67 %;7.81;59 %;5.51;1.38;0.46;5.5;1.38;1.84;8.72;68 %;5.51;75 %;3.21;57 %;1.84;75 %;0.92;100 %;0.46;100 %;0.92;100 %;6.89;5.97;2;0.92;–;–;102.86;87.7;85 %;0 %;0.46;–;–;0.1;0.04;–;0;0.59;0.62;-0.03;–;–;66.58;–;0.92;8.27;1.84;0.92;2.76;4.59;5.97;4.13;1.84;1.38;0.92;0.46;0.92
Лукас Масоэро;Пари Нижний Новгород;–;–;П ЛЦ;–;–;–;–;–;–;–;–;–;–;–;–;–;–;–;–;–;–;–;–;–;–;–;–;–;–;–;–;–;–;–;–;–;–;–;–;–;–;–;–;–;–;–;–;–;–;–;–;–;–;–;–;–;–;1;–;–;–;–;–;–;–;–;–;–;–;–;–;–;–;–;–;–;0.06;–;–;–;–;–;–;–;–;–;–;–;–;–;–;–