Игрок;Команда;Index;Минут на поле;Позиция;Голы;Передачи голевые;Голевые моменты;Голевые моменты удачные;Голевые моменты удачные. %;Голевые моменты создал;Фолы;Фолы на игроке;Голевые ошибки;Грубые ошибки;Желтые карточки;Красные карточки;Офсайды;Удары;Удары в створ;xG (ожидаемые голы);Передачи;Передачи точные. %;Передачи ключевые;Передачи ключевые точные. %;Навесы;Навесы точные. %;Передачи прогрессивные;Передачи прогрессивные точные. %;Передачи длинные;Передачи длинные точные. %;Передачи сверхдлинные;Передачи сверхдлинные точные. %;Передачи вперед в финальную треть;Передачи вперед в финальную треть точные. %;Передачи в штрафную;Передачи в штрафную точные. %;Потери;Потери мяча на своей половине;Обработки мяча неудачные;Овладевания мячом;Овладевания мячом на половине поля соперника;Ведения мяча;Единоборства;Единоборства удачные. %;Единоборства в обороне;Единоборства в обороне удачные. %;Единоборства в атаке;Единоборства в атаке удачные. %;Единоборства вверху;Единоборства вверху удачные. %;Обводки;Обводки удачные. %;Обводки в финальной трети поля;Обводки в финальной трети поля удачные. %;Отборы;Отборы удачные. %;Перехваты;Подборы;Матчей сыграно;Появление в стартовом составе;Был заменен;Вышел на замену;ТТД;ТТД удачные;ТТД удачные. %;Удары точные. %;Удары мимо;Удары перехваченные;Удары в штангу / перекладину;xA (ожидаемые передачи);xGPS (xG на удар);xGPG (xG на гол);xGC (конверсия xG);xGT (xG при игроке на поле);xGOPP (xG соперника при игроке на поле);NxG (чистый xG. разница xGT - xGOPP);xGD (оборонительный xG);xGDPS (оборонительный xG на удар);Передачи точные;Передачи ключевые точные;Навесы точные;Передачи прогрессивные точные;Передачи длинные точные;Передачи сверхдлинные точные;Передачи вперед в финальную треть точные;Передачи в штрафную точные;Единоборства удачные;Единоборства в обороне удачные;Единоборства в атаке удачные;Единоборства вверху удачные;Обводки удачные;Обводки в финальной трети поля удачные;Отборы удачные
Хуниор Осмар Игнасио Алонсо Мухика;ФК Краснодар;248;101;З ЛЦ;-;1.00;1.00;-;0 %;1.00;2.00;1.00;-;-;-;-;-;1.00;-;0.14;70.00;90 %;1.00;100 %;-;-;19.00;74 %;8.00;50 %;1.00;100 %;5.00;40 %;2.00;0 %;4.00;1.00;-;5.00;1.00;3.00;11.00;45 %;10.00;40 %;1.00;100 %;4.00;25 %;-;-;-;-;4.00;50 %;10.00;5.00;1;1.00;-;-;100.00;86.00;86 %;0 %;1.00;-;-;0.80;0.14;-;0.00;1.94;0.71;1.23;-;-;63.00;1.00;-;14.00;4.00;1.00;2.00;-;5.00;4.00;1.00;1.00;-;-;2.00
Джон Кордоба;ФК Краснодар;270;101;Ф Ц;1.00;1.00;1.00;1.00;100 %;1.00;4.00;5.00;-;-;-;-;3.00;1.00;1.00;0.80;8.00;50 %;4.00;25 %;1.00;0 %;1.00;0 %;-;-;-;-;-;-;1.00;0 %;11.00;2.00;-;-;-;4.00;21.00;38 %;3.00;0 %;18.00;44 %;3.00;33 %;2.00;50 %;1.00;0 %;1.00;0 %;3.00;-;1;1.00;-;-;37.00;20.00;54 %;100 %;-;-;-;0.55;0.80;0.80;1.25;1.94;0.71;1.23;-;-;4.00;1.00;-;-;-;-;-;-;8.00;-;8.00;1.00;1.00;-;-
Никола Чумич;Рубин Казань;216;101;АП ЛЦ;-;-;-;-;-;1.00;-;2.00;-;-;-;-;-;2.00;1.00;0.16;34.00;68 %;3.00;33 %;4.00;50 %;8.00;50 %;1.00;0 %;-;-;1.00;100 %;10.00;50 %;10.00;4.00;1.00;1.00;-;2.00;19.00;37 %;2.00;50 %;17.00;35 %;6.00;17 %;5.00;40 %;3.00;0 %;1.00;100 %;4.00;4.00;1;1.00;-;-;66.00;41.00;62 %;50 %;1.00;-;-;-;0.08;-;0.00;0.71;1.94;-1.23;0.01;0.01;23.00;1.00;2.00;4.00;-;-;1.00;5.00;7.00;1.00;6.00;1.00;2.00;-;1.00
Мирлинд Даку;Рубин Казань;191;101;Ф Ц;-;-;1.00;-;0 %;-;5.00;3.00;-;-;-;-;3.00;2.00;1.00;0.09;19.00;68 %;-;-;-;-;4.00;50 %;-;-;-;-;2.00;50 %;2.00;50 %;12.00;2.00;-;1.00;1.00;1.00;28.00;68 %;2.00;100 %;26.00;65 %;8.00;75 %;10.00;70 %;6.00;50 %;1.00;100 %;1.00;2.00;1;1.00;-;-;53.00;37.00;70 %;50 %;1.00;-;-;0.03;0.04;-;0.00;0.71;1.94;-1.23;0.14;0.14;13.00;-;-;2.00;-;-;1.00;1.00;19.00;2.00;17.00;6.00;7.00;3.00;1.00
Алексей Грицаенко;Рубин Казань;214;101;З ЛЦ;-;-;-;-;-;-;3.00;1.00;1.00;1.00;1.00;-;-;1.00;-;0.04;45.00;87 %;-;-;-;-;12.00;92 %;3.00;67 %;-;-;3.00;67 %;-;-;3.00;1.00;1.00;8.00;1.00;2.00;12.00;67 %;12.00;67 %;-;-;3.00;100 %;-;-;-;-;4.00;50 %;12.00;5.00;1;1.00;-;-;78.00;66.00;85 %;0 %;1.00;-;-;0.02;0.04;-;0.00;0.71;1.94;-1.23;-;-;39.00;-;-;11.00;2.00;-;2.00;-;8.00;8.00;-;3.00;-;-;2.00
Угочукву Ивву Кристус;Рубин Казань;222;101;ЗП ПЦ;-;-;-;-;-;-;1.00;-;-;-;-;-;-;3.00;-;0.09;56.00;93 %;-;-;-;-;3.00;100 %;1.00;100 %;-;-;5.00;80 %;-;-;3.00;1.00;-;3.00;1.00;2.00;8.00;63 %;3.00;67 %;5.00;60 %;1.00;100 %;1.00;100 %;-;-;-;-;2.00;11.00;1;1.00;-;-;82.00;72.00;88 %;0 %;1.00;2.00;-;-;0.03;-;0.00;0.71;1.94;-1.23;-;-;52.00;-;-;3.00;1.00;-;4.00;-;5.00;2.00;3.00;1.00;1.00;-;-
Дмитрий Кабутов;Рубин Казань;213;101;ЗП П;-;-;-;-;-;-;2.00;2.00;-;2.00;-;-;-;-;-;-;50.00;74 %;-;-;5.00;40 %;15.00;53 %;-;-;-;-;7.00;57 %;10.00;30 %;4.00;-;-;6.00;2.00;2.00;17.00;82 %;12.00;75 %;5.00;100 %;4.00;50 %;3.00;100 %;2.00;100 %;4.00;75 %;8.00;4.00;1;1.00;-;-;82.00;66.00;80 %;-;-;-;-;0.06;-;-;-;0.71;1.94;-1.23;0.16;0.08;37.00;-;2.00;8.00;-;-;4.00;3.00;14.00;9.00;5.00;2.00;3.00;2.00;3.00
Лука Олаза;ФК Краснодар;255;101;ЗЛ;-;-;-;-;-;-;1.00;1.00;-;-;-;-;-;-;-;-;63.00;87 %;-;-;1.00;100 %;11.00;36 %;1.00;0 %;-;-;9.00;44 %;3.00;67 %;9.00;2.00;-;5.00;2.00;2.00;15.00;60 %;9.00;78 %;6.00;33 %;5.00;60 %;2.00;0 %;1.00;0 %;5.00;80 %;10.00;2.00;1;1.00;-;-;92.00;78.00;85 %;-;-;-;-;0.05;-;-;-;1.94;0.71;1.23;0.09;0.04;55.00;-;1.00;4.00;-;-;4.00;2.00;9.00;7.00;2.00;3.00;-;-;4.00
Лазар Ранджелович;Рубин Казань;185;101;ЗП ЛЦ;-;-;-;-;-;-;3.00;-;-;-;-;-;-;-;-;-;63.00;73 %;5.00;0 %;3.00;0 %;11.00;64 %;-;-;-;-;7.00;86 %;6.00;67 %;13.00;5.00;3.00;4.00;2.00;2.00;15.00;20 %;8.00;13 %;7.00;29 %;4.00;25 %;2.00;50 %;1.00;100 %;2.00;0 %;6.00;6.00;1;1.00;-;-;95.00;63.00;66 %;-;-;-;-;0.31;-;-;-;0.71;1.94;-1.23;0.06;0.03;46.00;-;-;7.00;-;-;6.00;4.00;3.00;1.00;2.00;1.00;1.00;1.00;-
Илья Рожков;Рубин Казань;216;101;ЗП Л;-;-;-;-;-;1.00;-;2.00;-;-;-;-;-;-;-;-;38.00;84 %;1.00;0 %;-;-;12.00;75 %;-;-;-;-;9.00;67 %;3.00;100 %;4.00;1.00;-;4.00;1.00;2.00;13.00;54 %;9.00;44 %;4.00;75 %;4.00;75 %;2.00;50 %;-;-;2.00;50 %;3.00;1.00;1;1.00;-;-;57.00;45.00;79 %;-;-;-;-;0.05;-;-;-;0.71;1.94;-1.23;0.07;0.07;32.00;-;-;9.00;-;-;6.00;3.00;7.00;4.00;3.00;3.00;1.00;-;1.00
Эдуард Сперцян;ФК Краснодар;241;101;П ЛЦ;-;-;-;-;-;1.00;-;1.00;-;-;-;-;-;2.00;-;0.11;40.00;90 %;1.00;100 %;1.00;0 %;1.00;100 %;1.00;0 %;1.00;0 %;3.00;100 %;3.00;67 %;4.00;1.00;1.00;1.00;1.00;3.00;7.00;57 %;4.00;25 %;3.00;100 %;1.00;100 %;-;-;-;-;4.00;25 %;2.00;5.00;1;1.00;-;-;60.00;50.00;83 %;0 %;2.00;-;-;0.97;0.06;-;0.00;1.94;0.71;1.23;-;-;36.00;1.00;-;1.00;-;-;3.00;2.00;4.00;1.00;3.00;1.00;-;-;1.00
Витор Тормена Тормена Де Фариас;ФК Краснодар;237;101;З ПЦ;-;-;-;-;-;-;1.00;-;-;-;-;-;-;-;-;-;53.00;87 %;-;-;-;-;10.00;70 %;1.00;0 %;-;-;5.00;60 %;-;-;3.00;2.00;1.00;8.00;3.00;1.00;12.00;67 %;12.00;67 %;-;-;8.00;63 %;-;-;-;-;-;-;6.00;5.00;1;1.00;-;-;78.00;66.00;85 %;-;-;-;-;-;-;-;-;1.94;0.71;1.23;0.17;0.09;46.00;-;-;7.00;-;-;3.00;-;8.00;8.00;-;5.00;-;-;-
Игорь Вуячич;Рубин Казань;180;101;З Ц;-;-;-;-;-;-;4.00;1.00;2.00;2.00;-;-;1.00;1.00;-;0.17;30.00;90 %;-;-;-;-;10.00;70 %;4.00;50 %;-;-;4.00;50 %;-;-;3.00;-;-;8.00;-;-;11.00;55 %;7.00;43 %;4.00;75 %;7.00;57 %;-;-;-;-;1.00;0 %;8.00;6.00;1;1.00;-;-;56.00;47.00;84 %;0 %;1.00;-;-;-;0.17;-;0.00;0.71;1.94;-1.23;-;-;27.00;-;-;7.00;2.00;-;2.00;-;6.00;3.00;3.00;4.00;-;-;-
Арсен Адамов;Оренбург;205;99;З П;-;-;-;-;-;1.00;3.00;1.00;-;4.00;-;-;-;-;-;-;23.00;96 %;1.00;100 %;2.00;50 %;5.00;100 %;-;-;-;-;1.00;100 %;2.00;50 %;2.00;1.00;-;5.00;-;2.00;17.00;47 %;10.00;40 %;7.00;57 %;1.00;100 %;2.00;50 %;-;-;6.00;50 %;6.00;3.00;1;1.00;-;-;52.00;42.00;81 %;-;-;-;-;0.18;-;-;-;1.48;3.18;-1.70;0.31;0.05;22.00;1.00;1.00;5.00;-;-;1.00;1.00;8.00;4.00;4.00;1.00;1.00;-;3.00
Нуралы Алип;Зенит;203;99;З ЛЦ;-;-;-;-;-;-;-;-;1.00;2.00;-;-;-;-;-;-;53.00;87 %;-;-;-;-;4.00;75 %;-;-;-;-;-;-;-;-;2.00;1.00;1.00;9.00;2.00;-;17.00;71 %;14.00;64 %;3.00;100 %;4.00;75 %;-;-;-;-;4.00;50 %;3.00;8.00;1;1.00;-;-;83.00;70.00;84 %;-;-;-;-;-;-;-;-;3.18;1.48;1.70;-;-;46.00;-;-;3.00;-;-;-;-;12.00;9.00;3.00;3.00;-;-;2.00
Вильмар Барриос;Зенит;238;99;ЗП ЛЦ;-;-;-;-;-;-;1.00;1.00;-;-;-;-;-;2.00;-;0.09;73.00;93 %;-;-;1.00;100 %;14.00;86 %;-;-;-;-;5.00;80 %;5.00;80 %;1.00;-;-;7.00;3.00;6.00;12.00;67 %;11.00;73 %;1.00;0 %;2.00;50 %;-;-;-;-;7.00;86 %;2.00;10.00;1;1.00;-;-;106.00;95.00;90 %;0 %;2.00;-;-;0.08;0.04;-;0.00;3.18;1.48;1.70;0.03;0.03;68.00;-;1.00;12.00;-;-;4.00;4.00;8.00;8.00;-;1.00;-;-;6.00
Иван Башич;Оренбург;211;99;П ПЦ;-;-;-;-;-;-;5.00;1.00;-;-;1.00;-;-;-;-;-;22.00;77 %;-;-;-;-;4.00;50 %;5.00;60 %;-;-;4.00;50 %;1.00;100 %;4.00;1.00;1.00;-;-;1.00;16.00;44 %;9.00;33 %;7.00;57 %;4.00;75 %;3.00;33 %;1.00;0 %;5.00;0 %;1.00;1.00;1;1.00;-;-;42.00;27.00;64 %;-;-;-;-;0.53;-;-;-;1.48;3.18;-1.70;0.22;0.06;17.00;-;-;2.00;3.00;-;2.00;1.00;7.00;3.00;4.00;3.00;1.00;-;-
Страхиня Эракович;Зенит;203;99;З ПЦ;-;-;-;-;-;-;1.00;2.00;-;-;-;-;-;2.00;1.00;0.27;51.00;92 %;-;-;1.00;0 %;11.00;82 %;2.00;100 %;1.00;100 %;7.00;100 %;2.00;50 %;3.00;1.00;-;5.00;2.00;-;18.00;39 %;9.00;44 %;9.00;33 %;3.00;0 %;3.00;67 %;-;-;5.00;60 %;5.00;5.00;1;1.00;-;-;81.00;65.00;80 %;50 %;-;1.00;-;-;0.14;-;0.00;3.18;1.48;1.70;-;-;47.00;-;-;9.00;2.00;1.00;7.00;1.00;7.00;4.00;3.00;-;2.00;-;3.00
Ренато Гойкович;Оренбург;224;99;З ПЦ;-;-;-;-;-;-;2.00;-;1.00;2.00;1.00;-;1.00;-;-;-;21.00;90 %;-;-;-;-;3.00;67 %;1.00;0 %;-;-;-;-;-;-;4.00;1.00;1.00;6.00;-;-;11.00;73 %;9.00;78 %;2.00;50 %;4.00;100 %;-;-;-;-;2.00;50 %;8.00;2.00;1;1.00;-;-;43.00;37.00;86 %;-;-;-;-;-;-;-;-;1.48;3.18;-1.70;-;-;19.00;-;-;2.00;-;-;-;-;8.00;7.00;1.00;4.00;-;-;1.00
Кирилл Капленко;Оренбург;211;99;ЗП Ц;-;-;-;-;-;-;1.00;2.00;-;2.00;-;-;-;-;-;-;36.00;92 %;-;-;-;-;7.00;86 %;1.00;100 %;-;-;6.00;83 %;-;-;-;-;-;6.00;1.00;1.00;14.00;50 %;10.00;30 %;4.00;100 %;2.00;50 %;3.00;100 %;1.00;100 %;7.00;29 %;10.00;8.00;1;1.00;-;-;70.00;60.00;86 %;-;-;-;-;-;-;-;-;1.48;3.18;-1.70;0.16;0.16;33.00;-;-;6.00;1.00;-;5.00;-;7.00;3.00;4.00;1.00;3.00;1.00;2.00
Густаво Мантуан;Зенит;276;99;АП П;1.00;-;3.00;1.00;33 %;2.00;1.00;6.00;-;-;-;-;-;5.00;3.00;0.47;30.00;80 %;3.00;67 %;2.00;50 %;7.00;57 %;-;-;-;-;2.00;100 %;6.00;50 %;5.00;-;-;3.00;1.00;4.00;23.00;43 %;7.00;57 %;16.00;38 %;6.00;33 %;5.00;80 %;4.00;100 %;4.00;75 %;1.00;5.00;1;1.00;-;-;67.00;46.00;69 %;60 %;2.00;-;-;0.33;0.09;0.47;2.13;3.18;1.48;1.70;-;-;24.00;2.00;1.00;4.00;-;-;2.00;3.00;10.00;4.00;6.00;2.00;4.00;4.00;3.00
Матиас Дамиан Перес;Оренбург;268;99;З ЛЦ;1.00;-;1.00;1.00;100 %;-;1.00;-;-;2.00;-;-;-;1.00;1.00;0.53;37.00;89 %;-;-;-;-;4.00;75 %;3.00;33 %;-;-;1.00;0 %;-;-;2.00;2.00;-;9.00;-;-;12.00;83 %;10.00;80 %;2.00;100 %;5.00;60 %;1.00;100 %;-;-;2.00;100 %;7.00;11.00;1;1.00;-;-;69.00;63.00;91 %;100 %;-;-;-;-;0.53;0.53;1.89;1.48;3.18;-1.70;0.40;0.20;33.00;-;-;3.00;1.00;-;-;-;10.00;8.00;2.00;3.00;1.00;-;2.00
Иван Сергеев;Зенит;216;99;Ф Ц;-;-;3.00;-;0 %;1.00;-;-;-;-;-;-;1.00;4.00;1.00;1.11;25.00;88 %;1.00;100 %;-;-;5.00;80 %;2.00;100 %;1.00;100 %;3.00;67 %;-;-;12.00;1.00;1.00;-;-;-;14.00;21 %;4.00;0 %;10.00;30 %;6.00;17 %;1.00;100 %;-;-;2.00;0 %;-;-;1;1.00;-;-;44.00;26.00;59 %;25 %;2.00;1.00;-;0.22;0.28;-;0.00;3.18;1.48;1.70;-;-;22.00;1.00;-;4.00;2.00;1.00;2.00;-;3.00;-;3.00;1.00;1.00;-;-
Максим Сидоров;Оренбург;230;99;ЗЛ;-;-;-;-;-;1.00;1.00;-;-;-;1.00;-;-;-;-;-;26.00;77 %;-;-;3.00;67 %;3.00;33 %;1.00;0 %;-;-;2.00;50 %;2.00;100 %;7.00;3.00;-;3.00;-;2.00;11.00;36 %;4.00;50 %;7.00;29 %;5.00;60 %;3.00;33 %;2.00;0 %;-;-;7.00;4.00;1;1.00;-;-;50.00;37.00;74 %;-;-;-;-;0.39;-;-;-;1.48;3.18;-1.70;0.13;0.07;20.00;-;2.00;1.00;-;-;1.00;2.00;4.00;2.00;2.00;3.00;1.00;-;-
Вендел;Зенит;201;99;ЗП ПЦ;-;-;1.00;-;0 %;1.00;1.00;4.00;1.00;1.00;-;-;-;3.00;1.00;0.24;86.00;91 %;1.00;0 %;-;-;15.00;80 %;-;-;-;-;7.00;86 %;1.00;100 %;5.00;-;1.00;2.00;1.00;13.00;14.00;36 %;7.00;14 %;7.00;57 %;2.00;0 %;4.00;100 %;1.00;100 %;3.00;0 %;3.00;7.00;1;1.00;-;-;127.00;107.00;84 %;33 %;-;2.00;-;0.91;0.08;-;0.00;3.18;1.48;1.70;-;-;78.00;-;-;12.00;-;-;6.00;1.00;5.00;1.00;4.00;-;4.00;1.00;-
Лукас Вера;Оренбург;260;99;П ЛЦ;-;-;2.00;-;0 %;2.00;1.00;-;-;-;-;-;-;3.00;-;0.35;45.00;82 %;1.00;100 %;-;-;13.00;92 %;6.00;100 %;-;-;7.00;100 %;4.00;50 %;9.00;3.00;1.00;1.00;-;3.00;13.00;54 %;4.00;50 %;9.00;56 %;2.00;0 %;6.00;83 %;1.00;100 %;2.00;50 %;3.00;7.00;1;1.00;-;-;75.00;57.00;76 %;0 %;3.00;-;-;0.18;0.12;-;0.00;1.48;3.18;-1.70;0.02;0.02;37.00;1.00;-;12.00;6.00;-;7.00;2.00;7.00;2.00;5.00;-;5.00;1.00;1.00
Дуглас Сантос;Зенит;211;99;З ЛЦ;-;-;-;-;-;5.00;-;1.00;2.00;3.00;-;-;-;-;-;-;97.00;86 %;7.00;57 %;11.00;55 %;27.00;74 %;5.00;20 %;1.00;0 %;14.00;79 %;17.00;53 %;7.00;-;-;9.00;3.00;1.00;13.00;69 %;10.00;60 %;3.00;100 %;3.00;100 %;2.00;100 %;-;-;4.00;50 %;7.00;6.00;1;1.00;-;-;124.00;106.00;85 %;-;-;-;-;2.00;-;-;-;3.18;1.48;1.70;0.39;0.39;83.00;4.00;6.00;20.00;1.00;-;11.00;9.00;9.00;6.00;3.00;3.00;2.00;-;2.00
Фабиан Бальбуэна;Динамо Москва;229;98;З ПЦ;-;-;-;-;-;-;2.00;-;-;-;-;-;-;-;-;-;58.00;88 %;-;-;-;-;13.00;85 %;5.00;80 %;2.00;50 %;6.00;83 %;2.00;100 %;4.00;1.00;-;10.00;-;2.00;14.00;71 %;9.00;67 %;5.00;80 %;6.00;83 %;-;-;-;-;5.00;40 %;9.00;2.00;1;1.00;-;-;85.00;74.00;87 %;-;-;-;-;-;-;-;-;1.94;1.23;0.71;0.29;0.10;51.00;-;-;11.00;4.00;1.00;5.00;2.00;10.00;6.00;4.00;5.00;-;-;2.00
Бернард Бериша;ФК Ахмат;236;98;АП Л;-;-;2.00;-;0 %;3.00;1.00;3.00;-;-;1.00;-;1.00;2.00;-;0.22;30.00;63 %;2.00;50 %;1.00;0 %;4.00;25 %;-;-;-;-;-;-;3.00;33 %;16.00;2.00;1.00;2.00;-;8.00;30.00;50 %;7.00;29 %;23.00;57 %;4.00;25 %;13.00;77 %;6.00;83 %;1.00;100 %;1.00;5.00;1;1.00;-;-;77.00;48.00;62 %;0 %;1.00;-;1.00;0.40;0.11;-;0.00;1.23;1.94;-0.71;-;-;19.00;1.00;-;1.00;-;-;-;1.00;15.00;2.00;13.00;1.00;10.00;5.00;1.00
Мирослав Богосавац;ФК Ахмат;223;98;ЗЛ;-;-;-;-;-;1.00;-;2.00;-;1.00;-;-;-;-;-;-;51.00;88 %;-;-;-;-;11.00;91 %;-;-;-;-;4.00;100 %;1.00;100 %;6.00;2.00;4.00;3.00;1.00;6.00;22.00;55 %;9.00;44 %;13.00;62 %;2.00;50 %;9.00;67 %;5.00;60 %;4.00;25 %;6.00;3.00;1;1.00;-;-;92.00;72.00;78 %;-;-;-;-;-;-;-;-;1.23;1.94;-0.71;0.04;0.04;45.00;-;-;10.00;-;-;4.00;1.00;12.00;4.00;8.00;1.00;6.00;3.00;1.00
Луис Герардо Чавез Магалон;Динамо Москва;224;98;П ПЦ;-;-;-;-;-;-;1.00;3.00;-;1.00;-;-;-;-;-;-;43.00;81 %;-;-;1.00;100 %;11.00;64 %;4.00;50 %;2.00;50 %;5.00;60 %;5.00;40 %;5.00;2.00;-;8.00;2.00;-;18.00;67 %;12.00;58 %;6.00;83 %;1.00;100 %;2.00;100 %;-;-;7.00;57 %;5.00;7.00;1;1.00;-;-;73.00;59.00;81 %;-;-;-;-;0.04;-;-;-;1.94;1.23;0.71;-;-;35.00;-;1.00;7.00;2.00;1.00;3.00;2.00;12.00;7.00;5.00;1.00;2.00;-;4.00
Ясмин Челикович;ФК Ахмат;222;98;З ЛЦ;-;-;-;-;-;-;2.00;3.00;-;-;-;-;-;-;-;-;57.00;91 %;-;-;-;-;9.00;89 %;1.00;100 %;-;-;1.00;100 %;-;-;1.00;1.00;-;9.00;3.00;5.00;10.00;70 %;9.00;67 %;1.00;100 %;1.00;100 %;1.00;100 %;-;-;2.00;50 %;10.00;7.00;1;1.00;-;-;89.00;81.00;91 %;-;-;-;-;-;-;-;-;1.23;1.94;-0.71;0.44;0.22;52.00;-;-;8.00;1.00;-;1.00;-;7.00;6.00;1.00;1.00;1.00;-;1.00
Эли Даса;Динамо Москва;204;98;З П;-;-;-;-;-;-;2.00;-;-;2.00;1.00;-;-;-;-;-;39.00;87 %;-;-;-;-;9.00;78 %;1.00;0 %;-;-;5.00;60 %;2.00;50 %;3.00;-;1.00;9.00;4.00;-;12.00;50 %;8.00;50 %;4.00;50 %;1.00;100 %;1.00;100 %;-;-;4.00;50 %;10.00;5.00;1;1.00;-;-;67.00;55.00;82 %;-;-;-;-;0.19;-;-;-;1.94;1.23;0.71;0.25;0.25;34.00;-;-;7.00;-;-;3.00;1.00;6.00;4.00;2.00;1.00;1.00;-;2.00
Роберто Фернандез Урбиета;Динамо Москва;250;98;З ЛЦ;1.00;-;1.00;1.00;100 %;-;1.00;-;1.00;1.00;-;-;-;2.00;1.00;0.16;59.00;86 %;-;-;-;-;22.00;73 %;2.00;50 %;-;-;10.00;70 %;-;-;4.00;1.00;-;8.00;-;3.00;18.00;67 %;11.00;73 %;7.00;57 %;10.00;70 %;2.00;100 %;-;-;3.00;67 %;6.00;7.00;1;1.00;-;-;95.00;80.00;84 %;50 %;1.00;-;-;-;0.08;0.16;6.25;1.94;1.23;0.71;0.04;0.02;51.00;-;-;16.00;1.00;-;7.00;-;12.00;8.00;4.00;7.00;2.00;-;2.00
Даниил Фомин;Динамо Москва;242;98;ЗП Ц;-;-;1.00;-;0 %;1.00;3.00;2.00;-;-;-;-;-;3.00;1.00;0.44;46.00;83 %;1.00;0 %;1.00;0 %;6.00;83 %;-;-;-;-;1.00;100 %;3.00;33 %;8.00;1.00;3.00;7.00;4.00;-;23.00;61 %;15.00;60 %;8.00;63 %;3.00;67 %;2.00;100 %;1.00;100 %;7.00;71 %;7.00;8.00;1;1.00;-;-;90.00;68.00;76 %;33 %;-;1.00;1.00;-;0.15;-;0.00;1.94;1.23;0.71;-;-;38.00;-;-;5.00;-;-;1.00;1.00;14.00;9.00;5.00;2.00;2.00;1.00;5.00
Евгений Харин;ФК Ахмат;227;98;З П;-;1.00;-;-;-;1.00;3.00;1.00;-;1.00;1.00;-;-;-;-;-;33.00;94 %;-;-;1.00;0 %;8.00;88 %;1.00;100 %;-;-;7.00;86 %;2.00;50 %;2.00;2.00;2.00;7.00;3.00;4.00;14.00;50 %;11.00;55 %;3.00;33 %;3.00;67 %;1.00;100 %;1.00;100 %;6.00;33 %;7.00;8.00;1;1.00;-;-;69.00;58.00;84 %;-;-;-;-;0.24;-;-;-;1.23;1.94;-0.71;-;-;31.00;-;-;7.00;1.00;-;6.00;1.00;7.00;6.00;1.00;2.00;1.00;1.00;2.00
Николя Нгамалё;Динамо Москва;217;98;АП П;-;-;-;-;-;-;-;3.00;-;-;-;-;-;1.00;-;0.02;34.00;71 %;-;-;2.00;0 %;4.00;75 %;-;-;-;-;-;-;4.00;75 %;9.00;2.00;1.00;1.00;-;5.00;22.00;45 %;8.00;25 %;14.00;57 %;2.00;0 %;6.00;83 %;4.00;75 %;4.00;25 %;2.00;4.00;1;1.00;-;-;70.00;46.00;66 %;0 %;1.00;-;-;0.38;0.02;-;0.00;1.94;1.23;0.71;-;-;24.00;-;-;3.00;-;-;-;3.00;10.00;2.00;8.00;-;5.00;3.00;1.00
Камило Рейерс Де Оливера;ФК Ахмат;205;98;ЗП ПЦ;-;-;-;-;-;-;4.00;1.00;-;1.00;-;-;-;2.00;-;0.04;36.00;81 %;-;-;1.00;0 %;8.00;75 %;1.00;0 %;-;-;4.00;75 %;1.00;0 %;6.00;2.00;1.00;6.00;3.00;1.00;16.00;50 %;12.00;33 %;4.00;100 %;-;-;2.00;100 %;-;-;8.00;38 %;9.00;8.00;1;1.00;-;-;74.00;56.00;76 %;0 %;-;2.00;-;-;0.02;-;0.00;1.23;1.94;-0.71;0.08;0.08;29.00;-;-;6.00;-;-;3.00;-;8.00;4.00;4.00;-;2.00;-;3.00
Дмитрий Скопинцев;Динамо Москва;273;98;ЗЛ;-;-;-;-;-;-;-;-;-;-;-;-;-;2.00;-;0.08;60.00;82 %;-;-;4.00;50 %;9.00;56 %;1.00;0 %;-;-;3.00;33 %;5.00;40 %;3.00;-;-;4.00;-;2.00;14.00;79 %;6.00;83 %;8.00;75 %;-;-;5.00;80 %;2.00;50 %;5.00;100 %;6.00;3.00;1;1.00;-;-;87.00;71.00;82 %;0 %;-;2.00;-;0.23;0.04;-;0.00;1.94;1.23;0.71;-;-;49.00;-;2.00;5.00;-;-;1.00;2.00;11.00;5.00;6.00;-;4.00;1.00;5.00
Дарко Тодорович;ФК Ахмат;239;98;З ПЦ;-;-;1.00;-;0 %;-;-;1.00;-;1.00;1.00;-;-;1.00;-;0.07;48.00;83 %;-;-;-;-;12.00;67 %;5.00;60 %;1.00;0 %;6.00;50 %;3.00;67 %;5.00;-;1.00;9.00;1.00;4.00;7.00;86 %;6.00;83 %;1.00;100 %;1.00;0 %;-;-;-;-;1.00;100 %;14.00;3.00;1;1.00;-;-;78.00;67.00;86 %;0 %;1.00;-;-;-;0.07;-;0.00;1.23;1.94;-0.71;0.80;0.10;40.00;-;-;8.00;3.00;-;3.00;2.00;6.00;5.00;1.00;-;-;-;1.00
Жоао Пауло Де Соуза Марес;Динамо Москва;221;98;П ЛЦ;-;1.00;1.00;-;0 %;1.00;-;5.00;-;-;-;-;-;-;-;-;68.00;91 %;1.00;0 %;-;-;11.00;82 %;2.00;100 %;1.00;100 %;8.00;100 %;10.00;70 %;7.00;1.00;-;2.00;-;4.00;12.00;42 %;2.00;0 %;10.00;50 %;1.00;0 %;3.00;67 %;-;-;1.00;0 %;5.00;6.00;1;1.00;-;-;95.00;82.00;86 %;-;-;-;-;0.75;-;-;-;1.94;1.23;0.71;0.01;0.01;62.00;-;-;9.00;2.00;1.00;8.00;7.00;5.00;-;5.00;-;2.00;-;-
Марсело Алвес Сантос;Сочи;174;97;З ЛЦ;-;-;-;-;-;-;5.00;-;1.00;2.00;1.00;-;-;-;-;-;54.00;72 %;-;-;-;-;8.00;38 %;-;-;-;-;3.00;33 %;1.00;0 %;3.00;1.00;-;5.00;1.00;-;22.00;64 %;21.00;62 %;1.00;100 %;13.00;77 %;-;-;-;-;4.00;50 %;6.00;6.00;1;1.00;-;-;89.00;66.00;74 %;-;-;-;-;-;-;-;-;0.82;1.47;-0.65;0.18;0.09;39.00;-;-;3.00;-;-;1.00;-;14.00;13.00;1.00;10.00;-;-;2.00
Итало;Урал Екатеринбург;223;97;З ЛЦ;-;-;-;-;-;-;2.00;1.00;-;-;-;-;-;-;-;-;31.00;74 %;-;-;-;-;8.00;50 %;4.00;25 %;1.00;0 %;2.00;50 %;2.00;50 %;2.00;-;-;4.00;-;-;14.00;79 %;11.00;82 %;3.00;67 %;1.00;100 %;2.00;50 %;-;-;5.00;60 %;3.00;8.00;1;1.00;-;-;59.00;48.00;81 %;-;-;-;-;-;-;-;-;2.23;2.11;0.12;-;-;23.00;-;-;4.00;1.00;-;1.00;1.00;11.00;9.00;2.00;1.00;1.00;-;3.00
Срджан Бабич;Спартак Москва;211;97;З ЛЦ;-;-;-;-;-;-;-;1.00;1.00;1.00;-;-;-;-;-;-;79.00;90 %;-;-;-;-;11.00;64 %;2.00;50 %;-;-;9.00;56 %;1.00;0 %;2.00;-;-;9.00;3.00;5.00;21.00;76 %;14.00;71 %;7.00;86 %;9.00;67 %;1.00;100 %;-;-;6.00;100 %;4.00;7.00;1;1.00;-;-;116.00;103.00;89 %;-;-;-;-;0.46;-;-;-;0.98;2.13;-1.15;0.04;0.04;71.00;-;-;7.00;1.00;-;5.00;-;16.00;10.00;6.00;6.00;1.00;-;6.00
Амир Батырев;Сочи;173;97;ЗП ЛЦ;-;-;3.00;-;0 %;2.00;-;3.00;-;2.00;-;-;-;2.00;1.00;0.33;36.00;83 %;-;-;-;-;5.00;60 %;1.00;100 %;1.00;100 %;2.00;50 %;1.00;100 %;7.00;1.00;1.00;-;-;1.00;18.00;39 %;7.00;29 %;11.00;45 %;6.00;50 %;3.00;67 %;2.00;50 %;3.00;33 %;4.00;7.00;1;1.00;-;-;69.00;50.00;72 %;50 %;1.00;-;-;-;0.17;-;0.00;0.82;1.47;-0.65;0.24;0.24;30.00;-;-;3.00;1.00;1.00;1.00;1.00;7.00;2.00;5.00;3.00;2.00;1.00;1.00
Сильвие Бегич;Урал Екатеринбург;219;97;З Ц;-;-;2.00;-;0 %;1.00;1.00;-;-;1.00;1.00;-;-;2.00;1.00;0.53;34.00;82 %;1.00;100 %;-;-;4.00;50 %;1.00;100 %;-;-;1.00;0 %;1.00;100 %;6.00;-;-;7.00;1.00;3.00;24.00;50 %;14.00;50 %;10.00;50 %;17.00;53 %;-;-;-;-;1.00;100 %;12.00;2.00;1;1.00;-;-;76.00;57.00;75 %;50 %;1.00;-;-;0.30;0.27;-;0.00;2.23;2.11;0.12;0.35;0.17;28.00;1.00;-;2.00;1.00;-;-;1.00;12.00;7.00;5.00;9.00;-;-;1.00
Глен Бейл;Крылья Советов;260;97;З П;-;-;-;-;-;-;2.00;2.00;-;-;-;-;-;1.00;-;0.01;55.00;78 %;-;-;2.00;100 %;6.00;50 %;3.00;0 %;-;-;5.00;20 %;7.00;57 %;5.00;2.00;-;12.00;3.00;1.00;16.00;56 %;15.00;53 %;1.00;100 %;6.00;33 %;-;-;-;-;6.00;50 %;8.00;8.00;1;1.00;-;-;90.00;70.00;78 %;0 %;1.00;-;-;0.56;0.01;-;0.00;2.13;0.98;1.15;0.24;0.08;43.00;-;2.00;3.00;-;-;1.00;4.00;9.00;8.00;1.00;2.00;-;-;3.00
Сергей Божин;Факел Воронеж;223;97;З ЛЦ;-;-;1.00;-;0 %;1.00;-;-;-;-;-;-;-;1.00;-;0.24;30.00;87 %;-;-;1.00;100 %;7.00;100 %;5.00;60 %;2.00;50 %;6.00;50 %;3.00;67 %;6.00;2.00;-;5.00;-;1.00;11.00;73 %;6.00;67 %;5.00;80 %;9.00;78 %;-;-;-;-;1.00;0 %;8.00;4.00;1;1.00;-;-;56.00;48.00;86 %;0 %;1.00;-;-;0.16;0.24;-;0.00;1.47;0.82;0.65;0.11;0.11;26.00;-;1.00;7.00;3.00;1.00;3.00;2.00;8.00;4.00;4.00;7.00;-;-;-
Евгений Чернов;Ростов;219;97;ЗЛ;-;-;-;-;-;-;-;-;-;1.00;-;-;-;-;-;-;39.00;79 %;-;-;7.00;57 %;5.00;60 %;1.00;100 %;-;-;1.00;0 %;8.00;50 %;5.00;1.00;-;-;-;4.00;11.00;64 %;4.00;50 %;7.00;71 %;2.00;100 %;4.00;75 %;1.00;100 %;-;-;2.00;5.00;1;1.00;-;-;62.00;50.00;81 %;-;-;-;-;0.02;-;-;-;2.11;2.23;-0.12;0.30;0.30;31.00;-;4.00;3.00;1.00;-;-;4.00;7.00;2.00;5.00;2.00;3.00;1.00;-
Василий Черов;Факел Воронеж;211;97;З П;-;-;-;-;-;-;-;-;-;1.00;-;-;-;-;-;-;44.00;80 %;-;-;5.00;40 %;10.00;70 %;1.00;0 %;-;-;3.00;33 %;6.00;83 %;6.00;1.00;1.00;4.00;1.00;-;15.00;33 %;11.00;36 %;4.00;25 %;4.00;25 %;2.00;0 %;1.00;0 %;6.00;50 %;4.00;11.00;1;1.00;-;-;75.00;55.00;73 %;-;-;-;-;-;-;-;-;1.47;0.82;0.65;-;-;35.00;-;2.00;7.00;-;-;1.00;5.00;5.00;4.00;1.00;1.00;-;-;3.00
Ибраима Сиссе;Урал Екатеринбург;216;97;ЗП ПЦ;-;-;-;-;-;-;-;-;-;-;-;-;-;2.00;-;0.10;25.00;92 %;-;-;-;-;4.00;75 %;1.00;100 %;-;-;1.00;100 %;-;-;3.00;1.00;1.00;5.00;3.00;-;9.00;56 %;6.00;50 %;3.00;67 %;3.00;33 %;-;-;-;-;2.00;100 %;8.00;10.00;1;1.00;-;-;56.00;47.00;84 %;0 %;1.00;1.00;-;-;0.05;-;0.00;2.23;2.11;0.12;-;-;23.00;-;-;3.00;1.00;-;1.00;-;5.00;3.00;2.00;1.00;-;-;2.00
Алексис Давид Дуарте Перейра;Спартак Москва;211;97;З ПЦ;-;-;-;-;-;-;2.00;-;1.00;3.00;1.00;-;-;1.00;1.00;0.10;55.00;95 %;-;-;-;-;6.00;67 %;-;-;-;-;2.00;50 %;-;-;2.00;1.00;-;10.00;1.00;1.00;12.00;58 %;9.00;67 %;3.00;33 %;7.00;57 %;1.00;0 %;-;-;1.00;100 %;6.00;5.00;1;1.00;-;-;81.00;73.00;90 %;100 %;-;-;-;-;0.10;-;0.00;0.98;2.13;-1.15;0.29;0.14;52.00;-;-;4.00;-;-;1.00;-;7.00;6.00;1.00;4.00;-;-;1.00
Роман Евгеньев;Крылья Советов;259;97;З ПЦ;-;-;2.00;-;0 %;1.00;-;1.00;-;-;-;-;-;3.00;2.00;0.36;27.00;81 %;1.00;0 %;-;-;6.00;67 %;4.00;100 %;1.00;100 %;3.00;67 %;1.00;100 %;3.00;1.00;1.00;7.00;1.00;-;19.00;74 %;13.00;62 %;6.00;100 %;9.00;89 %;2.00;100 %;-;-;3.00;33 %;4.00;5.00;1;1.00;-;-;59.00;47.00;80 %;67 %;1.00;-;-;0.02;0.12;-;0.00;2.13;0.98;1.15;0.12;0.04;22.00;-;-;4.00;4.00;1.00;2.00;1.00;14.00;8.00;6.00;8.00;2.00;-;1.00
Данил Глебов;Ростов;216;97;ЗП Ц;-;-;1.00;-;0 %;1.00;2.00;-;-;1.00;-;-;-;3.00;1.00;0.34;46.00;87 %;-;-;1.00;0 %;7.00;57 %;2.00;0 %;-;-;5.00;40 %;2.00;50 %;6.00;2.00;2.00;7.00;3.00;4.00;12.00;50 %;6.00;33 %;6.00;67 %;5.00;40 %;2.00;100 %;2.00;100 %;2.00;50 %;11.00;11.00;1;1.00;-;-;89.00;73.00;82 %;33 %;1.00;1.00;-;0.16;0.11;-;0.00;2.11;2.23;-0.12;-;-;40.00;-;-;4.00;-;-;2.00;1.00;6.00;2.00;4.00;2.00;2.00;2.00;1.00
Егор Голенков;Ростов;188;97;Ф Ц;-;-;3.00;-;0 %;-;-;-;1.00;1.00;-;-;1.00;3.00;1.00;0.70;21.00;76 %;-;-;-;-;1.00;100 %;-;-;-;-;-;-;-;-;8.00;1.00;3.00;1.00;-;-;24.00;46 %;8.00;38 %;16.00;50 %;16.00;56 %;-;-;-;-;-;-;-;1.00;1;1.00;-;-;52.00;29.00;56 %;33 %;2.00;-;-;0.14;0.23;-;0.00;2.11;2.23;-0.12;-;-;16.00;-;-;1.00;-;-;-;-;11.00;3.00;8.00;9.00;-;-;-
Руслан Магаль;Факел Воронеж;224;97;П Л;-;1.00;1.00;-;0 %;3.00;2.00;4.00;-;-;-;-;-;2.00;-;0.10;39.00;77 %;-;-;3.00;33 %;13.00;62 %;2.00;100 %;-;-;7.00;57 %;7.00;57 %;11.00;1.00;1.00;2.00;-;1.00;23.00;43 %;12.00;58 %;11.00;27 %;5.00;40 %;3.00;67 %;2.00;100 %;5.00;60 %;7.00;5.00;1;1.00;-;-;78.00;53.00;68 %;0 %;1.00;1.00;-;0.78;0.05;-;0.00;1.47;0.82;0.65;-;-;30.00;-;1.00;8.00;2.00;-;4.00;4.00;10.00;7.00;3.00;2.00;2.00;2.00;3.00
Артём Макарчук;Сочи;181;97;ЗП Л;-;-;-;-;-;-;-;1.00;-;-;-;-;-;-;-;-;43.00;65 %;-;-;4.00;0 %;8.00;25 %;2.00;0 %;-;-;3.00;0 %;5.00;0 %;10.00;-;-;3.00;-;1.00;13.00;38 %;6.00;33 %;7.00;43 %;5.00;40 %;4.00;25 %;2.00;0 %;1.00;0 %;6.00;3.00;1;1.00;-;-;66.00;43.00;65 %;-;-;-;-;-;-;-;-;0.82;1.47;-0.65;-;-;28.00;-;-;2.00;-;-;-;-;5.00;2.00;3.00;2.00;1.00;-;-
Артём Мамин;Урал Екатеринбург;178;97;З ПЦ;-;-;-;-;-;-;-;-;1.00;3.00;-;-;-;-;-;-;29.00;86 %;-;-;-;-;3.00;100 %;1.00;100 %;-;-;2.00;100 %;2.00;100 %;2.00;1.00;1.00;5.00;2.00;-;13.00;62 %;10.00;60 %;3.00;67 %;6.00;50 %;-;-;-;-;5.00;60 %;5.00;7.00;1;1.00;-;-;56.00;45.00;80 %;-;-;-;-;-;-;-;-;2.23;2.11;0.12;-;-;25.00;-;-;3.00;1.00;-;2.00;2.00;8.00;6.00;2.00;3.00;-;-;3.00
Кристофер Мартинс Перейра;Спартак Москва;241;97;ЗП Ц;-;-;1.00;-;0 %;1.00;2.00;-;-;-;-;-;-;3.00;-;0.55;56.00;89 %;-;-;-;-;7.00;71 %;1.00;0 %;-;-;6.00;100 %;2.00;0 %;6.00;1.00;-;6.00;3.00;2.00;14.00;57 %;7.00;57 %;7.00;57 %;3.00;33 %;4.00;100 %;1.00;100 %;3.00;67 %;7.00;9.00;1;1.00;-;-;91.00;76.00;84 %;0 %;2.00;1.00;-;0.03;0.18;-;0.00;0.98;2.13;-1.15;-;-;50.00;-;-;5.00;-;-;6.00;-;8.00;4.00;4.00;1.00;4.00;1.00;2.00
Владислав Мастерной;Факел Воронеж;245;97;ЗЛ;-;-;-;-;-;1.00;1.00;1.00;-;1.00;-;-;-;-;-;-;45.00;84 %;1.00;100 %;1.00;0 %;8.00;75 %;2.00;50 %;-;-;5.00;100 %;5.00;60 %;6.00;1.00;1.00;9.00;2.00;1.00;13.00;69 %;11.00;73 %;2.00;50 %;6.00;83 %;-;-;-;-;3.00;100 %;3.00;12.00;1;1.00;-;-;75.00;63.00;84 %;-;-;-;-;0.23;-;-;-;1.47;0.82;0.65;-;-;38.00;1.00;-;6.00;1.00;-;5.00;3.00;9.00;8.00;1.00;5.00;-;-;3.00
Виктор Мелехин;Ростов;201;97;З ПЦ;-;-;-;-;-;-;1.00;1.00;1.00;1.00;1.00;-;-;1.00;-;0.03;60.00;97 %;-;-;-;-;5.00;60 %;1.00;100 %;-;-;1.00;100 %;-;-;2.00;1.00;-;12.00;1.00;2.00;21.00;62 %;19.00;58 %;2.00;100 %;10.00;70 %;-;-;-;-;3.00;67 %;7.00;12.00;1;1.00;-;-;104.00;93.00;89 %;0 %;-;1.00;-;-;0.03;-;0.00;2.11;2.23;-0.12;-;-;58.00;-;-;3.00;1.00;-;1.00;-;13.00;11.00;2.00;7.00;-;-;2.00
Андрей Мендель;Факел Воронеж;235;97;З ПЦ;-;-;-;-;-;-;2.00;-;-;-;-;-;-;1.00;-;0.16;37.00;86 %;-;-;-;-;11.00;82 %;2.00;50 %;-;-;3.00;67 %;-;-;1.00;-;-;10.00;-;-;10.00;80 %;7.00;71 %;3.00;100 %;2.00;100 %;1.00;100 %;1.00;100 %;1.00;100 %;11.00;9.00;1;1.00;-;-;70.00;62.00;89 %;0 %;-;1.00;-;-;0.16;-;0.00;1.47;0.82;0.65;-;-;32.00;-;-;9.00;1.00;-;2.00;-;8.00;5.00;3.00;2.00;1.00;1.00;1.00
Алексей Миронов;Ростов;224;97;П ЛЦ;-;-;-;-;-;-;1.00;1.00;-;-;-;-;-;4.00;1.00;0.10;44.00;75 %;2.00;0 %;3.00;33 %;11.00;64 %;1.00;100 %;-;-;2.00;0 %;6.00;17 %;6.00;2.00;-;2.00;-;2.00;11.00;55 %;5.00;40 %;6.00;67 %;2.00;50 %;2.00;50 %;1.00;0 %;-;-;4.00;8.00;1;1.00;-;-;73.00;54.00;74 %;25 %;3.00;-;-;0.48;0.03;-;0.00;2.11;2.23;-0.12;0.12;0.12;33.00;-;1.00;7.00;1.00;-;-;1.00;6.00;2.00;4.00;1.00;1.00;-;-
Мохаммад Мохеби;Ростов;210;97;АП Л;-;-;1.00;-;0 %;-;-;2.00;-;1.00;-;-;-;2.00;-;0.29;33.00;79 %;-;-;1.00;0 %;3.00;33 %;-;-;-;-;1.00;0 %;2.00;0 %;10.00;4.00;1.00;1.00;-;2.00;24.00;42 %;7.00;29 %;17.00;47 %;10.00;50 %;6.00;33 %;1.00;0 %;1.00;100 %;-;3.00;1;1.00;-;-;65.00;41.00;63 %;0 %;2.00;-;-;0.11;0.14;-;0.00;2.11;2.23;-0.12;-;-;26.00;-;-;1.00;-;-;-;-;10.00;2.00;8.00;5.00;2.00;-;1.00
Виктор Мозес;Спартак Москва;235;97;П ЛЦ;-;-;-;-;-;-;-;1.00;1.00;1.00;-;-;-;1.00;-;0.02;54.00;89 %;-;-;1.00;0 %;8.00;75 %;2.00;50 %;-;-;5.00;80 %;1.00;100 %;7.00;1.00;1.00;5.00;2.00;6.00;19.00;68 %;5.00;80 %;14.00;64 %;6.00;67 %;6.00;67 %;2.00;50 %;1.00;100 %;4.00;4.00;1;1.00;-;-;89.00;75.00;84 %;0 %;-;1.00;-;0.07;0.02;-;0.00;0.98;2.13;-1.15;0.01;0.01;48.00;-;-;6.00;1.00;-;4.00;1.00;13.00;4.00;9.00;4.00;4.00;1.00;1.00
Кристиан Нобоа;Сочи;167;97;ЗП ПЦ;-;-;-;-;-;-;2.00;-;-;-;1.00;-;-;1.00;-;0.24;40.00;73 %;-;-;1.00;100 %;13.00;69 %;3.00;67 %;1.00;0 %;10.00;80 %;8.00;63 %;10.00;2.00;1.00;3.00;1.00;1.00;12.00;42 %;5.00;40 %;7.00;43 %;1.00;0 %;2.00;100 %;-;-;2.00;50 %;1.00;7.00;1;1.00;-;-;63.00;43.00;68 %;0 %;1.00;-;-;-;0.24;-;0.00;0.82;1.47;-0.65;0.10;0.05;29.00;-;1.00;9.00;2.00;-;8.00;5.00;5.00;2.00;3.00;-;2.00;-;1.00
Фернандо Костанца;Крылья Советов;263;97;ЗП ПЦ;-;1.00;1.00;-;0 %;2.00;1.00;2.00;-;1.00;1.00;-;-;1.00;-;0.27;33.00;73 %;1.00;100 %;1.00;0 %;5.00;80 %;1.00;100 %;-;-;2.00;100 %;2.00;50 %;4.00;2.00;-;3.00;1.00;-;12.00;58 %;9.00;44 %;3.00;100 %;4.00;75 %;1.00;100 %;-;-;4.00;25 %;7.00;8.00;1;1.00;-;-;61.00;46.00;75 %;0 %;1.00;-;-;0.48;0.27;-;0.00;2.13;0.98;1.15;0.06;0.03;24.00;1.00;-;4.00;1.00;-;2.00;1.00;7.00;4.00;3.00;3.00;1.00;-;1.00
Николай Рассказов;Крылья Советов;230;97;П П;-;-;-;-;-;-;-;-;-;-;-;-;-;-;-;-;24.00;42 %;-;-;1.00;0 %;5.00;20 %;-;-;-;-;5.00;60 %;2.00;0 %;10.00;4.00;-;2.00;1.00;2.00;16.00;56 %;8.00;63 %;8.00;50 %;3.00;33 %;1.00;100 %;-;-;5.00;60 %;-;5.00;1;1.00;-;-;47.00;26.00;55 %;-;-;-;-;0.02;-;-;-;2.13;0.98;1.15;0.02;0.02;10.00;-;-;1.00;-;-;3.00;-;9.00;5.00;4.00;1.00;1.00;-;3.00
Александр Соболев;Спартак Москва;176;97;Ф Ц;-;-;-;-;-;-;3.00;1.00;-;-;1.00;-;-;1.00;-;0.04;16.00;81 %;-;-;-;-;1.00;100 %;1.00;100 %;1.00;100 %;-;-;2.00;100 %;6.00;2.00;-;1.00;1.00;-;18.00;33 %;1.00;0 %;17.00;35 %;5.00;60 %;2.00;100 %;2.00;100 %;1.00;0 %;3.00;1.00;1;1.00;-;-;39.00;23.00;59 %;0 %;-;1.00;-;0.04;0.04;-;0.00;0.98;2.13;-1.15;-;-;13.00;-;-;1.00;1.00;1.00;-;2.00;6.00;-;6.00;3.00;2.00;2.00;-
Александр Солдатенков;Крылья Советов;215;97;З ЛЦ;-;-;-;-;-;-;-;-;-;-;-;-;-;-;-;-;12.00;100 %;-;-;-;-;-;-;-;-;-;-;-;-;-;-;-;-;-;3.00;-;-;5.00;40 %;4.00;50 %;1.00;0 %;1.00;0 %;-;-;-;-;-;-;4.00;2.00;1;1.00;-;-;23.00;20.00;87 %;-;-;-;-;-;-;-;-;2.13;0.98;1.15;0.07;0.04;12.00;-;-;-;-;-;-;-;2.00;2.00;-;-;-;-;-
Даниил Уткин;Ростов;268;97;П ПЦ;-;-;2.00;-;0 %;5.00;1.00;3.00;-;-;-;-;-;6.00;1.00;0.55;63.00;90 %;2.00;100 %;2.00;100 %;15.00;93 %;5.00;100 %;-;-;10.00;90 %;13.00;92 %;3.00;-;-;2.00;-;2.00;20.00;60 %;11.00;64 %;9.00;56 %;7.00;57 %;5.00;80 %;3.00;67 %;2.00;50 %;4.00;10.00;1;1.00;-;-;105.00;86.00;82 %;17 %;3.00;2.00;-;1.34;0.09;-;0.00;2.11;2.23;-0.12;-;-;57.00;2.00;2.00;14.00;5.00;-;9.00;12.00;12.00;7.00;5.00;4.00;4.00;2.00;1.00
Илья Вахания;Ростов;209;97;З П;-;-;1.00;1.00;100 %;1.00;1.00;-;1.00;1.00;-;-;-;-;-;-;51.00;67 %;1.00;0 %;8.00;13 %;14.00;50 %;2.00;100 %;1.00;100 %;3.00;33 %;5.00;20 %;5.00;2.00;-;7.00;1.00;3.00;14.00;57 %;10.00;70 %;4.00;25 %;8.00;50 %;2.00;50 %;-;-;1.00;100 %;6.00;6.00;1;1.00;-;-;80.00;57.00;71 %;-;-;-;-;-;-;-;-;2.11;2.23;-0.12;-;-;34.00;-;1.00;7.00;2.00;1.00;1.00;1.00;8.00;7.00;1.00;4.00;1.00;-;1.00
Вячеслав Якимов;Факел Воронеж;267;97;ЗП ПЦ;1.00;-;1.00;1.00;100 %;-;5.00;-;-;-;-;-;-;3.00;2.00;0.46;32.00;81 %;-;-;-;-;6.00;100 %;-;-;-;-;2.00;100 %;-;-;4.00;-;1.00;8.00;2.00;1.00;27.00;63 %;16.00;56 %;11.00;73 %;7.00;57 %;5.00;80 %;1.00;100 %;8.00;63 %;5.00;8.00;1;1.00;-;-;77.00;59.00;77 %;67 %;-;1.00;-;-;0.15;0.46;2.17;1.47;0.82;0.65;-;-;26.00;-;-;6.00;-;-;2.00;-;17.00;9.00;8.00;4.00;4.00;1.00;5.00
Игорь Юрганов;Сочи;201;97;З Ц;-;-;1.00;-;0 %;-;-;1.00;1.00;1.00;-;-;-;1.00;-;0.25;48.00;90 %;-;-;-;-;14.00;64 %;2.00;0 %;1.00;0 %;6.00;33 %;-;-;3.00;1.00;1.00;9.00;1.00;1.00;14.00;79 %;12.00;75 %;2.00;100 %;6.00;67 %;-;-;-;-;1.00;100 %;6.00;12.00;1;1.00;-;-;84.00;74.00;88 %;0 %;1.00;-;-;0.24;0.25;-;0.00;0.82;1.47;-0.65;0.35;0.17;43.00;-;-;9.00;-;-;2.00;-;11.00;9.00;2.00;4.00;-;-;1.00
Виктор Александров;Пари Нижний Новгород;194;96;З ЛЦ;-;-;-;-;-;-;1.00;-;-;2.00;1.00;-;-;1.00;-;0.03;30.00;63 %;-;-;-;-;11.00;64 %;3.00;67 %;-;-;5.00;40 %;1.00;100 %;5.00;1.00;-;4.00;1.00;2.00;12.00;75 %;9.00;78 %;3.00;67 %;4.00;75 %;2.00;50 %;2.00;50 %;2.00;100 %;6.00;6.00;1;1.00;-;-;57.00;42.00;74 %;0 %;1.00;-;-;-;0.03;-;0.00;0.87;1.32;-0.45;0.21;0.21;19.00;-;-;7.00;2.00;-;2.00;1.00;9.00;7.00;2.00;3.00;1.00;1.00;2.00
Дмитрий Баринов;Локомотив Москва;266;96;ЗП ПЦ;-;-;1.00;-;0 %;3.00;-;-;-;1.00;-;-;-;1.00;-;0.04;46.00;89 %;1.00;100 %;1.00;0 %;11.00;82 %;-;-;-;-;3.00;67 %;-;-;4.00;1.00;-;4.00;-;1.00;11.00;91 %;8.00;100 %;3.00;67 %;3.00;100 %;1.00;100 %;-;-;1.00;100 %;2.00;3.00;1;1.00;-;-;64.00;57.00;89 %;0 %;1.00;-;-;0.42;0.04;-;0.00;1.32;0.87;0.45;0.01;0.01;41.00;1.00;-;9.00;-;-;2.00;-;10.00;8.00;2.00;3.00;1.00;-;1.00
Кристиян Бистрович;Балтика;195;96;П ПЦ;-;-;-;-;-;-;2.00;2.00;-;-;-;-;-;2.00;-;0.11;31.00;58 %;-;-;1.00;0 %;4.00;25 %;2.00;0 %;-;-;3.00;0 %;7.00;29 %;5.00;-;2.00;4.00;2.00;-;11.00;45 %;7.00;43 %;4.00;50 %;3.00;100 %;-;-;-;-;-;-;6.00;3.00;1;1.00;-;-;56.00;33.00;59 %;0 %;-;2.00;-;0.16;0.06;-;0.00;0.64;1.14;-0.50;0.02;0.02;18.00;-;-;1.00;-;-;-;2.00;5.00;3.00;2.00;3.00;-;-;-
Фёдор Чалов;ЦСКА Москва;218;96;Ф Ц;-;-;-;-;-;1.00;-;2.00;-;-;-;-;-;-;-;-;35.00;80 %;1.00;100 %;-;-;5.00;80 %;-;-;-;-;4.00;100 %;3.00;67 %;9.00;2.00;-;1.00;1.00;1.00;32.00;34 %;8.00;25 %;24.00;38 %;16.00;19 %;6.00;67 %;2.00;50 %;2.00;50 %;2.00;3.00;1;1.00;-;-;73.00;45.00;62 %;-;-;-;-;0.07;-;-;-;1.14;0.64;0.50;-;-;28.00;1.00;-;4.00;-;-;4.00;2.00;11.00;2.00;9.00;3.00;4.00;1.00;1.00
Роша;ЦСКА Москва;234;96;З Ц;-;-;-;-;-;-;-;2.00;-;1.00;-;-;-;-;-;-;54.00;78 %;-;-;1.00;0 %;15.00;67 %;5.00;60 %;2.00;50 %;5.00;80 %;1.00;0 %;3.00;-;-;12.00;1.00;-;19.00;74 %;15.00;80 %;4.00;50 %;16.00;69 %;-;-;-;-;-;-;18.00;10.00;1;1.00;-;-;103.00;86.00;84 %;-;-;-;-;-;-;-;-;1.14;0.64;0.50;0.13;0.04;42.00;-;-;10.00;3.00;1.00;4.00;-;14.00;12.00;2.00;11.00;-;-;-
Лукас Фассон;Локомотив Москва;229;96;З ЛЦ;-;-;-;-;-;-;1.00;-;-;1.00;-;-;-;-;-;-;56.00;88 %;-;-;-;-;8.00;63 %;4.00;75 %;1.00;0 %;2.00;0 %;-;-;5.00;1.00;-;10.00;-;-;15.00;73 %;10.00;70 %;5.00;80 %;8.00;63 %;1.00;100 %;-;-;3.00;67 %;7.00;4.00;1;1.00;-;-;82.00;71.00;87 %;-;-;-;-;-;-;-;-;1.32;0.87;0.45;-;-;49.00;-;-;5.00;3.00;-;-;-;11.00;7.00;4.00;5.00;1.00;-;2.00
Аббосбек Файзуллаев;ЦСКА Москва;276;96;АП ЛЦ;-;-;1.00;-;0 %;-;4.00;1.00;-;-;1.00;-;-;4.00;1.00;0.25;47.00;85 %;2.00;0 %;-;-;7.00;57 %;1.00;0 %;-;-;3.00;33 %;6.00;83 %;9.00;2.00;5.00;3.00;2.00;4.00;24.00;46 %;8.00;38 %;16.00;50 %;5.00;20 %;4.00;75 %;2.00;100 %;5.00;60 %;3.00;5.00;1;1.00;-;-;92.00;64.00;70 %;25 %;2.00;1.00;-;0.18;0.06;-;0.00;1.14;0.64;0.50;-;-;40.00;-;-;4.00;-;-;1.00;5.00;11.00;3.00;8.00;1.00;3.00;2.00;3.00
Батчи;ФК Краснодар;235;96;АП Л;-;-;1.00;-;0 %;1.00;1.00;3.00;-;-;1.00;-;1.00;2.00;2.00;0.05;17.00;88 %;-;-;-;-;4.00;75 %;1.00;0 %;-;-;3.00;67 %;-;-;4.00;1.00;3.00;-;-;3.00;14.00;21 %;4.00;0 %;10.00;30 %;2.00;0 %;4.00;75 %;-;-;2.00;0 %;1.00;3.00;1;1.00;1.00;-;44.00;28.00;64 %;100 %;-;-;-;0.09;0.03;-;0.00;1.94;0.66;1.28;-;-;15.00;-;-;3.00;-;-;2.00;-;3.00;-;3.00;-;3.00;-;-
Милан Гайич;ЦСКА Москва;233;96;ЗП Л;-;1.00;-;-;-;1.00;-;1.00;-;-;-;-;-;1.00;-;0.10;55.00;87 %;-;-;2.00;0 %;4.00;75 %;-;-;-;-;2.00;100 %;4.00;25 %;5.00;1.00;-;1.00;-;3.00;7.00;29 %;2.00;50 %;5.00;20 %;2.00;50 %;3.00;0 %;1.00;0 %;1.00;100 %;3.00;7.00;1;1.00;-;-;76.00;63.00;83 %;0 %;1.00;-;-;0.16;0.10;-;0.00;1.14;0.64;0.50;-;-;48.00;-;-;3.00;-;-;2.00;1.00;2.00;1.00;1.00;1.00;-;-;1.00
Натан Баба Гассама;Балтика;232;96;З ЛЦ;-;-;-;-;-;-;4.00;-;-;-;1.00;-;-;-;-;-;52.00;81 %;-;-;1.00;0 %;13.00;69 %;6.00;50 %;2.00;50 %;7.00;86 %;3.00;33 %;3.00;1.00;-;5.00;1.00;1.00;16.00;88 %;15.00;87 %;1.00;100 %;9.00;100 %;1.00;100 %;-;-;2.00;100 %;5.00;7.00;1;1.00;-;-;82.00;70.00;85 %;-;-;-;-;-;-;-;-;0.64;1.14;-0.50;-;-;42.00;-;-;9.00;3.00;1.00;6.00;1.00;14.00;13.00;1.00;9.00;1.00;-;2.00
Кирилл Гоцук;Пари Нижний Новгород;185;96;З Ц;-;-;-;-;-;-;3.00;-;-;2.00;1.00;-;-;-;-;-;37.00;76 %;-;-;-;-;13.00;46 %;7.00;29 %;3.00;0 %;7.00;43 %;2.00;0 %;7.00;-;-;10.00;2.00;1.00;25.00;52 %;23.00;52 %;2.00;50 %;11.00;55 %;-;-;-;-;8.00;63 %;12.00;10.00;1;1.00;-;-;87.00;66.00;76 %;-;-;-;-;-;-;-;-;0.87;1.32;-0.45;-;-;28.00;-;-;6.00;2.00;-;3.00;-;13.00;12.00;1.00;6.00;-;-;5.00
Никита Каккоев;Пари Нижний Новгород;212;96;З ПЦ;-;-;-;-;-;-;1.00;-;-;1.00;-;-;-;-;-;-;45.00;84 %;-;-;-;-;14.00;64 %;4.00;25 %;-;-;9.00;56 %;3.00;67 %;6.00;1.00;-;6.00;-;3.00;6.00;83 %;6.00;83 %;-;-;3.00;67 %;-;-;-;-;1.00;100 %;2.00;4.00;1;1.00;-;-;61.00;53.00;87 %;-;-;-;-;-;-;-;-;0.87;1.32;-0.45;0.25;0.25;38.00;-;-;9.00;1.00;-;5.00;2.00;5.00;5.00;-;2.00;-;-;1.00
Николай Калинский;Пари Нижний Новгород;208;96;П ПЦ;-;-;-;-;-;1.00;2.00;-;-;-;-;-;-;3.00;1.00;0.13;56.00;91 %;1.00;100 %;1.00;100 %;13.00;85 %;2.00;0 %;1.00;0 %;9.00;67 %;8.00;63 %;5.00;-;-;11.00;1.00;2.00;11.00;36 %;8.00;38 %;3.00;33 %;5.00;40 %;-;-;-;-;4.00;50 %;9.00;8.00;1;1.00;-;-;89.00;75.00;84 %;33 %;2.00;-;-;0.58;0.04;-;0.00;0.87;1.32;-0.45;0.04;0.04;51.00;1.00;1.00;11.00;-;-;6.00;5.00;4.00;3.00;1.00;2.00;-;-;2.00
Артём Карпукас;Локомотив Москва;240;96;ЗП ЛЦ;-;-;-;-;-;-;1.00;3.00;-;-;1.00;-;-;-;-;-;40.00;90 %;1.00;0 %;1.00;0 %;4.00;75 %;-;-;-;-;2.00;50 %;2.00;0 %;3.00;-;-;5.00;1.00;1.00;23.00;61 %;11.00;55 %;12.00;67 %;5.00;60 %;6.00;83 %;5.00;80 %;6.00;67 %;5.00;5.00;1;1.00;-;-;74.00;61.00;82 %;-;-;-;-;-;-;-;-;1.32;0.87;0.45;0.01;0.01;36.00;-;-;3.00;-;-;1.00;-;14.00;6.00;8.00;3.00;5.00;4.00;4.00
Мамаду Майга;Пари Нижний Новгород;240;96;ЗП Ц;-;-;-;-;-;-;1.00;-;-;-;-;-;-;1.00;-;0.01;51.00;86 %;-;-;-;-;6.00;67 %;1.00;100 %;-;-;6.00;83 %;1.00;0 %;3.00;-;-;7.00;-;-;14.00;71 %;9.00;67 %;5.00;80 %;2.00;100 %;3.00;67 %;-;-;4.00;50 %;8.00;5.00;1;1.00;-;-;79.00;67.00;85 %;0 %;-;1.00;-;0.01;0.01;-;0.00;0.87;1.32;-0.45;0.05;0.05;44.00;-;-;4.00;1.00;-;5.00;-;10.00;6.00;4.00;2.00;2.00;-;2.00
Евгений Морозов;Локомотив Москва;225;96;З ПЦ;-;-;1.00;-;0 %;-;3.00;1.00;-;1.00;-;-;-;2.00;-;0.52;66.00;94 %;-;-;-;-;16.00;88 %;8.00;88 %;2.00;50 %;5.00;80 %;1.00;0 %;3.00;1.00;-;6.00;-;-;12.00;50 %;9.00;56 %;3.00;33 %;2.00;50 %;1.00;0 %;1.00;0 %;1.00;100 %;7.00;7.00;1;1.00;-;-;95.00;83.00;87 %;0 %;2.00;-;-;-;0.26;-;0.00;1.32;0.87;0.45;-;-;62.00;-;-;14.00;7.00;1.00;4.00;-;6.00;5.00;1.00;1.00;-;-;1.00
Максим Мухин;ЦСКА Москва;220;96;З ПЦ;-;-;-;-;-;-;2.00;1.00;-;-;-;-;-;1.00;-;0.03;54.00;87 %;-;-;1.00;0 %;10.00;90 %;4.00;75 %;-;-;9.00;89 %;1.00;0 %;3.00;1.00;1.00;6.00;1.00;3.00;21.00;62 %;15.00;53 %;6.00;83 %;4.00;50 %;5.00;80 %;-;-;3.00;67 %;7.00;4.00;1;1.00;-;-;91.00;74.00;81 %;0 %;1.00;-;-;0.05;0.03;-;0.00;1.14;0.64;0.50;-;-;47.00;-;-;9.00;3.00;-;8.00;-;13.00;8.00;5.00;2.00;4.00;-;2.00
Максим Ненахов;Локомотив Москва;226;96;З П;-;-;-;-;-;-;1.00;-;-;1.00;-;-;-;1.00;-;0.05;87.00;91 %;1.00;0 %;2.00;0 %;14.00;79 %;1.00;100 %;-;-;10.00;90 %;4.00;75 %;5.00;1.00;1.00;7.00;2.00;4.00;16.00;44 %;14.00;50 %;2.00;0 %;3.00;33 %;-;-;-;-;7.00;57 %;2.00;8.00;1;1.00;-;-;119.00;100.00;84 %;0 %;-;1.00;-;0.19;0.05;-;0.00;1.32;0.87;0.45;0.47;0.47;79.00;-;-;11.00;1.00;-;9.00;3.00;7.00;7.00;-;1.00;-;-;4.00
Александр Осипов;Балтика;180;96;ЗП Ц;-;-;-;-;-;-;1.00;-;-;2.00;-;-;-;-;-;-;54.00;76 %;-;-;-;-;13.00;54 %;3.00;100 %;-;-;7.00;57 %;1.00;0 %;9.00;4.00;-;7.00;4.00;-;17.00;53 %;11.00;27 %;6.00;100 %;9.00;78 %;-;-;-;-;1.00;0 %;6.00;13.00;1;1.00;-;-;90.00;69.00;77 %;-;-;-;-;-;-;-;-;0.64;1.14;-0.50;-;-;41.00;-;-;7.00;3.00;-;4.00;-;9.00;3.00;6.00;7.00;-;-;-
Иван Остоич;Балтика;202;96;З Ц;-;-;-;-;-;-;1.00;-;1.00;1.00;1.00;-;-;-;-;-;43.00;91 %;-;-;-;-;7.00;86 %;-;-;-;-;2.00;100 %;-;-;4.00;1.00;-;10.00;-;-;16.00;63 %;13.00;69 %;3.00;33 %;12.00;67 %;-;-;-;-;1.00;0 %;12.00;4.00;1;1.00;-;-;75.00;65.00;87 %;-;-;-;-;-;-;-;-;0.64;1.14;-0.50;-;-;39.00;-;-;6.00;-;-;2.00;-;10.00;9.00;1.00;8.00;-;-;-
Никола Радмановац;Балтика;251;96;З ПЦ;-;-;-;-;-;-;-;-;-;-;-;-;-;1.00;-;0.02;55.00;96 %;-;-;-;-;10.00;90 %;5.00;100 %;1.00;100 %;4.00;100 %;-;-;-;-;-;10.00;-;-;12.00;83 %;11.00;91 %;1.00;0 %;6.00;100 %;1.00;0 %;-;-;3.00;100 %;12.00;3.00;1;1.00;-;-;83.00;78.00;94 %;0 %;1.00;-;-;0.30;0.02;-;0.00;0.64;1.14;-0.50;-;-;53.00;-;-;9.00;5.00;1.00;4.00;-;10.00;10.00;-;6.00;-;-;3.00
Александр Сильянов;Локомотив Москва;245;96;ЗЛ;-;-;-;-;-;-;-;1.00;-;-;-;-;-;-;-;-;51.00;90 %;-;-;1.00;100 %;10.00;70 %;3.00;67 %;-;-;5.00;80 %;2.00;100 %;2.00;-;-;7.00;-;4.00;15.00;60 %;6.00;67 %;9.00;56 %;6.00;67 %;6.00;33 %;3.00;33 %;1.00;100 %;5.00;8.00;1;1.00;-;-;83.00;72.00;87 %;-;-;-;-;0.40;-;-;-;1.32;0.87;0.45;-;-;46.00;-;1.00;7.00;2.00;-;4.00;2.00;9.00;4.00;5.00;4.00;2.00;1.00;1.00
Келвен Дуглас Силва Оливейра;ЦСКА Москва;259;96;ЗП П;-;-;-;-;-;2.00;-;-;-;-;-;-;-;1.00;1.00;0.08;65.00;80 %;2.00;100 %;7.00;57 %;7.00;86 %;4.00;75 %;1.00;100 %;5.00;80 %;11.00;82 %;7.00;2.00;-;4.00;-;1.00;16.00;50 %;9.00;44 %;7.00;57 %;9.00;44 %;2.00;50 %;2.00;50 %;3.00;33 %;2.00;8.00;1;1.00;-;-;93.00;72.00;77 %;100 %;-;-;-;0.42;0.08;-;0.00;1.14;0.64;0.50;-;-;52.00;2.00;4.00;6.00;3.00;1.00;4.00;9.00;8.00;4.00;4.00;4.00;1.00;1.00;1.00
Саша Здьелар;ЦСКА Москва;212;96;ЗП ЛЦ;-;-;-;-;-;-;1.00;2.00;-;-;-;-;-;2.00;-;0.03;50.00;92 %;-;-;-;-;12.00;83 %;2.00;100 %;-;-;7.00;71 %;2.00;50 %;4.00;1.00;-;7.00;3.00;3.00;7.00;43 %;3.00;33 %;4.00;50 %;4.00;0 %;-;-;-;-;-;-;9.00;8.00;1;1.00;-;-;79.00;69.00;87 %;0 %;2.00;-;-;0.18;0.01;-;0.00;1.14;0.64;0.50;0.02;0.02;46.00;-;-;10.00;2.00;-;5.00;1.00;3.00;1.00;2.00;-;-;-;-
Ираклий Квеквескири;Факел Воронеж;216;92;ЗП ЛЦ;-;-;-;-;-;-;-;2.00;-;-;-;-;-;-;-;-;38.00;71 %;-;-;-;-;9.00;67 %;1.00;100 %;-;-;8.00;63 %;3.00;67 %;5.00;2.00;1.00;5.00;3.00;1.00;12.00;67 %;6.00;67 %;6.00;67 %;3.00;100 %;2.00;50 %;-;-;3.00;67 %;9.00;9.00;1;1.00;1.00;-;71.00;55.00;77 %;-;-;-;-;0.02;-;-;-;1.47;0.82;0.65;-;-;27.00;-;-;6.00;1.00;-;5.00;2.00;8.00;4.00;4.00;3.00;1.00;-;2.00
Иван Обляков;ЦСКА Москва;225;90;ЗП ПЦ;-;-;-;-;-;-;1.00;1.00;-;-;-;-;-;1.00;-;0.02;49.00;80 %;1.00;0 %;-;-;12.00;58 %;2.00;50 %;-;-;8.00;75 %;1.00;100 %;8.00;2.00;1.00;4.00;1.00;1.00;7.00;57 %;-;-;7.00;57 %;3.00;33 %;2.00;50 %;2.00;50 %;-;-;6.00;7.00;1;1.00;1.00;-;72.00;57.00;79 %;0 %;1.00;-;-;-;0.02;-;0.00;1.13;0.31;0.82;0.04;0.04;39.00;-;-;7.00;1.00;-;6.00;1.00;4.00;-;4.00;1.00;1.00;1.00;-
Брайан Эзекуэль Мансилья;Оренбург;251;89;П Л;1.00;1.00;2.00;1.00;50 %;1.00;1.00;1.00;-;1.00;1.00;-;1.00;2.00;1.00;0.05;26.00;65 %;-;-;3.00;67 %;3.00;33 %;1.00;100 %;-;-;1.00;0 %;3.00;67 %;12.00;4.00;2.00;2.00;-;3.00;23.00;43 %;7.00;57 %;16.00;38 %;5.00;20 %;7.00;43 %;1.00;0 %;4.00;75 %;2.00;6.00;1;1.00;1.00;-;64.00;39.00;61 %;50 %;1.00;-;-;0.28;0.03;0.05;20.00;1.9;2.74;-1.65;-;-;17.00;-;2.00;1.00;1.00;-;-;2.00;10.00;4.00;6.00;1.00;3.00;-;3.00
Амар Рахманович;Крылья Советов;225;89;Ф ЛЦ;-;1.00;-;-;-;1.00;2.00;2.00;-;-;1.00;-;-;-;-;-;11.00;82 %;1.00;0 %;-;-;8.00;75 %;-;-;-;-;4.00;50 %;1.00;100 %;8.00;1.00;2.00;1.00;-;-;19.00;26 %;6.00;17 %;13.00;31 %;9.00;22 %;-;-;-;-;3.00;33 %;2.00;1.00;1;1.00;1.00;-;35.00;17.00;49 %;-;-;-;-;0.07;-;-;-;1.13;0.86;0.27;0.46;0.46;9.00;-;-;6.00;-;-;2.00;1.00;5.00;1.00;4.00;2.00;-;-;1.00
Максим Глушенков;Локомотив Москва;243;87;АП Ц;-;-;-;-;-;3.00;1.00;-;-;-;1.00;-;-;-;-;-;58.00;67 %;4.00;75 %;2.00;100 %;12.00;75 %;4.00;75 %;-;-;7.00;57 %;10.00;40 %;18.00;1.00;1.00;2.00;2.00;6.00;17.00;41 %;3.00;0 %;14.00;50 %;2.00;50 %;8.00;75 %;6.00;83 %;-;-;-;5.00;1;1.00;1.00;-;87.00;57.00;66 %;-;-;-;-;0.21;-;-;-;1.28;0.87;0.41;-;-;39.00;3.00;2.00;9.00;3.00;-;4.00;4.00;7.00;-;7.00;1.00;6.00;5.00;-
Александр Мартынович;Рубин Казань;204;87;З ПЦ;-;-;-;-;-;-;-;2.00;1.00;1.00;-;-;-;-;-;-;56.00;89 %;-;-;1.00;0 %;12.00;75 %;2.00;100 %;-;-;5.00;100 %;1.00;0 %;2.00;-;-;6.00;1.00;2.00;10.00;80 %;7.00;71 %;3.00;100 %;4.00;100 %;-;-;-;-;1.00;0 %;3.00;8.00;1;1.00;1.00;-;79.00;71.00;90 %;-;-;-;-;0.24;-;-;-;0.63;1.39;-0.76;-;-;50.00;-;-;9.00;2.00;-;5.00;-;8.00;5.00;3.00;4.00;-;-;-
Вячеслав Литвинов;Сочи;186;86;З ПЦ;-;-;-;-;-;-;2.00;1.00;-;1.00;1.00;-;-;-;-;-;30.00;73 %;-;-;-;-;4.00;25 %;3.00;67 %;1.00;0 %;3.00;33 %;-;-;5.00;1.00;-;4.00;-;1.00;13.00;62 %;11.00;64 %;2.00;50 %;10.00;60 %;-;-;-;-;-;-;6.00;7.00;1;1.00;1.00;-;58.00;45.00;78 %;-;-;-;-;0.25;-;-;-;0.82;1.47;-0.65;0.10;0.05;22.00;-;-;1.00;2.00;-;1.00;-;8.00;7.00;1.00;6.00;-;-;-
Кирилл Набабкин;ЦСКА Москва;251;84;З ЛЦ;-;-;1.00;-;0 %;-;-;-;-;-;-;-;-;2.00;-;0.47;50.00;86 %;-;-;1.00;100 %;5.00;80 %;2.00;100 %;-;-;2.00;50 %;1.00;100 %;5.00;3.00;-;9.00;2.00;3.00;15.00;73 %;15.00;73 %;-;-;8.00;75 %;-;-;-;-;3.00;67 %;5.00;1.00;1;-;-;1.00;76.00;63.00;83 %;0 %;2.00;-;-;0.08;0.23;-;0.00;1.12;0.58;0.54;0.09;0.09;43.00;-;1.00;4.00;2.00;-;1.00;1.00;11.00;11.00;-;6.00;-;-;2.00
Иван Олейников;ФК Ахмат;198;84;АП Ц;-;-;-;-;-;-;3.00;1.00;-;1.00;-;-;-;-;-;-;24.00;71 %;1.00;0 %;-;-;9.00;67 %;-;-;-;-;7.00;71 %;1.00;0 %;7.00;3.00;1.00;3.00;1.00;2.00;15.00;33 %;7.00;57 %;8.00;13 %;2.00;50 %;2.00;0 %;1.00;0 %;4.00;50 %;6.00;6.00;1;1.00;1.00;-;54.00;36.00;67 %;-;-;-;-;-;-;-;-;0.74;1.42;-0.68;-;-;17.00;-;-;6.00;-;-;5.00;-;5.00;4.00;1.00;1.00;-;-;2.00
Хорен Байрамян;Ростов;205;83;АП П;-;-;1.00;-;0 %;2.00;1.00;1.00;1.00;1.00;1.00;-;1.00;1.00;-;0.14;15.00;80 %;1.00;100 %;2.00;50 %;4.00;75 %;-;-;-;-;1.00;100 %;2.00;50 %;6.00;2.00;-;-;-;1.00;19.00;26 %;7.00;14 %;12.00;33 %;4.00;25 %;2.00;50 %;2.00;50 %;4.00;25 %;-;-;1;1.00;1.00;-;36.00;18.00;50 %;0 %;1.00;-;-;0.16;0.14;-;0.00;1.65;2.10;-0.45;-;-;12.00;1.00;1.00;3.00;-;-;1.00;1.00;5.00;1.00;4.00;1.00;1.00;1.00;1.00
Эрик Космин Бикфалви;Урал Екатеринбург;233;83;Ф ПЦ;-;1.00;1.00;-;0 %;2.00;-;1.00;-;-;-;-;-;1.00;1.00;0.30;19.00;74 %;3.00;67 %;-;-;5.00;40 %;1.00;0 %;-;-;2.00;50 %;1.00;100 %;12.00;1.00;-;1.00;-;2.00;29.00;31 %;7.00;14 %;22.00;36 %;15.00;33 %;1.00;0 %;1.00;0 %;3.00;33 %;1.00;2.00;1;1.00;1.00;-;54.00;29.00;54 %;100 %;-;-;-;0.92;0.30;-;0.00;2.10;1.65;0.45;-;-;14.00;2.00;-;2.00;-;-;1.00;1.00;9.00;1.00;8.00;5.00;-;-;1.00
Бенхамин Антонио Гарре;Крылья Советов;261;83;Ф ПЦ;1.00;-;1.00;1.00;100 %;-;-;2.00;-;-;1.00;-;-;2.00;2.00;0.22;28.00;68 %;-;-;2.00;0 %;2.00;50 %;1.00;0 %;1.00;0 %;3.00;33 %;4.00;50 %;9.00;5.00;-;1.00;-;4.00;20.00;25 %;7.00;29 %;13.00;23 %;-;-;5.00;40 %;3.00;67 %;5.00;20 %;1.00;4.00;1;1.00;1.00;-;59.00;35.00;59 %;100 %;-;-;-;-;0.11;0.22;4.55;1.13;0.86;0.27;-;-;19.00;-;-;1.00;-;-;1.00;2.00;5.00;2.00;3.00;-;2.00;2.00;1.00
Максим Витюгов;Крылья Советов;219;83;ЗП ЛЦ;-;-;-;-;-;-;2.00;2.00;-;-;-;-;-;-;-;-;18.00;72 %;-;-;-;-;2.00;100 %;-;-;-;-;-;-;1.00;100 %;1.00;-;-;1.00;-;-;12.00;50 %;10.00;50 %;2.00;50 %;2.00;50 %;-;-;-;-;5.00;60 %;6.00;7.00;1;1.00;1.00;-;43.00;32.00;74 %;-;-;-;-;-;-;-;-;1.13;0.86;0.27;-;-;13.00;-;-;2.00;-;-;-;1.00;6.00;5.00;1.00;1.00;-;-;3.00
Дмитрий Воробьёв;Оренбург;254;83;Ф Ц;1.00;1.00;1.00;1.00;100 %;1.00;3.00;-;-;-;-;-;-;1.00;1.00;0.16;12.00;75 %;1.00;100 %;-;-;4.00;50 %;-;-;-;-;1.00;100 %;1.00;0 %;9.00;1.00;2.00;-;-;2.00;18.00;33 %;5.00;40 %;13.00;31 %;4.00;25 %;3.00;33 %;2.00;0 %;2.00;50 %;2.00;3.00;1;1.00;1.00;-;41.00;24.00;59 %;100 %;-;-;-;0.53;0.16;0.16;6.25;1.9;2.66;-1.57;0.07;0.07;9.00;1.00;-;2.00;-;-;1.00;-;6.00;2.00;4.00;1.00;1.00;-;1.00
Виктор Алехандро Давила Савала;ЦСКА Москва;258;82;АП ПЦ;1.00;-;1.00;1.00;100 %;-;2.00;3.00;-;-;-;-;-;1.00;1.00;0.16;33.00;73 %;1.00;0 %;4.00;25 %;5.00;40 %;2.00;50 %;-;-;1.00;0 %;5.00;40 %;10.00;-;2.00;3.00;2.00;2.00;23.00;43 %;3.00;67 %;20.00;40 %;10.00;10 %;3.00;67 %;2.00;50 %;1.00;100 %;5.00;1.00;1;1.00;1.00;-;67.00;43.00;64 %;100 %;-;-;-;0.34;0.16;0.16;6.25;1.00;0.31;0.69;-;-;24.00;-;1.00;2.00;1.00;-;-;2.00;10.00;2.00;8.00;1.00;2.00;1.00;1.00
Тео Бонгонда;Спартак Москва;215;81;АП П;-;-;-;-;-;-;2.00;2.00;1.00;1.00;-;-;-;1.00;-;0.02;42.00;93 %;-;-;1.00;100 %;4.00;100 %;-;-;-;-;3.00;100 %;2.00;50 %;7.00;-;1.00;2.00;-;9.00;15.00;53 %;1.00;100 %;14.00;50 %;2.00;0 %;7.00;86 %;4.00;100 %;1.00;100 %;1.00;2.00;1;1.00;1.00;-;71.00;59.00;83 %;0 %;1.00;-;-;-;0.02;-;0.00;0.86;1.13;-0.27;0.02;0.02;39.00;-;1.00;4.00;-;-;3.00;1.00;8.00;1.00;7.00;-;6.00;4.00;1.00
Артём Дзюба;Локомотив Москва;193;81;Ф Ц;-;-;2.00;-;0 %;-;1.00;2.00;-;-;-;-;2.00;2.00;-;0.25;26.00;54 %;2.00;0 %;-;-;6.00;50 %;-;-;-;-;2.00;100 %;3.00;33 %;16.00;1.00;-;1.00;-;1.00;25.00;44 %;1.00;100 %;24.00;42 %;14.00;43 %;-;-;-;-;1.00;100 %;-;1.00;1;1.00;1.00;-;55.00;27.00;49 %;0 %;1.00;1.00;-;0.15;0.12;-;0.00;1.3;0.87;0.16;-;-;14.00;-;-;3.00;-;-;2.00;1.00;11.00;1.00;10.00;6.00;-;-;1.00
Даниил Хлусевич;Спартак Москва;218;81;ЗЛ;-;-;-;-;-;-;1.00;-;-;1.00;-;-;-;1.00;-;0.05;50.00;78 %;-;-;4.00;0 %;9.00;56 %;-;-;-;-;4.00;75 %;7.00;43 %;8.00;1.00;-;7.00;3.00;-;13.00;46 %;10.00;40 %;3.00;67 %;3.00;67 %;2.00;100 %;1.00;100 %;2.00;50 %;6.00;7.00;1;1.00;1.00;-;77.00;58.00;75 %;0 %;1.00;-;-;0.09;0.05;-;0.00;0.86;1.13;-0.27;0.04;0.04;39.00;-;-;5.00;-;-;3.00;3.00;6.00;4.00;2.00;2.00;2.00;1.00;1.00
Клаудиньо;Зенит;258;81;АП ЛЦ;-;-;1.00;-;0 %;1.00;1.00;4.00;-;-;-;-;-;4.00;1.00;0.17;73.00;89 %;3.00;67 %;3.00;33 %;15.00;87 %;1.00;100 %;-;-;8.00;75 %;11.00;64 %;7.00;1.00;2.00;2.00;1.00;5.00;15.00;47 %;7.00;29 %;8.00;63 %;2.00;50 %;6.00;50 %;3.00;33 %;2.00;0 %;-;7.00;1;1.00;1.00;-;106.00;85.00;80 %;25 %;2.00;1.00;-;0.75;0.04;-;0.00;2.48;0.97;1.51;-;-;65.00;2.00;1.00;13.00;1.00;-;6.00;7.00;7.00;2.00;5.00;1.00;3.00;1.00;-
Илья Самошников;Локомотив Москва;226;81;АП П;-;-;2.00;-;0 %;-;-;1.00;-;-;-;-;-;2.00;-;0.21;33.00;82 %;1.00;0 %;1.00;0 %;7.00;71 %;-;-;-;-;3.00;67 %;4.00;50 %;4.00;1.00;-;2.00;1.00;2.00;10.00;80 %;7.00;71 %;3.00;100 %;4.00;100 %;-;-;-;-;3.00;100 %;3.00;2.00;1;1.00;1.00;-;52.00;42.00;81 %;0 %;2.00;-;-;0.10;0.10;-;0.00;1.3;0.87;0.16;-;-;27.00;-;-;5.00;-;-;2.00;2.00;8.00;5.00;3.00;4.00;-;-;3.00
Андрей Егорычев;Урал Екатеринбург;246;80;АП Ц;1.00;1.00;1.00;1.00;100 %;1.00;3.00;1.00;-;-;-;1.00;-;2.00;1.00;0.55;21.00;81 %;1.00;100 %;1.00;0 %;3.00;33 %;-;-;-;-;3.00;67 %;-;-;3.00;-;1.00;4.00;2.00;-;20.00;50 %;8.00;38 %;12.00;58 %;8.00;50 %;2.00;50 %;-;-;5.00;40 %;3.00;4.00;1;1.00;-;-;51.00;35.00;69 %;50 %;-;1.00;-;0.32;0.28;0.55;1.82;2.10;1.45;0.65;-;-;17.00;1.00;-;1.00;-;-;2.00;-;10.00;3.00;7.00;4.00;1.00;-;2.00
Кади Иури Борхес Малиновский;ФК Краснодар;208;80;АП П;-;-;-;-;-;-;1.00;2.00;-;-;-;-;-;1.00;-;0.01;14.00;64 %;-;-;-;-;4.00;50 %;2.00;50 %;1.00;0 %;2.00;0 %;1.00;0 %;5.00;1.00;2.00;1.00;1.00;-;9.00;33 %;5.00;40 %;4.00;25 %;2.00;0 %;1.00;100 %;-;-;3.00;33 %;4.00;-;1;1.00;1.00;-;30.00;16.00;53 %;0 %;-;1.00;-;-;0.01;-;0.00;1.31;0.63;0.68;-;-;9.00;-;-;2.00;1.00;-;-;-;3.00;2.00;1.00;-;1.00;-;1.00
Владислав Карапузов;Пари Нижний Новгород;190;80;ЗП П;-;-;-;-;-;-;-;-;-;1.00;-;-;-;-;-;-;38.00;82 %;-;-;-;-;2.00;100 %;-;-;-;-;1.00;0 %;1.00;100 %;5.00;2.00;-;4.00;1.00;4.00;14.00;29 %;10.00;40 %;4.00;0 %;3.00;0 %;-;-;-;-;4.00;50 %;2.00;4.00;1;1.00;1.00;-;62.00;45.00;73 %;-;-;-;-;0.51;-;-;-;0.83;1.3;-0.20;-;-;31.00;-;-;2.00;-;-;-;1.00;4.00;4.00;-;-;-;-;2.00
Никита Кривцов;ФК Краснодар;200;80;П ПЦ;-;-;1.00;-;0 %;1.00;1.00;1.00;-;-;-;-;-;2.00;-;0.12;28.00;64 %;2.00;0 %;-;-;8.00;50 %;3.00;67 %;-;-;4.00;75 %;2.00;0 %;11.00;2.00;2.00;2.00;-;-;14.00;21 %;7.00;29 %;7.00;14 %;5.00;20 %;1.00;0 %;-;-;5.00;40 %;1.00;3.00;1;1.00;1.00;-;50.00;25.00;50 %;0 %;1.00;-;1.00;0.01;0.06;-;0.00;1.31;0.63;0.68;0.02;0.02;18.00;-;-;4.00;2.00;-;3.00;-;3.00;2.00;1.00;1.00;-;-;2.00
Матео Марьянов Стаматов;Пари Нижний Новгород;217;79;ЗП Л;-;-;1.00;-;0 %;1.00;-;1.00;-;-;-;-;-;1.00;-;0.05;22.00;77 %;-;-;1.00;0 %;1.00;0 %;-;-;-;-;2.00;50 %;1.00;0 %;8.00;2.00;2.00;2.00;-;-;11.00;45 %;3.00;33 %;8.00;50 %;2.00;0 %;4.00;50 %;1.00;0 %;3.00;33 %;3.00;5.00;1;1.00;1.00;-;44.00;30.00;68 %;0 %;1.00;-;-;-;0.05;-;0.00;0.83;1.3;-0.20;-;-;17.00;-;-;-;-;-;1.00;-;5.00;1.00;4.00;-;2.00;-;1.00
Хызыр Аппаев;Факел Воронеж;202;78;Ф ЛЦ;-;-;1.00;-;0 %;1.00;-;1.00;-;-;-;-;1.00;2.00;1.00;0.35;20.00;65 %;-;-;2.00;0 %;-;-;1.00;0 %;-;-;-;-;-;-;9.00;-;-;1.00;1.00;3.00;18.00;17 %;2.00;0 %;16.00;19 %;10.00;20 %;1.00;0 %;1.00;0 %;-;-;2.00;-;1;1.00;1.00;-;45.00;22.00;49 %;50 %;1.00;-;-;0.19;0.17;-;0.00;1.44;0.57;0.87;-;-;13.00;-;-;-;-;-;-;-;3.00;-;3.00;2.00;-;-;-
Юрий Горшков;Крылья Советов;292;78;ЗЛ;2.00;-;2.00;2.00;100 %;1.00;-;1.00;-;-;-;-;-;3.00;2.00;0.27;15.00;93 %;-;-;1.00;100 %;2.00;50 %;1.00;100 %;1.00;100 %;2.00;50 %;1.00;100 %;1.00;-;-;3.00;1.00;-;12.00;75 %;8.00;63 %;4.00;100 %;4.00;50 %;1.00;100 %;-;-;1.00;100 %;4.00;2.00;1;1.00;1.00;-;37.00;32.00;86 %;67 %;-;1.00;-;0.23;0.09;0.14;7.41;0.93;0.86;0.07;0.05;0.05;14.00;-;1.00;1.00;1.00;1.00;1.00;1.00;9.00;5.00;4.00;2.00;1.00;-;1.00
Евгений Марков;Факел Воронеж;250;78;Ф ПЦ;1.00;-;3.00;1.00;33 %;-;2.00;4.00;-;-;-;-;-;2.00;1.00;0.98;27.00;78 %;-;-;-;-;4.00;75 %;1.00;100 %;-;-;2.00;100 %;1.00;100 %;3.00;1.00;-;4.00;-;2.00;21.00;57 %;4.00;75 %;17.00;53 %;10.00;50 %;3.00;67 %;-;-;1.00;100 %;2.00;1.00;1;1.00;1.00;-;55.00;39.00;71 %;50 %;1.00;-;-;0.18;0.49;0.98;1.2;1.44;0.57;0.87;-;-;21.00;-;-;3.00;1.00;-;2.00;1.00;12.00;3.00;9.00;5.00;2.00;-;1.00
Никита Салтыков;Крылья Советов;220;78;П Л;-;1.00;-;-;-;1.00;1.00;2.00;-;-;-;-;-;-;-;-;11.00;73 %;1.00;100 %;-;-;-;-;-;-;-;-;-;-;2.00;50 %;7.00;1.00;-;1.00;1.00;3.00;18.00;22 %;7.00;0 %;11.00;36 %;1.00;0 %;2.00;0 %;1.00;0 %;3.00;0 %;-;3.00;1;1.00;1.00;-;35.00;18.00;51 %;-;-;-;-;0.41;-;-;-;0.93;0.86;0.07;-;-;8.00;1.00;-;-;-;-;-;1.00;4.00;-;4.00;-;-;-;-
Владимир Ильин;ФК Ахмат;179;77;Ф Ц;-;-;-;-;-;-;1.00;1.00;1.00;1.00;-;-;-;1.00;1.00;0.06;12.00;75 %;-;-;-;-;1.00;100 %;-;-;-;-;-;-;-;-;6.00;2.00;2.00;2.00;1.00;-;15.00;40 %;5.00;40 %;10.00;40 %;7.00;14 %;-;-;-;-;3.00;67 %;-;2.00;1;1.00;1.00;-;32.00;18.00;56 %;100 %;-;-;-;-;0.06;-;0.00;0.74;1.23;-0.49;0.12;0.12;9.00;-;-;1.00;-;-;-;-;6.00;2.00;4.00;1.00;-;-;2.00
Даниел Мишкич;Урал Екатеринбург;196;77;ЗП ЛЦ;-;-;-;-;-;-;-;-;-;-;-;-;-;-;-;-;37.00;89 %;-;-;-;-;4.00;50 %;2.00;100 %;-;-;5.00;60 %;6.00;100 %;3.00;1.00;-;1.00;-;-;10.00;40 %;8.00;25 %;2.00;100 %;3.00;33 %;1.00;100 %;-;-;2.00;0 %;2.00;2.00;1;1.00;1.00;-;51.00;41.00;80 %;-;-;-;-;0.64;-;-;-;1.80;1.40;0.40;-;-;33.00;-;-;2.00;2.00;-;3.00;6.00;4.00;2.00;2.00;1.00;1.00;-;-
Гилерме Счеттине;Урал Екатеринбург;236;77;Ф ЛЦ;1.00;-;2.00;1.00;50 %;-;2.00;1.00;-;-;-;-;2.00;4.00;1.00;0.74;10.00;70 %;-;-;2.00;50 %;1.00;0 %;-;-;-;-;1.00;0 %;2.00;50 %;12.00;2.00;-;-;-;1.00;23.00;39 %;2.00;0 %;21.00;43 %;8.00;25 %;6.00;67 %;2.00;100 %;1.00;0 %;1.00;4.00;1;1.00;1.00;-;43.00;23.00;53 %;25 %;1.00;2.00;-;0.07;0.18;0.74;1.35;1.80;1.40;0.40;-;-;7.00;-;1.00;-;-;-;-;1.00;9.00;-;9.00;2.00;4.00;2.00;-
Роберто Карлос Фернандес Торо;Балтика;219;76;ЗП Л;-;-;-;-;-;-;-;2.00;-;-;-;-;-;-;-;-;44.00;80 %;-;-;-;-;11.00;45 %;2.00;50 %;-;-;4.00;50 %;1.00;100 %;5.00;1.00;-;3.00;1.00;3.00;15.00;53 %;9.00;44 %;6.00;67 %;5.00;40 %;4.00;75 %;2.00;100 %;4.00;50 %;6.00;7.00;1;1.00;1.00;-;75.00;59.00;79 %;-;-;-;-;-;-;-;-;0.31;0.98;-0.67;-;-;35.00;-;-;5.00;1.00;-;2.00;1.00;8.00;4.00;4.00;2.00;3.00;2.00;2.00
Гедеон Гузина;Балтика;174;76;Ф ЛЦ;-;-;-;-;-;-;3.00;2.00;-;-;-;-;2.00;-;-;-;11.00;55 %;-;-;-;-;2.00;50 %;-;-;-;-;1.00;0 %;1.00;100 %;14.00;3.00;4.00;1.00;-;1.00;24.00;29 %;3.00;0 %;21.00;33 %;13.00;38 %;1.00;100 %;1.00;100 %;2.00;0 %;1.00;3.00;1;1.00;1.00;-;44.00;18.00;41 %;-;-;-;-;0.04;-;-;-;0.31;0.98;-0.67;-;-;6.00;-;-;1.00;-;-;-;1.00;7.00;-;7.00;5.00;1.00;1.00;-
Константин Тюкавин;Динамо Москва;188;76;Ф Ц;-;-;1.00;-;0 %;1.00;3.00;1.00;-;-;-;-;-;1.00;1.00;0.15;11.00;73 %;-;-;-;-;2.00;100 %;-;-;-;-;2.00;100 %;-;-;9.00;1.00;-;2.00;2.00;-;16.00;31 %;4.00;50 %;12.00;25 %;2.00;50 %;1.00;100 %;1.00;100 %;-;-;1.00;2.00;1;1.00;1.00;-;31.00;17.00;55 %;100 %;-;-;-;-;0.15;-;0.00;1.23;0.74;0.49;-;-;8.00;-;-;2.00;-;-;2.00;-;5.00;2.00;3.00;1.00;1.00;1.00;-
Кирилл Заика;Сочи;243;75;ЗП П;-;-;-;-;-;2.00;2.00;2.00;-;-;-;-;-;-;-;-;25.00;88 %;2.00;100 %;1.00;0 %;4.00;75 %;-;-;-;-;2.00;50 %;2.00;100 %;2.00;-;-;1.00;-;1.00;14.00;50 %;3.00;67 %;11.00;45 %;5.00;20 %;2.00;100 %;1.00;100 %;-;-;2.00;2.00;1;1.00;1.00;-;44.00;34.00;77 %;-;-;-;-;-;-;-;-;0.57;1.37;-0.80;-;-;22.00;2.00;-;3.00;-;-;1.00;2.00;7.00;2.00;5.00;1.00;2.00;1.00;-
Валентин Вада;Рубин Казань;208;72;АП ПЦ;-;-;1.00;-;0 %;-;2.00;-;-;-;-;-;-;2.00;1.00;0.22;21.00;86 %;-;-;1.00;100 %;5.00;80 %;-;-;-;-;3.00;67 %;1.00;100 %;4.00;-;-;1.00;1.00;-;11.00;45 %;4.00;50 %;7.00;43 %;2.00;50 %;4.00;25 %;4.00;25 %;3.00;67 %;-;2.00;1;1.00;1.00;-;36.00;26.00;72 %;50 %;-;-;1.00;0.14;0.11;-;0.00;0.59;1.31;-0.72;-;-;18.00;-;1.00;4.00;-;-;2.00;1.00;5.00;2.00;3.00;1.00;1.00;1.00;2.00
Ильнур Альшин;Факел Воронеж;230;71;П П;-;-;1.00;-;0 %;1.00;2.00;2.00;-;1.00;-;-;-;3.00;-;0.21;28.00;64 %;1.00;0 %;2.00;50 %;3.00;33 %;2.00;50 %;-;-;2.00;0 %;13.00;46 %;7.00;1.00;-;3.00;2.00;3.00;10.00;50 %;5.00;60 %;5.00;40 %;2.00;50 %;1.00;100 %;-;-;4.00;50 %;1.00;10.00;1;1.00;1.00;-;56.00;38.00;68 %;0 %;2.00;-;1.00;0.30;0.07;-;0.00;1.37;0.57;0.80;-;-;18.00;-;1.00;1.00;1.00;-;-;6.00;5.00;3.00;2.00;1.00;1.00;-;2.00
Юрий Ковалёв;Оренбург;226;68;П П;-;1.00;-;-;-;1.00;1.00;4.00;-;-;-;-;-;-;-;-;8.00;75 %;-;-;1.00;100 %;1.00;0 %;-;-;-;-;-;-;1.00;100 %;3.00;2.00;-;-;-;2.00;14.00;50 %;5.00;40 %;9.00;56 %;-;-;3.00;67 %;1.00;100 %;4.00;25 %;-;1.00;1;1.00;1.00;-;25.00;16.00;64 %;-;-;-;-;0.26;-;-;-;0.97;1.70;-0.73;0.02;0.02;6.00;-;1.00;-;-;-;-;1.00;7.00;2.00;5.00;-;2.00;1.00;1.00
Эдгар Севикян;Пари Нижний Новгород;215;68;Ф ПЦ;-;-;-;-;-;1.00;-;-;-;-;-;-;-;2.00;2.00;0.04;17.00;82 %;1.00;100 %;1.00;0 %;-;-;-;-;-;-;-;-;1.00;0 %;5.00;-;1.00;-;-;2.00;15.00;20 %;5.00;0 %;10.00;30 %;2.00;0 %;3.00;33 %;2.00;0 %;4.00;0 %;1.00;2.00;1;1.00;1.00;-;40.00;24.00;60 %;100 %;-;-;-;0.03;0.02;-;0.00;0.83;0.87;-0.04;0.10;0.10;14.00;1.00;-;-;-;-;-;-;3.00;-;3.00;-;1.00;-;-
Александр Трошечкин;Пари Нижний Новгород;181;68;П ЛЦ;-;-;2.00;-;0 %;-;1.00;1.00;-;-;1.00;-;-;1.00;-;0.47;20.00;65 %;1.00;0 %;-;-;4.00;50 %;-;-;-;-;-;-;1.00;0 %;10.00;3.00;1.00;3.00;1.00;-;12.00;33 %;4.00;25 %;8.00;38 %;2.00;0 %;1.00;0 %;-;-;2.00;50 %;3.00;5.00;1;1.00;1.00;-;42.00;25.00;60 %;0 %;1.00;-;-;0.05;0.47;-;0.00;0.83;0.87;-0.04;-;-;13.00;-;-;2.00;-;-;-;-;4.00;1.00;3.00;-;-;-;1.00
Хорхе Карраскаль;Динамо Москва;217;65;АП Л;-;-;-;-;-;-;-;2.00;-;-;-;-;-;2.00;1.00;0.23;28.00;82 %;-;-;1.00;0 %;4.00;75 %;-;-;-;-;6.00;67 %;2.00;0 %;9.00;2.00;2.00;2.00;1.00;1.00;23.00;30 %;6.00;50 %;17.00;24 %;5.00;40 %;6.00;50 %;3.00;33 %;2.00;0 %;1.00;7.00;1;1.00;1.00;-;63.00;39.00;62 %;50 %;-;1.00;-;-;0.12;-;0.00;1.2;0.38;0.64;-;-;23.00;-;-;3.00;-;-;4.00;-;7.00;3.00;4.00;2.00;3.00;1.00;-
Мартин Крамарич;Сочи;182;65;АП ПЦ;-;-;-;-;-;-;-;1.00;-;-;-;-;-;-;-;-;7.00;71 %;-;-;-;-;3.00;67 %;1.00;100 %;-;-;2.00;50 %;3.00;67 %;7.00;3.00;1.00;3.00;1.00;2.00;13.00;15 %;5.00;40 %;8.00;0 %;2.00;0 %;2.00;0 %;1.00;0 %;1.00;0 %;1.00;3.00;1;1.00;1.00;-;27.00;13.00;48 %;-;-;-;-;-;-;-;-;0.57;1.37;-0.80;0.02;0.02;5.00;-;-;2.00;1.00;-;1.00;2.00;2.00;2.00;-;-;-;-;-
Георгий Мелкадзе;Сочи;164;65;Ф Ц;-;-;1.00;-;0 %;-;-;1.00;-;-;-;-;-;-;-;-;13.00;77 %;-;-;-;-;2.00;100 %;-;-;-;-;1.00;100 %;-;-;7.00;1.00;-;1.00;-;-;14.00;21 %;4.00;25 %;10.00;20 %;8.00;13 %;1.00;100 %;-;-;-;-;1.00;5.00;1;1.00;1.00;-;33.00;19.00;58 %;-;-;-;-;0.24;-;-;-;0.57;1.37;-0.80;-;-;10.00;-;-;2.00;-;-;1.00;-;3.00;1.00;2.00;1.00;1.00;-;-
Максим Осипенко;Ростов;253;65;З ЛЦ;1.00;-;1.00;1.00;100 %;-;-;-;-;-;-;-;-;1.00;1.00;0.75;52.00;83 %;-;-;-;-;18.00;61 %;3.00;33 %;1.00;0 %;8.00;25 %;1.00;0 %;5.00;2.00;-;10.00;-;5.00;20.00;75 %;16.00;69 %;4.00;100 %;13.00;85 %;1.00;100 %;-;-;3.00;33 %;5.00;8.00;1;1.00;1.00;-;92.00;78.00;85 %;100 %;-;-;-;-;0.75;0.75;1.33;0.53;1.39;-0.86;-;-;43.00;-;-;11.00;1.00;-;2.00;-;15.00;11.00;4.00;11.00;1.00;-;1.00
Антон Швец;ФК Ахмат;219;65;ЗП ЛЦ;-;-;-;-;-;-;1.00;-;-;-;1.00;-;-;-;-;-;30.00;90 %;-;-;-;-;6.00;50 %;3.00;67 %;1.00;0 %;6.00;50 %;-;-;5.00;2.00;-;4.00;1.00;-;10.00;50 %;7.00;57 %;3.00;33 %;4.00;100 %;-;-;-;-;2.00;0 %;3.00;3.00;1;1.00;1.00;-;46.00;38.00;83 %;-;-;-;-;-;-;-;-;0.38;1.2;-0.64;-;-;27.00;-;-;3.00;2.00;-;3.00;-;5.00;4.00;1.00;4.00;-;-;-
Светослав Ковачев;ФК Ахмат;245;65;АП П;1.00;-;1.00;1.00;100 %;-;2.00;-;-;-;-;-;-;4.00;1.00;0.30;11.00;27 %;-;-;2.00;0 %;3.00;0 %;-;-;-;-;1.00;100 %;2.00;0 %;7.00;1.00;-;1.00;-;2.00;25.00;44 %;16.00;44 %;9.00;44 %;2.00;0 %;4.00;25 %;4.00;25 %;11.00;55 %;1.00;2.00;1;1.00;1.00;-;46.00;21.00;46 %;25 %;1.00;2.00;-;-;0.07;0.30;3.33;0.38;1.2;-0.64;-;-;3.00;-;-;-;-;-;1.00;-;11.00;7.00;4.00;-;1.00;1.00;6.00
Артур Галоян;Балтика;219;64;П ЛЦ;-;-;-;-;-;-;1.00;-;-;-;-;-;-;2.00;-;0.07;27.00;93 %;-;-;2.00;100 %;6.00;67 %;1.00;100 %;-;-;3.00;67 %;2.00;100 %;2.00;1.00;-;1.00;1.00;2.00;17.00;41 %;8.00;13 %;9.00;67 %;1.00;100 %;3.00;67 %;2.00;100 %;4.00;0 %;2.00;3.00;1;1.00;1.00;-;53.00;39.00;74 %;0 %;1.00;1.00;-;-;0.04;-;0.00;0.31;0.83;-0.52;-;-;25.00;-;2.00;4.00;1.00;-;2.00;2.00;7.00;1.00;6.00;1.00;2.00;2.00;-
Гильермо Томас Сото Арредондо;Балтика;198;64;ЗП П;-;-;-;-;-;-;1.00;-;-;-;-;-;-;-;-;-;30.00;80 %;-;-;3.00;33 %;4.00;50 %;1.00;0 %;1.00;0 %;2.00;0 %;3.00;33 %;4.00;1.00;-;3.00;2.00;-;7.00;29 %;4.00;50 %;3.00;0 %;2.00;0 %;1.00;0 %;-;-;2.00;50 %;4.00;-;1;1.00;1.00;-;41.00;30.00;73 %;-;-;-;-;0.08;-;-;-;0.31;0.83;-0.52;-;-;24.00;-;1.00;2.00;-;-;-;1.00;2.00;2.00;-;-;-;-;1.00
Кики;Урал Екатеринбург;218;63;ЗП Л;-;-;-;-;-;1.00;1.00;-;1.00;2.00;-;-;-;-;-;-;24.00;83 %;1.00;100 %;2.00;50 %;6.00;83 %;3.00;67 %;-;-;-;-;1.00;100 %;5.00;-;-;3.00;1.00;-;11.00;64 %;7.00;57 %;4.00;75 %;6.00;50 %;1.00;100 %;-;-;3.00;67 %;2.00;1.00;1;1.00;1.00;-;38.00;30.00;79 %;-;-;-;-;0.13;-;-;-;1.39;0.53;0.86;0.02;0.02;20.00;1.00;1.00;5.00;2.00;-;-;1.00;7.00;4.00;3.00;3.00;1.00;-;2.00
Даниил Денисов;Спартак Москва;195;62;З П;-;-;-;-;-;-;2.00;-;1.00;1.00;-;-;-;-;-;-;38.00;84 %;-;-;1.00;0 %;5.00;60 %;1.00;100 %;-;-;3.00;33 %;2.00;100 %;5.00;1.00;1.00;1.00;-;2.00;12.00;58 %;7.00;43 %;5.00;80 %;1.00;100 %;-;-;-;-;2.00;100 %;2.00;7.00;1;1.00;1.00;-;62.00;50.00;81 %;-;-;-;-;0.07;-;-;-;0.84;0.93;-0.09;-;-;32.00;-;-;3.00;1.00;-;1.00;2.00;7.00;3.00;4.00;1.00;-;-;2.00
Куинси Антон Промес;Спартак Москва;211;62;АП Л;-;-;1.00;-;0 %;1.00;1.00;-;-;-;-;-;-;3.00;-;0.12;48.00;90 %;-;-;-;-;4.00;75 %;3.00;100 %;-;-;3.00;67 %;6.00;100 %;4.00;1.00;1.00;-;-;1.00;12.00;25 %;3.00;0 %;9.00;33 %;2.00;0 %;2.00;0 %;2.00;0 %;1.00;0 %;4.00;5.00;1;1.00;1.00;-;74.00;56.00;76 %;0 %;1.00;1.00;1.00;0.67;0.04;-;0.00;0.84;0.93;-0.09;-;-;43.00;-;-;3.00;3.00;-;2.00;6.00;3.00;-;3.00;-;-;-;-
Роман Зобнин;Спартак Москва;210;62;П ПЦ;-;-;-;-;-;-;-;1.00;-;-;-;-;-;-;-;-;26.00;85 %;1.00;0 %;-;-;2.00;100 %;-;-;-;-;-;-;-;-;1.00;-;-;-;-;1.00;3.00;100 %;1.00;100 %;2.00;100 %;-;-;-;-;-;-;-;-;2.00;2.00;1;1.00;1.00;-;34.00;30.00;88 %;-;-;-;-;0.02;-;-;-;0.84;0.93;-0.09;-;-;22.00;-;-;2.00;-;-;-;-;3.00;1.00;2.00;-;-;-;-
Анхело Хосе Энрикес Итурра;Балтика;173;60;Ф ПЦ;-;-;-;-;-;-;-;1.00;-;-;-;-;-;2.00;-;0.20;9.00;56 %;-;-;-;-;2.00;50 %;-;-;-;-;-;-;-;-;2.00;1.00;-;-;-;-;9.00;22 %;2.00;0 %;7.00;29 %;7.00;29 %;-;-;-;-;1.00;0 %;1.00;-;1;1.00;1.00;-;21.00;8.00;38 %;0 %;1.00;1.00;-;0.02;0.10;-;0.00;0.31;0.83;-0.52;-;-;5.00;-;-;1.00;-;-;-;-;2.00;-;2.00;2.00;-;-;-
Жуниор Хосе Коррейа;Пари Нижний Новгород;172;59;Ф ЛЦ;-;-;-;-;-;-;2.00;2.00;-;-;-;-;1.00;2.00;-;0.14;10.00;60 %;-;-;-;-;1.00;0 %;-;-;-;-;1.00;0 %;-;-;11.00;2.00;-;-;-;1.00;19.00;26 %;4.00;25 %;15.00;27 %;10.00;20 %;1.00;100 %;-;-;-;-;1.00;-;1;1.00;1.00;-;33.00;13.00;39 %;0 %;2.00;-;-;-;0.07;-;0.00;0.83;0.55;0.28;-;-;6.00;-;-;-;-;-;-;-;5.00;1.00;4.00;2.00;1.00;-;-
Ленини Пина;ФК Краснодар;217;57;ЗП Ц;-;-;1.00;-;0 %;1.00;-;1.00;-;-;-;-;-;1.00;-;0.14;30.00;90 %;-;-;-;-;5.00;60 %;1.00;0 %;-;-;2.00;100 %;1.00;0 %;3.00;2.00;2.00;5.00;3.00;-;10.00;40 %;8.00;38 %;2.00;50 %;2.00;50 %;-;-;-;-;1.00;0 %;5.00;5.00;1;1.00;1.00;-;53.00;41.00;77 %;0 %;1.00;-;-;-;0.14;-;0.00;1.31;0.52;0.79;-;-;27.00;-;-;3.00;-;-;2.00;-;4.00;3.00;1.00;1.00;-;-;-
Сергей Пиняев;Локомотив Москва;204;57;АП Л;-;-;-;-;-;-;-;1.00;-;-;-;-;-;-;-;-;15.00;60 %;1.00;0 %;3.00;33 %;4.00;75 %;-;-;-;-;-;-;3.00;33 %;8.00;1.00;1.00;1.00;1.00;1.00;10.00;30 %;1.00;0 %;9.00;33 %;1.00;100 %;5.00;40 %;2.00;50 %;1.00;0 %;3.00;4.00;1;1.00;1.00;-;34.00;20.00;59 %;-;-;-;-;-;-;-;-;0.30;0.83;-0.53;-;-;9.00;-;1.00;3.00;-;-;-;1.00;3.00;-;3.00;1.00;2.00;1.00;-
Вильсон Изидор;Зенит;211;51;АП Л;-;-;2.00;-;0 %;-;4.00;1.00;-;-;1.00;-;1.00;3.00;3.00;0.13;11.00;64 %;1.00;0 %;4.00;25 %;3.00;67 %;-;-;-;-;-;-;3.00;33 %;9.00;1.00;2.00;-;-;2.00;14.00;29 %;7.00;29 %;7.00;29 %;2.00;0 %;2.00;50 %;2.00;50 %;4.00;50 %;-;-;1;-;-;1.00;32.00;16.00;50 %;100 %;-;-;-;0.18;0.04;-;0.00;2.14;0.53;1.61;-;-;7.00;-;1.00;2.00;-;-;-;1.00;4.00;2.00;2.00;-;1.00;1.00;2.00
Сергей Петров;ФК Краснодар;227;51;З П;-;-;-;-;-;-;-;1.00;-;-;-;-;-;1.00;-;0.07;18.00;83 %;-;-;-;-;4.00;75 %;-;-;-;-;1.00;0 %;1.00;0 %;3.00;1.00;-;2.00;-;-;5.00;60 %;3.00;67 %;2.00;50 %;3.00;33 %;-;-;-;-;1.00;100 %;2.00;4.00;1;-;-;1.00;31.00;25.00;81 %;0 %;1.00;-;-;-;0.07;-;0.00;0.63;0.27;0.36;-;-;15.00;-;-;3.00;-;-;-;-;3.00;2.00;1.00;1.00;-;-;1.00
Родригао;Зенит;265;51;З ПЦ;-;-;-;-;-;1.00;2.00;-;-;-;1.00;-;-;2.00;1.00;0.28;24.00;96 %;1.00;100 %;-;-;5.00;100 %;1.00;100 %;-;-;1.00;100 %;1.00;100 %;1.00;-;1.00;9.00;2.00;-;12.00;83 %;10.00;90 %;2.00;50 %;6.00;83 %;-;-;-;-;2.00;100 %;1.00;3.00;1;-;-;1.00;43.00;38.00;88 %;50 %;-;1.00;-;0.19;0.14;-;0.00;2.14;0.53;1.61;-;-;23.00;1.00;-;5.00;1.00;-;1.00;1.00;10.00;9.00;1.00;5.00;-;-;2.00
Мингиян Бевеев;Урал Екатеринбург;188;50;ЗП П;-;-;-;-;-;-;-;-;-;-;-;-;-;-;-;-;14.00;93 %;1.00;0 %;-;-;3.00;67 %;1.00;100 %;-;-;4.00;75 %;-;-;2.00;-;-;3.00;3.00;-;5.00;40 %;3.00;67 %;2.00;0 %;1.00;0 %;1.00;0 %;-;-;2.00;50 %;3.00;4.00;1;-;-;1.00;27.00;23.00;85 %;-;-;-;-;-;-;-;-;0.84;1.61;-0.77;-;-;13.00;-;-;2.00;1.00;-;3.00;-;2.00;2.00;-;-;-;-;1.00
Сергей Волков;ФК Краснодар;207;50;З П;-;-;-;-;-;-;1.00;-;-;1.00;-;-;-;-;-;-;27.00;74 %;-;-;2.00;50 %;2.00;50 %;-;-;-;-;1.00;0 %;2.00;50 %;4.00;-;-;2.00;-;2.00;10.00;50 %;6.00;50 %;4.00;50 %;6.00;33 %;2.00;50 %;-;-;2.00;100 %;1.00;4.00;1;1.00;1.00;-;44.00;32.00;73 %;-;-;-;-;-;-;-;-;1.31;0.44;0.87;-;-;20.00;-;1.00;1.00;-;-;-;1.00;5.00;3.00;2.00;2.00;1.00;-;2.00
Никита Бурмистров;Сочи;220;49;АП ПЦ;-;-;-;-;-;-;4.00;1.00;-;-;1.00;-;-;-;-;-;17.00;76 %;-;-;-;-;5.00;80 %;1.00;100 %;-;-;4.00;75 %;1.00;0 %;3.00;2.00;1.00;3.00;2.00;1.00;15.00;67 %;10.00;60 %;5.00;80 %;5.00;80 %;1.00;100 %;-;-;4.00;50 %;2.00;2.00;1;-;-;1.00;38.00;28.00;74 %;-;-;-;-;-;-;-;-;0.25;0.58;-0.33;-;-;13.00;-;-;4.00;1.00;-;3.00;-;10.00;6.00;4.00;4.00;1.00;-;2.00
Данил Круговой;Зенит;268;48;ЗП Л;-;1.00;-;-;-;1.00;1.00;1.00;-;-;-;-;-;2.00;1.00;0.08;42.00;83 %;1.00;100 %;5.00;0 %;5.00;60 %;1.00;0 %;-;-;1.00;100 %;6.00;33 %;2.00;-;1.00;1.00;-;4.00;11.00;64 %;2.00;50 %;9.00;67 %;1.00;100 %;5.00;100 %;1.00;100 %;-;-;-;6.00;1;1.00;1.00;-;66.00;53.00;80 %;50 %;1.00;-;-;0.51;0.04;-;0.00;1.4;0.95;0.09;-;-;35.00;1.00;-;3.00;-;-;1.00;2.00;7.00;1.00;6.00;1.00;5.00;1.00;-
Мигель Силвейра Дос Сантос;Сочи;197;48;АП ЛЦ;-;-;-;-;-;1.00;-;1.00;-;-;-;-;-;-;-;-;13.00;54 %;1.00;100 %;1.00;0 %;-;-;1.00;0 %;1.00;0 %;-;-;3.00;0 %;6.00;4.00;-;1.00;-;1.00;9.00;22 %;2.00;0 %;7.00;29 %;3.00;0 %;4.00;50 %;1.00;100 %;1.00;0 %;1.00;2.00;1;1.00;1.00;-;26.00;13.00;50 %;-;-;-;-;0.24;-;-;-;0.57;0.89;-0.32;-;-;7.00;1.00;-;-;-;-;-;-;2.00;-;2.00;-;2.00;1.00;-
Денис Кулаков;Урал Екатеринбург;195;47;ЗП П;-;-;-;-;-;-;1.00;-;-;-;1.00;-;-;-;-;-;12.00;58 %;-;-;3.00;33 %;2.00;50 %;-;-;-;-;-;-;5.00;60 %;3.00;-;1.00;-;-;-;5.00;0 %;4.00;0 %;1.00;0 %;1.00;0 %;-;-;-;-;1.00;0 %;1.00;3.00;1;1.00;1.00;-;22.00;11.00;50 %;-;-;-;-;0.29;-;-;-;1.39;0.50;0.89;-;-;7.00;-;1.00;1.00;-;-;-;3.00;-;-;-;-;-;-;-
Михайло Баньяц;ФК Краснодар;235;43;ЗП Ц;-;-;-;-;-;-;-;1.00;-;-;-;-;-;-;-;-;29.00;86 %;-;-;1.00;0 %;6.00;83 %;2.00;100 %;1.00;100 %;3.00;67 %;-;-;1.00;1.00;-;5.00;1.00;-;13.00;46 %;9.00;44 %;4.00;50 %;2.00;50 %;1.00;100 %;-;-;3.00;67 %;5.00;2.00;1;-;-;1.00;49.00;38.00;78 %;-;-;-;-;-;-;-;-;0.63;0.19;0.44;0.04;0.04;25.00;-;-;5.00;2.00;1.00;2.00;-;6.00;4.00;2.00;1.00;1.00;-;2.00
Алексей Сутормин;Зенит;199;40;ЗП П;-;-;2.00;-;0 %;1.00;-;-;-;1.00;-;-;-;2.00;2.00;0.25;30.00;90 %;-;-;-;-;3.00;100 %;-;-;-;-;2.00;50 %;-;-;2.00;-;1.00;-;-;-;3.00;33 %;1.00;100 %;2.00;0 %;-;-;-;-;-;-;1.00;100 %;1.00;1.00;1;-;1.00;1.00;38.00;32.00;84 %;100 %;-;-;-;0.11;0.12;-;0.00;0.88;0.79;0.09;-;-;27.00;-;-;3.00;-;-;1.00;-;1.00;1.00;-;-;-;-;1.00
Антон Миранчук;Локомотив Москва;261;39;АП Ц;-;1.00;1.00;-;0 %;1.00;1.00;1.00;-;-;-;-;-;1.00;-;0.06;21.00;86 %;1.00;0 %;-;-;5.00;80 %;4.00;75 %;-;-;4.00;75 %;7.00;57 %;4.00;-;-;1.00;1.00;2.00;5.00;60 %;2.00;50 %;3.00;67 %;2.00;0 %;2.00;100 %;1.00;100 %;1.00;100 %;1.00;-;1;-;-;1.00;30.00;24.00;80 %;0 %;-;1.00;-;0.77;0.06;-;0.00;1.2;0.04;0.98;-;-;18.00;-;-;4.00;3.00;-;3.00;4.00;3.00;1.00;2.00;-;2.00;1.00;1.00
Хуан Мануэль Бозелли Граф;Пари Нижний Новгород;171;37;Ф ЛЦ;-;-;1.00;-;0 %;-;1.00;2.00;-;-;-;-;-;-;-;-;5.00;80 %;-;-;-;-;1.00;0 %;-;-;-;-;1.00;0 %;-;-;5.00;1.00;2.00;1.00;-;-;13.00;46 %;5.00;40 %;8.00;50 %;5.00;80 %;1.00;0 %;1.00;0 %;1.00;0 %;1.00;-;1;-;-;1.00;21.00;11.00;52 %;-;-;-;-;-;-;-;-;0.04;0.77;-0.73;-;-;4.00;-;-;-;-;-;-;-;6.00;2.00;4.00;4.00;-;-;-
Максим Кузьмин;Балтика;167;35;Ф ПЦ;-;-;-;-;-;-;-;1.00;-;-;-;-;-;-;-;-;8.00;50 %;-;-;1.00;0 %;1.00;0 %;-;-;-;-;-;-;1.00;0 %;5.00;1.00;-;-;-;-;6.00;33 %;1.00;0 %;5.00;40 %;2.00;50 %;-;-;-;-;-;-;-;-;1;-;-;1.00;14.00;6.00;43 %;-;-;-;-;-;-;-;-;0.33;0.31;0.02;-;-;4.00;-;-;-;-;-;-;-;2.00;-;2.00;1.00;-;-;-
Хесус Медина;Спартак Москва;199;35;АП П;-;-;-;-;-;-;1.00;1.00;-;-;-;-;-;-;-;-;15.00;80 %;-;-;-;-;3.00;67 %;-;-;-;-;1.00;100 %;2.00;50 %;1.00;-;-;1.00;-;1.00;3.00;33 %;1.00;0 %;2.00;50 %;-;-;2.00;50 %;-;-;-;-;2.00;1.00;1;-;-;1.00;22.00;17.00;77 %;-;-;-;-;-;-;-;-;0.14;1.20;-1.06;-;-;12.00;-;-;2.00;-;-;1.00;1.00;1.00;-;1.00;-;1.00;-;-
Олег Рябчук;Спартак Москва;218;35;ЗЛ;-;-;-;-;-;-;-;-;-;-;-;-;-;-;-;-;18.00;89 %;-;-;-;-;4.00;75 %;-;-;-;-;-;-;-;-;4.00;1.00;-;2.00;-;-;5.00;40 %;4.00;50 %;1.00;0 %;3.00;33 %;-;-;-;-;1.00;0 %;2.00;-;1;-;-;1.00;25.00;20.00;80 %;-;-;-;-;0.02;-;-;-;0.14;1.20;-1.06;-;-;16.00;-;-;3.00;-;-;-;-;2.00;2.00;-;1.00;-;-;-
Антон Зиньковский;Спартак Москва;212;35;АП Л;-;-;1.00;-;0 %;1.00;1.00;-;-;-;-;-;-;2.00;1.00;0.14;5.00;100 %;-;-;-;-;3.00;100 %;-;-;-;-;2.00;100 %;-;-;1.00;-;-;1.00;1.00;-;7.00;43 %;3.00;0 %;4.00;75 %;-;-;3.00;67 %;1.00;100 %;2.00;0 %;-;2.00;1;-;-;1.00;16.00;11.00;69 %;50 %;-;1.00;-;-;0.07;-;0.00;0.14;1.20;-1.06;-;-;5.00;-;-;3.00;-;-;2.00;-;3.00;-;3.00;-;2.00;1.00;-
Владислав Малькевич;Урал Екатеринбург;186;34;ЗП Л;-;-;-;-;-;1.00;-;-;-;-;-;-;-;-;-;-;12.00;67 %;-;-;2.00;0 %;3.00;33 %;-;-;-;-;3.00;67 %;3.00;33 %;3.00;1.00;-;-;-;-;6.00;67 %;3.00;67 %;3.00;67 %;4.00;50 %;-;-;-;-;1.00;100 %;2.00;2.00;1;-;-;1.00;22.00;16.00;73 %;-;-;-;-;0.12;-;-;-;0.84;1.58;-0.74;-;-;8.00;-;-;1.00;-;-;2.00;1.00;4.00;2.00;2.00;2.00;-;-;1.00
Лука Джорджевич;Сочи;160;32;Ф Ц;-;-;-;-;-;-;-;1.00;-;-;-;-;-;-;-;-;6.00;83 %;-;-;-;-;-;-;-;-;-;-;-;-;-;-;3.00;-;-;-;-;-;5.00;20 %;2.00;0 %;3.00;33 %;1.00;0 %;-;-;-;-;-;-;-;1.00;1;-;-;1.00;12.00;7.00;58 %;-;-;-;-;-;-;-;-;0.25;0.10;0.15;-;-;5.00;-;-;-;-;-;-;-;1.00;-;1.00;-;-;-;-
Мохамед Конате;ФК Ахмат;184;32;Ф Ц;-;-;1.00;-;0 %;-;1.00;-;-;-;-;-;-;1.00;1.00;0.25;4.00;75 %;-;-;-;-;-;-;-;-;-;-;-;-;-;-;4.00;-;-;-;-;-;9.00;0 %;3.00;0 %;6.00;0 %;4.00;0 %;-;-;-;-;2.00;0 %;1.00;-;1;-;-;1.00;14.00;4.00;29 %;100 %;-;-;-;-;0.25;-;0.00;0.85;0.92;-0.07;-;-;3.00;-;-;-;-;-;-;-;-;-;-;-;-;-;-
Фёдор Смолов;Динамо Москва;202;32;Ф Ц;-;-;-;-;-;1.00;2.00;2.00;-;-;-;-;-;2.00;1.00;0.21;9.00;67 %;1.00;100 %;1.00;100 %;3.00;67 %;-;-;-;-;-;-;1.00;100 %;4.00;1.00;1.00;-;-;1.00;3.00;33 %;-;-;3.00;33 %;-;-;2.00;50 %;1.00;0 %;-;-;1.00;3.00;1;-;-;1.00;20.00;13.00;65 %;50 %;-;1.00;-;0.33;0.10;-;0.00;0.92;0.85;0.07;-;-;6.00;1.00;1.00;2.00;-;-;-;1.00;1.00;-;1.00;-;1.00;-;-
Артём Тимофеев;ФК Ахмат;195;32;ЗП ПЦ;-;-;-;-;-;-;1.00;-;-;-;-;-;-;-;-;-;22.00;73 %;-;-;-;-;8.00;75 %;-;-;-;-;2.00;100 %;2.00;50 %;2.00;1.00;-;2.00;-;1.00;2.00;100 %;2.00;100 %;-;-;-;-;-;-;-;-;2.00;100 %;6.00;3.00;1;-;-;1.00;34.00;28.00;82 %;-;-;-;-;-;-;-;-;0.85;0.92;-0.07;0.02;0.02;16.00;-;-;6.00;-;-;2.00;1.00;2.00;2.00;-;-;-;-;2.00
Артур Юсупов;Сочи;183;32;ЗП ЛЦ;-;-;-;-;-;-;2.00;-;-;-;-;-;-;-;-;-;15.00;60 %;-;-;-;-;9.00;33 %;1.00;0 %;-;-;5.00;20 %;1.00;0 %;3.00;-;1.00;4.00;2.00;1.00;13.00;46 %;8.00;63 %;5.00;20 %;-;-;-;-;-;-;6.00;67 %;5.00;3.00;1;-;-;1.00;38.00;24.00;63 %;-;-;-;-;-;-;-;-;0.25;0.10;0.15;-;-;9.00;-;-;3.00;-;-;1.00;-;6.00;5.00;1.00;-;-;-;4.00
Ян Казаев;Балтика;189;31;П ЛЦ;-;-;-;-;-;-;-;-;-;-;-;-;-;-;-;-;12.00;83 %;-;-;-;-;1.00;100 %;-;-;-;-;1.00;100 %;-;-;1.00;1.00;1.00;3.00;-;-;8.00;38 %;6.00;50 %;2.00;0 %;-;-;-;-;-;-;5.00;60 %;2.00;4.00;1;-;-;1.00;28.00;20.00;71 %;-;-;-;-;0.09;-;-;-;0.33;0.31;0.02;-;-;10.00;-;-;1.00;-;-;1.00;-;3.00;3.00;-;-;-;-;3.00
Кирилл Маляров;Балтика;205;31;ЗП Л;-;-;-;-;-;1.00;-;-;-;-;-;-;-;-;-;-;12.00;58 %;1.00;100 %;-;-;3.00;33 %;-;-;-;-;2.00;50 %;1.00;100 %;5.00;1.00;-;1.00;-;-;6.00;67 %;3.00;67 %;3.00;67 %;2.00;100 %;1.00;0 %;1.00;0 %;3.00;67 %;3.00;1.00;1;-;-;1.00;22.00;15.00;68 %;-;-;-;-;0.24;-;-;-;0.33;0.31;0.02;-;-;7.00;1.00;-;1.00;-;-;1.00;1.00;4.00;2.00;2.00;2.00;-;-;2.00
Степан Оганесян;Оренбург;212;31;П П;-;-;1.00;-;0 %;-;1.00;1.00;-;-;-;-;-;1.00;-;0.39;10.00;80 %;-;-;-;-;1.00;100 %;-;-;-;-;2.00;100 %;-;-;5.00;-;-;1.00;1.00;-;13.00;62 %;4.00;50 %;9.00;67 %;2.00;50 %;2.00;50 %;2.00;50 %;3.00;33 %;-;1.00;1;-;-;1.00;25.00;17.00;68 %;0 %;1.00;-;-;-;0.39;-;0.00;0.51;1.48;-0.97;-;-;8.00;-;-;1.00;-;-;2.00;-;8.00;2.00;6.00;1.00;1.00;1.00;1.00
Давид Семенчук;Ростов;189;31;З ЛЦ;-;-;-;-;-;-;-;-;-;1.00;-;-;-;-;-;-;23.00;83 %;-;-;1.00;0 %;7.00;57 %;2.00;50 %;-;-;1.00;100 %;2.00;0 %;3.00;1.00;-;3.00;-;-;7.00;57 %;4.00;50 %;3.00;67 %;5.00;40 %;1.00;100 %;-;-;1.00;100 %;2.00;1.00;1;-;-;1.00;33.00;26.00;79 %;-;-;-;-;-;-;-;-;1.58;0.84;0.74;-;-;19.00;-;-;4.00;1.00;-;1.00;-;4.00;2.00;2.00;2.00;1.00;-;1.00
Джоэль Фамейе;Рубин Казань;196;29;АП П;-;-;-;-;-;-;-;1.00;-;-;-;-;-;1.00;-;0.05;5.00;40 %;-;-;2.00;0 %;2.00;50 %;-;-;-;-;2.00;50 %;2.00;0 %;4.00;2.00;1.00;1.00;1.00;-;6.00;17 %;1.00;0 %;5.00;20 %;-;-;2.00;50 %;1.00;100 %;-;-;1.00;1.00;1;-;-;1.00;15.00;5.00;33 %;0 %;-;1.00;-;-;0.05;-;0.00;0.12;0.63;-0.51;-;-;2.00;-;-;1.00;-;-;1.00;-;1.00;-;1.00;-;1.00;1.00;-
Эдедем Эдем Эссьен;Пари Нижний Новгород;187;28;П ЛЦ;-;-;-;-;-;-;-;-;1.00;1.00;-;-;-;-;-;-;10.00;100 %;-;-;-;-;1.00;100 %;-;-;-;-;-;-;-;-;-;-;-;2.00;-;-;6.00;67 %;5.00;60 %;1.00;100 %;2.00;100 %;-;-;-;-;1.00;0 %;2.00;2.00;1;-;-;1.00;20.00;18.00;90 %;-;-;-;-;-;-;-;-;0.04;0.45;-0.41;-;-;10.00;-;-;1.00;-;-;-;-;4.00;3.00;1.00;2.00;-;-;-
Николоз Кутателадзе;Пари Нижний Новгород;165;28;Ф ПЦ;-;-;-;-;-;-;-;1.00;-;-;-;-;-;-;-;-;8.00;75 %;-;-;-;-;1.00;100 %;-;-;-;-;-;-;-;-;-;-;1.00;-;-;-;4.00;50 %;1.00;100 %;3.00;33 %;2.00;50 %;-;-;-;-;1.00;100 %;-;-;1;-;-;1.00;13.00;8.00;62 %;-;-;-;-;-;-;-;-;0.04;0.45;-0.41;-;-;6.00;-;-;1.00;-;-;-;-;2.00;1.00;1.00;1.00;-;-;1.00
Никита Моцпан;Факел Воронеж;176;25;Ф ЛЦ;-;-;-;-;-;-;1.00;1.00;-;-;-;-;-;-;-;-;10.00;70 %;-;-;-;-;2.00;100 %;-;-;-;-;2.00;100 %;-;-;6.00;1.00;-;1.00;-;1.00;13.00;46 %;1.00;100 %;12.00;42 %;3.00;0 %;3.00;67 %;1.00;100 %;1.00;100 %;-;4.00;1;-;-;1.00;28.00;18.00;64 %;-;-;-;-;-;-;-;-;0.10;0.25;-0.15;-;-;7.00;-;-;2.00;-;-;2.00;-;6.00;1.00;5.00;-;2.00;1.00;1.00
Тимофей Маргасов;Сочи;184;22;З П;-;-;-;-;-;-;-;-;-;1.00;-;-;-;-;-;-;13.00;69 %;-;-;2.00;0 %;2.00;100 %;-;-;-;-;1.00;100 %;1.00;0 %;3.00;1.00;-;3.00;2.00;-;3.00;33 %;2.00;50 %;1.00;0 %;1.00;0 %;-;-;-;-;2.00;50 %;1.00;3.00;1;-;-;1.00;20.00;14.00;70 %;-;-;-;-;-;-;-;-;0.25;0.10;0.15;-;-;9.00;-;-;2.00;-;-;1.00;-;1.00;1.00;-;-;-;-;1.00
Ильзат Ахметов;ФК Краснодар;206;21;П ПЦ;-;-;-;-;-;-;1.00;-;-;-;1.00;-;-;-;-;-;8.00;88 %;-;-;-;-;-;-;-;-;-;-;-;-;-;-;-;-;-;1.00;-;-;4.00;100 %;1.00;100 %;3.00;100 %;-;-;2.00;100 %;1.00;100 %;1.00;100 %;-;-;1;-;-;1.00;12.00;11.00;92 %;-;-;-;-;0.07;-;-;-;0.63;0.08;0.55;-;-;7.00;-;-;-;-;-;-;-;4.00;1.00;3.00;-;2.00;1.00;1.00
Денис Макаров;Динамо Москва;227;21;АП П;-;-;3.00;-;0 %;3.00;-;-;-;-;-;-;1.00;4.00;1.00;0.65;5.00;40 %;2.00;50 %;-;-;4.00;50 %;1.00;100 %;1.00;100 %;2.00;100 %;-;-;4.00;-;-;-;-;-;8.00;38 %;5.00;20 %;3.00;67 %;-;-;3.00;67 %;2.00;100 %;4.00;0 %;-;1.00;1;-;-;1.00;17.00;6.00;35 %;25 %;3.00;-;-;-;0.16;-;0.00;0.71;0.49;0.22;-;-;2.00;1.00;-;2.00;1.00;1.00;2.00;-;3.00;1.00;2.00;-;2.00;2.00;-
Олакунле Олусегун;ФК Краснодар;239;21;АП П;1.00;-;1.00;1.00;100 %;-;1.00;1.00;-;-;-;-;-;2.00;1.00;0.56;4.00;100 %;-;-;-;-;-;-;-;-;-;-;-;-;-;-;-;-;-;1.00;1.00;-;2.00;100 %;-;-;2.00;100 %;-;-;-;-;-;-;-;-;1.00;1.00;1;-;-;1.00;10.00;9.00;90 %;50 %;1.00;-;-;-;0.28;0.56;1.79;0.63;0.08;0.55;-;-;4.00;-;-;-;-;-;-;-;2.00;-;2.00;-;-;-;-
Тимур Аюпов;Урал Екатеринбург;162;20;Ф ПЦ;-;-;-;-;-;-;-;-;-;-;-;-;-;-;-;-;-;-;-;-;-;-;-;-;-;-;-;-;-;-;-;-;2.00;-;1.00;-;-;-;6.00;17 %;-;-;6.00;17 %;5.00;20 %;-;-;-;-;-;-;3.00;-;1;-;-;1.00;10.00;4.00;40 %;-;-;-;-;-;-;-;-;0.43;0.71;-0.28;0.03;0.03;-;-;-;-;-;-;-;-;1.00;-;1.00;1.00;-;-;-
Алексей Каштанов;Урал Екатеринбург;193;20;Ф ЛЦ;-;-;-;-;-;-;-;1.00;-;-;1.00;-;-;1.00;1.00;0.01;3.00;100 %;-;-;-;-;1.00;100 %;-;-;-;-;-;-;-;-;1.00;-;-;-;-;-;9.00;56 %;2.00;0 %;7.00;71 %;5.00;60 %;-;-;-;-;1.00;0 %;1.00;1.00;1;-;-;1.00;15.00;11.00;73 %;100 %;-;-;-;-;0.01;-;0.00;0.43;0.71;-0.28;-;-;3.00;-;-;1.00;-;-;-;-;5.00;-;5.00;3.00;-;-;-
Тамерлан Мусаев;Балтика;191;20;Ф ЛЦ;-;-;1.00;-;0 %;-;1.00;-;-;-;-;-;-;1.00;1.00;0.24;5.00;20 %;-;-;-;-;3.00;33 %;-;-;-;-;1.00;100 %;-;-;7.00;1.00;-;-;-;-;8.00;38 %;-;-;8.00;38 %;7.00;29 %;-;-;-;-;-;-;-;-;1;-;-;1.00;14.00;5.00;36 %;100 %;-;-;-;-;0.24;-;0.00;0.33;0.16;0.17;-;-;1.00;-;-;1.00;-;-;1.00;-;3.00;-;3.00;2.00;-;-;-
Даниэль Де Мело Арауйо Джуниор;ФК Ахмат;206;20;АП Ц;-;-;-;-;-;-;-;-;-;-;-;-;-;1.00;-;0.36;9.00;78 %;1.00;0 %;-;-;4.00;50 %;-;-;-;-;3.00;33 %;2.00;50 %;5.00;1.00;-;-;-;-;4.00;25 %;-;-;4.00;25 %;-;-;-;-;-;-;-;-;-;1.00;1;-;-;1.00;15.00;9.00;60 %;0 %;1.00;-;-;-;0.36;-;0.00;0.49;0.71;-0.22;-;-;7.00;-;-;2.00;-;-;1.00;1.00;1.00;-;1.00;-;-;-;-
Аслан Дудиев;Балтика;201;19;ЗП П;-;-;-;-;-;-;-;-;-;-;-;-;-;-;-;-;18.00;78 %;-;-;2.00;0 %;3.00;0 %;-;-;-;-;1.00;0 %;3.00;0 %;2.00;-;-;2.00;-;3.00;3.00;67 %;1.00;100 %;2.00;50 %;-;-;-;-;-;-;1.00;100 %;1.00;2.00;1;-;-;1.00;27.00;22.00;81 %;-;-;-;-;-;-;-;-;0.33;0.16;0.17;-;-;14.00;-;-;-;-;-;-;-;2.00;1.00;1.00;-;-;-;1.00
Александр Ерохин;Зенит;197;18;АП Ц;-;-;1.00;-;0 %;-;-;-;-;-;-;-;-;1.00;-;0.18;4.00;75 %;-;-;-;-;1.00;0 %;-;-;-;-;-;-;-;-;2.00;-;-;-;-;-;2.00;50 %;1.00;0 %;1.00;100 %;-;-;-;-;-;-;1.00;0 %;-;2.00;1;-;-;1.00;9.00;6.00;67 %;0 %;1.00;-;-;0.08;0.18;-;0.00;0.70;0.51;0.19;-;-;3.00;-;-;-;-;-;-;-;1.00;-;1.00;-;-;-;-
Роман Ежов;Крылья Советов;227;18;П Л;-;1.00;-;-;-;2.00;-;-;-;-;-;-;1.00;-;-;-;6.00;67 %;-;-;1.00;100 %;2.00;50 %;-;-;-;-;2.00;50 %;1.00;100 %;2.00;-;-;1.00;1.00;-;1.00;100 %;1.00;100 %;-;-;1.00;100 %;-;-;-;-;-;-;2.00;-;1;-;-;1.00;9.00;7.00;78 %;-;-;-;-;0.45;-;-;-;1.20;0.12;1.8;-;-;4.00;-;1.00;1.00;-;-;1.00;1.00;1.00;1.00;-;1.00;-;-;-
Антонио Яколиш;Факел Воронеж;192;18;П П;-;-;-;-;-;-;-;-;-;-;-;-;-;-;-;-;11.00;55 %;1.00;0 %;2.00;0 %;1.00;0 %;-;-;-;-;-;-;4.00;0 %;5.00;1.00;-;1.00;-;2.00;1.00;100 %;1.00;100 %;-;-;-;-;-;-;-;-;1.00;100 %;3.00;-;1;-;-;1.00;17.00;12.00;71 %;-;-;-;-;-;-;-;-;0.03;0.25;-0.22;-;-;6.00;-;-;-;-;-;-;-;1.00;1.00;-;-;-;-;1.00
Максим Максимов;Факел Воронеж;176;18;Ф ПЦ;-;-;-;-;-;-;-;-;-;-;-;-;-;-;-;-;8.00;75 %;-;-;-;-;4.00;75 %;1.00;100 %;-;-;1.00;100 %;1.00;0 %;3.00;1.00;-;-;-;-;8.00;38 %;1.00;0 %;7.00;43 %;5.00;40 %;-;-;-;-;1.00;0 %;-;1.00;1;-;-;1.00;17.00;10.00;59 %;-;-;-;-;-;-;-;-;0.03;0.25;-0.22;-;-;6.00;-;-;3.00;1.00;-;1.00;-;3.00;-;3.00;2.00;-;-;-
Георгий Зотов;Крылья Советов;225;18;ЗЛ;-;-;-;-;-;-;-;-;-;-;-;-;-;-;-;-;2.00;50 %;-;-;-;-;1.00;0 %;-;-;-;-;-;-;-;-;1.00;-;-;-;-;-;-;-;-;-;-;-;-;-;-;-;-;-;-;-;-;2.00;1;-;-;1.00;4.00;3.00;75 %;-;-;-;-;-;-;-;-;1.20;0.12;1.8;-;-;1.00;-;-;-;-;-;-;-;-;-;-;-;-;-;-
Джастин Рауль Куэро Паласио;Оренбург;178;16;Ф Ц;-;-;-;-;-;-;-;1.00;-;-;1.00;-;-;-;-;-;3.00;67 %;-;-;-;-;-;-;-;-;-;-;-;-;-;-;4.00;1.00;1.00;-;-;-;7.00;14 %;-;-;7.00;14 %;2.00;0 %;1.00;0 %;1.00;0 %;-;-;-;-;1;-;-;1.00;11.00;3.00;27 %;-;-;-;-;-;-;-;-;0.39;0.52;-0.13;-;-;2.00;-;-;-;-;-;-;-;1.00;-;1.00;-;-;-;-
Михаил Игнатов;Спартак Москва;203;16;П ПЦ;-;-;-;-;-;-;1.00;2.00;-;-;1.00;-;-;-;-;-;1.00;100 %;-;-;-;-;1.00;100 %;-;-;-;-;1.00;100 %;-;-;1.00;1.00;-;-;-;-;4.00;50 %;-;-;4.00;50 %;2.00;50 %;-;-;-;-;-;-;-;-;1;-;-;1.00;5.00;3.00;60 %;-;-;-;-;0.12;-;-;-;0.12;1.00;-0.88;-;-;1.00;-;-;1.00;-;-;1.00;-;2.00;-;2.00;1.00;-;-;-
Илья Кухарчук;Пари Нижний Новгород;195;16;ЗП П;-;-;-;-;-;-;-;-;-;-;-;-;-;-;-;-;4.00;75 %;-;-;-;-;-;-;-;-;-;-;-;-;1.00;100 %;-;-;-;-;-;-;2.00;0 %;1.00;0 %;1.00;0 %;-;-;-;-;-;-;1.00;0 %;-;-;1;-;-;1.00;6.00;3.00;50 %;-;-;-;-;-;-;-;-;0.04;0.29;-0.25;-;-;3.00;-;-;-;-;-;-;1.00;-;-;-;-;-;-;-
Руслан Литвинов;Спартак Москва;206;16;З П;-;-;-;-;-;-;-;-;-;-;-;-;-;-;-;-;12.00;67 %;-;-;-;-;1.00;100 %;-;-;-;-;-;-;-;-;2.00;2.00;-;2.00;-;1.00;2.00;50 %;2.00;50 %;-;-;1.00;0 %;-;-;-;-;-;-;2.00;1.00;1;-;-;1.00;18.00;13.00;72 %;-;-;-;-;-;-;-;-;0.12;1.00;-0.88;-;-;8.00;-;-;1.00;-;-;-;-;1.00;1.00;-;-;-;-;-
Дмитрий Стоцкий;Пари Нижний Новгород;196;16;ЗП Л;-;-;-;-;-;-;-;-;-;-;-;-;-;-;-;-;3.00;100 %;-;-;-;-;-;-;-;-;-;-;-;-;1.00;100 %;1.00;1.00;-;-;-;1.00;4.00;75 %;3.00;67 %;1.00;100 %;-;-;-;-;-;-;2.00;50 %;1.00;-;1;-;-;1.00;10.00;9.00;90 %;-;-;-;-;-;-;-;-;0.04;0.29;-0.25;-;-;3.00;-;-;-;-;-;-;1.00;3.00;2.00;1.00;-;-;-;1.00
Тимур Сулейманов;Локомотив Москва;-;14;Ф Ц;-;-;-;-;-;1.00;-;1.00;-;-;-;-;-;1.00;-;0.04;2.00;50 %;-;-;-;-;-;-;-;-;-;-;-;-;-;-;1.00;-;-;-;-;-;1.00;0 %;-;-;1.00;0 %;1.00;0 %;-;-;-;-;-;-;1.00;-;1;-;-;1.00;5.00;2.00;40 %;0 %;-;1.00;-;-;0.04;-;0.00;0.29;-;0.29;-;-;1.00;-;-;-;-;-;-;-;-;-;-;-;-;-;-
Рифат Жемалетдинов;Локомотив Москва;254;14;АП Ц;1.00;-;1.00;1.00;100 %;-;-;-;-;-;-;-;-;1.00;1.00;0.21;7.00;71 %;-;-;-;-;6.00;67 %;1.00;100 %;-;-;3.00;67 %;-;-;1.00;-;-;-;-;-;8.00;38 %;-;-;8.00;38 %;3.00;33 %;2.00;50 %;2.00;50 %;-;-;-;-;1;-;-;1.00;16.00;9.00;56 %;100 %;-;-;-;-;0.21;0.21;4.76;0.29;-;0.29;-;-;5.00;-;-;4.00;1.00;-;2.00;-;3.00;-;3.00;1.00;1.00;1.00;-
Александр Зотов;Рубин Казань;-;14;ЗП ЛЦ;-;-;-;-;-;-;-;-;-;-;-;-;-;-;-;-;3.00;100 %;-;-;-;-;-;-;-;-;-;-;-;-;-;-;-;-;-;-;-;1.00;1.00;100 %;-;-;1.00;100 %;-;-;-;-;-;-;-;-;-;-;1;-;-;1.00;5.00;5.00;100 %;-;-;-;-;-;-;-;-;0.08;0.55;-0.47;-;-;3.00;-;-;-;-;-;-;-;1.00;-;1.00;-;-;-;-
Егор Филипенко;Урал Екатеринбург;-;13;З ПЦ;-;-;-;-;-;-;-;-;-;1.00;-;-;-;-;-;-;1.00;100 %;-;-;-;-;-;-;-;-;-;-;-;-;-;-;-;-;-;-;-;-;1.00;0 %;1.00;0 %;-;-;1.00;0 %;-;-;-;-;-;-;1.00;-;1;-;-;1.00;3.00;2.00;67 %;-;-;-;-;-;-;-;-;0.13;0.46;-0.33;-;-;1.00;-;-;-;-;-;-;-;-;-;-;-;-;-;-
Алексей Ионов;Ростов;-;13;АП П;-;-;-;-;-;-;-;-;-;-;-;-;1.00;1.00;-;0.10;7.00;86 %;-;-;2.00;50 %;2.00;50 %;-;-;-;-;-;-;2.00;50 %;1.00;-;-;-;-;-;1.00;0 %;1.00;0 %;-;-;1.00;0 %;-;-;-;-;-;-;-;-;1;-;-;1.00;9.00;6.00;67 %;0 %;-;1.00;-;0.02;0.10;-;0.00;0.46;0.13;0.33;-;-;6.00;-;1.00;1.00;-;-;-;1.00;-;-;-;-;-;-;-
Дмитрий Иванисеня;Крылья Советов;222;13;ЗП ЛЦ;-;-;-;-;-;-;1.00;-;-;-;-;-;-;-;-;-;5.00;100 %;-;-;-;-;3.00;100 %;-;-;-;-;-;-;-;-;-;-;-;1.00;1.00;-;2.00;0 %;2.00;0 %;-;-;1.00;0 %;-;-;-;-;-;-;2.00;1.00;1;-;-;1.00;10.00;8.00;80 %;-;-;-;-;-;-;-;-;1.00;0.12;0.88;-;-;5.00;-;-;3.00;-;-;-;-;-;-;-;-;-;-;-
Константин Кучаев;ЦСКА Москва;-;13;ЗП ПЦ;-;-;-;-;-;-;1.00;-;-;-;-;-;-;-;-;-;6.00;100 %;-;-;-;-;1.00;100 %;-;-;-;-;-;-;-;-;-;-;-;1.00;-;-;2.00;0 %;2.00;0 %;-;-;-;-;-;-;-;-;-;-;1.00;-;1;-;-;1.00;9.00;7.00;78 %;-;-;-;-;-;-;-;-;0.14;0.33;-0.19;-;-;6.00;-;-;1.00;-;-;-;-;-;-;-;-;-;-;-
Нене Би Хуниор Нене Хуниор Жбамбле;ФК Ахмат;191;13;АП П;-;-;-;-;-;-;-;-;-;-;-;-;-;-;-;-;4.00;100 %;-;-;-;-;-;-;-;-;-;-;-;-;-;-;1.00;-;-;-;-;2.00;3.00;33 %;2.00;50 %;1.00;0 %;-;-;-;-;-;-;-;-;1.00;-;1;-;-;1.00;10.00;8.00;80 %;-;-;-;-;-;-;-;-;0.49;0.52;-0.03;-;-;4.00;-;-;-;-;-;-;-;1.00;1.00;-;-;-;-;-
Владислав Шитов;Крылья Советов;246;13;Ф ЛЦ;1.00;-;1.00;1.00;100 %;-;-;-;-;-;1.00;-;-;1.00;1.00;0.55;4.00;25 %;-;-;-;-;1.00;0 %;-;-;-;-;-;-;-;-;2.00;-;-;-;-;-;5.00;60 %;1.00;100 %;4.00;50 %;1.00;0 %;1.00;100 %;1.00;100 %;1.00;100 %;-;1.00;1;-;-;1.00;11.00;6.00;55 %;100 %;-;-;-;-;0.55;0.55;1.82;1.00;0.12;0.88;-;-;1.00;-;-;-;-;-;-;-;3.00;1.00;2.00;-;1.00;1.00;1.00
Илья Агапов;ЦСКА Москва;202;12;З ЛЦ;-;-;-;-;-;-;-;-;-;-;-;-;-;-;-;-;9.00;78 %;-;-;-;-;1.00;0 %;1.00;100 %;-;-;-;-;-;-;2.00;-;-;1.00;-;-;-;-;-;-;-;-;-;-;-;-;-;-;-;-;-;2.00;1;1.00;1.00;-;11.00;9.00;82 %;-;-;-;-;-;-;-;-;0.02;0.06;-0.04;-;-;7.00;-;-;-;1.00;-;-;-;-;-;-;-;-;-;-
Данил Аносов;Сочи;-;10;АП Л;-;-;-;-;-;-;-;1.00;-;-;-;-;-;-;-;-;5.00;80 %;-;-;-;-;1.00;0 %;-;-;-;-;1.00;0 %;-;-;1.00;-;-;-;-;-;3.00;100 %;-;-;3.00;100 %;-;-;2.00;100 %;1.00;100 %;-;-;-;-;1;-;-;1.00;8.00;7.00;88 %;-;-;-;-;-;-;-;-;-;-;-;-;-;4.00;-;-;-;-;-;-;-;3.00;-;3.00;-;2.00;1.00;-
Джимми Марин;Оренбург;-;10;П Л;-;-;-;-;-;-;-;1.00;-;-;-;-;-;-;-;-;2.00;100 %;-;-;-;-;-;-;-;-;-;-;-;-;-;-;-;-;-;-;-;-;1.00;0 %;-;-;1.00;0 %;-;-;-;-;-;-;-;-;-;-;1;-;-;1.00;3.00;2.00;67 %;-;-;-;-;-;-;-;-;0.39;0.44;-0.05;0.07;0.07;2.00;-;-;-;-;-;-;-;-;-;-;-;-;-;-
Марио Митай;Локомотив Москва;-;9;АП П;-;-;-;-;-;-;-;-;-;-;-;-;-;-;-;-;3.00;100 %;-;-;-;-;1.00;100 %;-;-;-;-;1.00;100 %;-;-;-;-;-;-;-;-;1.00;0 %;1.00;0 %;-;-;-;-;-;-;-;-;-;-;-;-;1;-;-;1.00;4.00;3.00;75 %;-;-;-;-;-;-;-;-;0.04;-;0.04;-;-;3.00;-;-;1.00;-;-;1.00;-;-;-;-;-;-;-;-
Марио Фернандес;Зенит;-;8;ЗП П;-;-;-;-;-;-;-;-;-;-;-;-;-;-;-;-;3.00;33 %;-;-;-;-;1.00;0 %;-;-;-;-;1.00;100 %;-;-;1.00;-;-;-;-;-;4.00;75 %;3.00;67 %;1.00;100 %;1.00;100 %;-;-;-;-;2.00;50 %;1.00;-;1;1.00;1.00;-;8.00;5.00;63 %;-;-;-;-;-;-;-;-;0.16;0.16;0.00;-;-;1.00;-;-;-;-;-;1.00;-;3.00;2.00;1.00;1.00;-;-;1.00
Егор Карпицкий;Крылья Советов;-;7;Ф ПЦ;-;-;1.00;-;0 %;-;1.00;-;-;-;-;-;-;1.00;-;0.45;-;-;-;-;-;-;-;-;-;-;-;-;-;-;-;-;2.00;-;-;-;-;-;4.00;25 %;1.00;0 %;3.00;33 %;2.00;50 %;1.00;0 %;-;-;1.00;0 %;-;-;1;-;-;1.00;5.00;1.00;20 %;0 %;1.00;-;-;-;0.45;-;0.00;1.00;0.12;0.88;-;-;-;-;-;-;-;-;-;-;1.00;-;1.00;1.00;-;-;-
Мозес Давид Кобнан Давид;ФК Краснодар;-;5;АП П;-;-;-;-;-;-;-;-;-;-;-;-;-;-;-;-;-;-;-;-;-;-;-;-;-;-;-;-;-;-;-;-;1.00;-;-;-;-;-;3.00;0 %;2.00;0 %;1.00;0 %;-;-;-;-;-;-;-;-;1.00;-;1;-;-;1.00;4.00;1.00;25 %;-;-;-;-;-;-;-;-;-;0.05;-0.05;-;-;-;-;-;-;-;-;-;-;-;-;-;-;-;-;-
Антон Заболотный;ЦСКА Москва;-;5;Ф Ц;-;-;1.00;-;0 %;-;-;-;-;-;-;-;-;-;-;-;2.00;0 %;-;-;-;-;-;-;-;-;-;-;-;-;-;-;1.00;1.00;-;-;-;-;2.00;0 %;1.00;0 %;1.00;0 %;1.00;0 %;-;-;-;-;-;-;-;1.00;1;-;-;1.00;5.00;1.00;20 %;-;-;-;-;-;-;-;-;0.01;0.33;-0.32;-;-;-;-;-;-;-;-;-;-;-;-;-;-;-;-;-
Сергей Брызгалов;Факел Воронеж;-;4;З Ц;-;-;-;-;-;-;-;-;-;-;-;-;-;-;-;-;1.00;100 %;-;-;-;-;-;-;-;-;-;-;-;-;-;-;-;-;-;1.00;-;-;1.00;100 %;1.00;100 %;-;-;1.00;100 %;-;-;-;-;-;-;1.00;-;1;-;-;1.00;3.00;3.00;100 %;-;-;-;-;-;-;-;-;-;-;-;-;-;1.00;-;-;-;-;-;-;-;1.00;1.00;-;1.00;-;-;-